text,label
nan maga ge lali song wake up song ella nu e song agide,1
super movie love madabardu guruuu,1
dboss murkha abhimani galu,3
shetty lo beedhi soole magane nin prakarane belsbeku annodidre nim kade maado yakshagaana,2
raktha rathri yakshagana nodi maryare,0
raj ninu thika muchho lo yeno artha aythu ninge ಕಾಮೆಂಟ್ಸ್ ಓದೋದು ಕಲಿ,2
nikistark x promotion chennagi idrunu bere language ge jaathi priority kodtare nam state li kannada movie ge support madalla distributors,4
appu boss kade enda asn movie ge full support edhe,0
ಶೆಟ್ರೇ ಸಿಗ್ನೇಚರ್ ಸ್ಟೆಪ್ ಮ್ಯಾಜಿಕಲ್ ಕಂಪೋಸ್ ಮತ್ತೊಮ್ಮೆ ಅಜನೀಶ್ ಲೋಕನಾಥ್ ಮಾಸ್ ಎಲಿಮೆಂಟಿನಾ ಈ ಹಾಡು ಬಹಳ ತುಂಬಾ ದಿನದ ಮೇಲೇ ಮತ್ತೆ ಮತ್ತೆ ಹಾಕಿ ಕೇಳಿದೆ ಹಾಡಿನಲ್ಲಿರುವ ಸಾಹಿತ್ಯದಂತೆ ಅವನೆ ಶ್ರೀಮನ್ನಾರಯಣ ಚರಿತ್ರೆ ಸೃಷ್ಟಿಸುವ ಅವತಾರವಾಗಲಿ,0
ಕನ್ನಡವನ್ನು ಇನ್ನೊಂದು ಹಂತಕ್ಕೆ ಕೊಂಡೊಯ್ಯುವುದರಲ್ಲಿ ಸಂದೇಹವೇ ಇಲ್ಲ nರಶ್ಮಿಕ ಕಕ್ಕ ಅವರೇ ನೋಡಿ ಉರ್ಕೊಳ್ಳಿ,4
manju manju ಅದು ಒಂದ್ ಪದ ಬಿಟ್ಟು ನೋಡು,0
pogaru barthide wait madi guru,1
song hosa tara feel kodute,0
copy from vivek bindra,5
sir pls i request bgm for band master,5
bro iverella made in china,0
game name pls bro,5
love u boss,5
smile madalu nodi joking vdo,5
ಮುಚ್ಚಲೇ ಆ ತುಲುಗು ನವರಿಗೆ ಹುಟ್ಟಿರೋರ್ ಥರ ಯಾವಾಗಲೂ ಸೌಂದರ್ಯ ಸೊಬಗುಲಿ ಅವರದ್ದೆ ಹಾಕಿರುತ್ತಾರೆ ರಾಜ್ ಕಮಲ್ ಒಂದ್ರಲ್ಲೆ ಕನ್ನಡ ಹಾಕೋದು,3
instagram ali share madi avlna tag madi e math helu bro,0
super guru ugudre e thara ugibek moka oruskolaku gap kodbardu guru,1
karthiks reddy ನಿಮ್ಮ ಉತ್ತರ ಆಂಗ್ಲ ಭಾಷೆಯಲ್ಲಿ ಇಲ್ವಾ ಅದೇ ಥರಾ,0
idu remake alla kanappa,0
ಕೇಳಲು ಇಷ್ಟ ಆದರೆ ಇದು ನಿಜ ಅಲ್ಲ ಅನಿಸುತ್ತೆ ನನ್ನ ಪ್ರಕಾರ,1
hagadare kaleyugaku antya edhe antha aytu ero ast dina enjoy madkond erbekappa,1
sathya na guru,0
en edit madidya guru,0
lol darahan fans talking about quality,3
idu charitre srutsiro song,0
ಕನ್ನಡ ಚಿತ್ರರಂಗದ ಜೂನಿಯರ್ ಶಂಕರ್ ನಾಗ್ ರಕ್ಷಿತ್ ಶೆಟ್ಟಿ ಅವರ ಕನ್ನಡ ಚಿತ್ರರಂಗವನ್ನು ಉನ್ನತ ಮಟ್ಟಕ್ಕೆ ವಯುತಾರೇ,0
ಚರಿತ್ರೆ ಸೃಷ್ಟಿಸೋ ಅವತಾರಾ nlove you boss,0
hindi version elli ide guru,0
ఉత తర ప రద శ న చ అ,5
shivu m hikkangutti v,1
100 days pakka annoru like madi,0
രക്ഷിത് ഷെട്ടി കേരള ഫാൻസ്nrakshit shetty kerala fans,3
gowda ಧನ್ಯವಾದ,0
naanu ollevarige mathra olle comments madtini sir ninnanta olle vektige ollede agutte sir shankar sir nimmanta seniors namage inspiration sir haage kuda anchor kuda super neevu kuda naanu mecchida anchor neevu,0
ತೊಗರಿ ತಿಪ್ಪ ಸ್ಟೋರಿ ಹಿಂದೆ ಟೇಪ್ ರೆಕಾರ್ಡನಲ್ಲಿ ಕ್ಯಾಸೆಟ್ ಹಾಕಿ ಕೇಳಿದ ನೆನಪನ್ನು ಮರುಕಳಿಸಿದ ಅಶ್ವೀನಿ ಆಡಿಯೋದವರಿಗೆ ಧನ್ಯವಾದಗಳು,0
tik tok nan shaaataaaaa,4
intha olle video nu dislike madiroru yentha kachada nanmaklirbeku,3
tik tok nan shaaataaaaa,4
monster_kannada ಲೋ ಬೀದಿ ಸೂಳೆ ಮಗನೆ ನಿಂಗೆ ಅಷ್ಟು ತಾಕತ್ ಇದ್ರೆ ನೀನು ಒಬ್ನೆ ಅಪ್ಪನಿಗೆ ಹುಟ್ಟಿದ್ರೆ ನೀನ್ ಹೇಳೋ ನಿನ್ ತುಣ್ಣೆ ನಿಂಗೆ ಗಟ್ಟಿಗೆ ನಿಂತಿದ್ರೆ ನನ್ ಅಡ್ರೆಸ್ ಕೊಡ್ತೀನಿ ಬಾರೋ ಪಾರ್ಥಸಾರಥಿ,2
first karnataka dalli tamil and telugu cinema galile bedike kadime agbeku avarinda ne nam kannadakke e paristithi,1
hai gaya husharaytha,0
excellent song,5
ಈ ಹಾಳಾದ ಕೋರೋನ ವೈರಸ್ ಬಂದು ದಿಯಾ ಲವ್ ಮಾಕಟೈಲ್ ಚಿತ್ರಗಳಿಗೆ ತುಂಬಾ ನಷ್ಟ ಉಂಟಾಗಿದೆ but don t worry u get best reviews all the best for ur nxt movies,4
hegde super joke,5
guru super,0
how u told nivu heg heltiya bro,0
next part madi,0
ಓಂಕಾರ ವಿಶ್ವ ರೂಪಯಾ ನಮಃ,0
dis like madirorige shradaanjali,3
hindi song release madilavaa,0
guru nin yelli adru tagondi roast madodu bidbeda ninge bekadre kaalige biltini,0
yes super bro,5
super sir ನಾವು ಚಿಕ್ಕವರಿದ್ದಾಗ ನಮ್ಮ ಕುಟುಂಬದವರು ಎಲ್ಲರೂ ಸೇರಿ ಕೇಳುತ್ತಿದ್ದೆವು ನಮ್ಮ ಅಪ್ಪನ ಅಚ್ಚುಮೆಚ್ಚಿನ ಹಾಸ್ಯ ಕಾರ್ಯಕ್ರಮ ಇದು,0
nice song i like,0
sak sak thika muchrole aathara career change yenagalla laude nan makla hog kelsa nodi,3
bladey piracy madidara yallaru alli node status hakidara movie yalli theatre alli yar nodatara first telegram ban madabaku,3
bro yaarnu bidbedi tiktok uninstall aagovargu rost maadi prathiyobrunnu,3
comedy aggie nodorige comedy nee,4
kannada and even tamil super,5
sir nam deshadalli political sari erbeku jati beda elde balbeku avaga devolop agbhdu,0
en guru song nhowdoo huliyaaaa,0
ಸೂಪರ್ ಸಾಂಗ್,0
super bro well video for tiktoker,5
ನೀನು ಗೆದ್ದೆ ಬಿಡು ಗುರು,0
ಇದು ಚರಿತ್ರೆ ಸೃಷ್ಟಿಸೂ ಕನ್ನಡದ ಸಿನಿಮಾ ಆಗುತ್ತೆ ಆಲ್ ದ ಬೆಸ್ಟ್ from d boss fans,0
ಇದು ಚರಿತ್ರೆ ಸ್ರೃಷ್ಟಿಸೋ ಹಾಡು super super super,0
d boss fans ಕಡೆಯಿಂದ ಆಲ್ di best,0
gowda lo tukali,2
kudla kannadadalli nodi kannada version views jaasti maadi,0
super assam video posted dud,5
1 4k dislikes from rashmika fans may be,3
ನನ್ನ ಬಂದುಗಳೆ ಒಂದನ್ನು ನಾವು ತಿಳಿಲೇಬೇಕಾದ ಅವಶ್ಯಕತೆ ಇದೆ ಅದು ಏನಂದ್ರೆ ಮೊದಲಿಗೆ ಮನುಷ್ಯನಲ್ಲಿ ಅಥವಾ ಸಮುದಾಯದಲ್ಲಿ ಅಥವಾ ಒಂದು ದೇಶಕ್ಕೆ ನಾನು ದೊಡ್ಡವನು ಎಂಬ ಭಾವನೆ ಬಂದುಬಿಟ್ಟರೆ ಅದು ಕೇವಲ 200 ಅಥವಾ 300 ವರ್ಷಗಳಲ್ಲಿ ತನ್ನ ಸರ್ವನಾಶ ಮಾಡಿಕೊಂಡು ಬಿಡುತ್ತೆ ಯಾಕೆ ಅಂದ್ರೆ ನೀವು ಇತಿಹಾಸ ನೋಡಿದಾಗ ಮನುಷ್ಯನಲ್ಲಿ ಒಂದು ಆಸೆ ಬರೋದು ಸಹಜ ನಾನು ಎಲ್ಲರಿಗಿಂತ ದೊಡ್ಡವನಾಗಿ ಇರಬೇಕು ಬೇರೆಯವರಿಗಿಂತ ಎತ್ತರಕ್ಕೆ ಬೇಳಿಬೇಕು ಎಂದು ಇದೆ ಭಾವನೆ 1200 ವರ್ಷಗಳ ಹಿಂದೆ ಅರಬ್ ದೇಶದ ಮುಸ್ಲೀಂ ಧರ್ಮದ ಜನರಲ್ಲಿ ಬಂದು ಅಂದಿನ ಹಿಂದೂಗಳ ದೇಶವಾದಂತ ಭಾರತ,0
hands up,5
suspense movie good kannada,0
yaar guru idnu kooda dislike maadidare,1
ha nam manegu bandiida,1
heart touching comment nne kelsa aagbeku,0
amazon prime li sigtide,0
rumble story ge ee song relevantag idya nee song bekagitta anta,1
wonderful movie,5
kulkarni ನೀವು ಹೇಳೋದಕ್ಕೂ ದೇಶದ ಅಭಿವೃದ್ಧಿಗೂ ಸ್ವಲ್ಪನೂ ಸಂಬಂಧವಿಲ್ಲ ನನ್ನ ಪ್ರಕಾರ ಭ್ರಷ್ಟಾಚಾರ ನಿರ್ಮೂಲನೆ ಆಗಬೇಕು,0
kelly kannada da bagge sumne matadidre includes people too adu namgu naatutte,1
naik ninigeno tika uri kothi tunnege huttidone tika muchkond irbeku ashte,0
ಕಥೆ ಸರಿಯಾಗಿ ತಿಳಿದುಕೊಳ್ಳಿ please don t worng guide ಅಶ್ವತ್ತಾಮ ಶಿವನ ಅವತಾರ ಇಂದ್ರನಲ್ಲಿ ಸುಳ್ಳು ಹೇಳಿದಕ್ಕಾಗಿ ಭೂಮಿಯಲ್ಲಿ ದೀರ್ಘ ಕಾಲಿ ಯಾಗಿ ಅವತಾರಿಡಿದರು ಅಷ್ಟೇ ಕೃಷ್ಣ ಅವರಿಗೆ ಶಪಿಸಲಿಲ್ಲ,3
ನನಗೆ ನಿನ್ನೆ ಕಥೆ ಹೇಳಿದರು ಒಬ್ಬರು ಅದಕ್ಕೆ ವಿಡಿಯೋ ನೆನಪು ಆಯಿತು ಸುಪರ್ ಇವನ ಊರು ಶಿಗ್ಗ್ಲಿ,0
c lol antarjati vivaha adre caste fear iralla nanu a caste e caste anta vote hakkala yalla mixed hagirtare sariyadavrge vote haktare jailge hogibandavrge hakkala,0
superb song,0
ನಾರಾಯಣ ಸಂತ ಅವರ ಮಹಾಭಾರತದ ಪುಸ್ತಕದ ಮಾಹಿತಿ ಕಳುಹಿಸಿ,0
hauda angadre hogi avn tunne unnu,1
le ganduntikamucchunnee tara worst song nin kayalli madakke agutta,4
sar bedi duty madali taraget miss agote,0
super anna super creative kannadiga,0
ಏನ್ ಹೇಳಿದಿ ಗುರೂ ಸೂಪರ್ ಬಾಸ್n,0
ಅಪ್ಪು ಫ್ಯಾನ್ಸ್ ಲೈಕ್ ಹಿಮ್,0
ಚಂದನ್ ಶೆಟ್ಟಿ ಟ್ರೊಲ್ ವಿಡಿಯೋ ನೀವು ನೋಡಿ ನೆಗಡ್ಡೆ ಇದ್ರೆ ನಾವ್ ಗ್ಯಾರಂಟಿ,0
ishta aytu shetre,0
ha sir kanada movie nam janane nodthaila,4
babu sule magne,2
r r madar,5
bro valledu yarigu bega kaansodilla,0
2k dislikes rashmika maandanna fanss,2
hands up english alva,0
first karnataka dalli tamil and telugu cinema galile bedike kadime agbeku avarinda ne nam kannadakke e paristithi,1
akki studio please all over karnatakadalli 150 theater alli re release maadodakke heli diya movie annu,0
sari guru nan rc nodod irli ninu illi bandiro cmnts nodu ninge gotthagutthe,2
ನಿಜಕೂ ಈದು ಆಚರಿನೇ,1
shetty bhatkal bro nanna friend manju film industrynalli iddane namma urinavre nanna friend nanna contactnalli iddne script matadiddeve ottige seri discuss madona,0
i am kiccha fans super song,0
ಕನ್ನಡದಲ್ಲಿ ಹೊಸ ಪ್ರಯತ್ನಕ್ಕೆ ಒಳ್ಳೆದಾಗಲಿ,0
i m uttar karnataka love janapda,0
pakka charitre srustisooo avataara,0
ಕಲರ್ ಫುಲ್ ಆಗಿದೆ,0
osm,5
en heldhe guru,0
ಸಾಮಾನ್ಯ ಮನುಷ್ಯ ಶಂಕರ್ ಸರ್ ನಮಗೆ ನೀವು ಮಾದರಿ,0
super d boss fans like,0
t b irli bido ningen helilvalla,0
jai d boss,5
bgm super ide ಶೆಟ್ರೇ,0
love u rakshita shetty,5
osm voice sir,0
o my god supero super,5
medegar ಅಲ್ಲಿ ಕೂಡ ಕೆಲಸ ನಡೆಯುತ್ತಿದೆ,0
super i m so happy,5
nam karnatakdallu bandidru yavno huchha andkond nodoke hogilla,2
very amazing song,0
ಅವನಿಗೆ ಕನ್ನಡ ಭಾಷೆ ಬರುತಿತ್ತ,0
ಸಾರ್nಸಾವಿರ ರಾಜಕೀಯ ಪಕ್ಷ ಕಾಂಗ್ರೆಸ್ ಬಿಟ್ರೆ ಬೇರೆ ರಾಜಕೀಯ ಪಕ್ಷದ ಅಜೆಂಡಾ ಏನು nಅಧಿಕಾರಕ್ಕೆ ಬಂದ ಮೇಲೆ ಸಾಧನೆ ಏನು nಆದ್ರೂ ಅಜೆಂಡ್ ಇಲ್ಲದ ಪಕ್ಷ ಗಳ ನ್ನೂn1947 ರಿಂದ ಬೆಂಬಲಿಸಿ ದ್ದಿವಿ nಕಳೇದ 4,0
super duper love you,5
super movie,0
jevanada sathya harithiruva jnani,0
miss u hindi song,5
good msg man,5
ಯುದ್ಧ ಮಾಡಬೇಕು ಓದಬಾರದು ಕಟುಕರ ಮುಂದೆ ಭಗವದ್ಗೀತೆ ಎಂತಹ ಸಾಲುಗಳು,0
super movie sir,5
ಮೊದಲು ನೀನು ಧರ್ಮದ ಬಾಗೆ ನಿನಗೆಸತು ಗೊತ್ತು ಹೆಲ್ಲು,0
spr bro,5
namdu mind set hege andre,1
nija heludre heege,2
such a nice bro,5
ಚಂದನ್ ಶೆಟ್ಟಿ ಟ್ರೊಲ್ ವಿಡಿಯೋ ನೀವು ನೋಡಿ ನೆಗಡ್ಡೆ ಇದ್ರೆ ನಾವ್ ಗ್ಯಾರಂಟಿ,0
ur right i felt same super meaningful song,5
ಬೇಡಾ ಈ ಕಚಡ ಶೋ ಗೇ ಬರೋದು ಬೇಡಾ ಸರ್,1
yen huru helidiri super,0
ayyo vishal movie remake guru idu,3
sir nimma ph no kodi sir trip eruvaga nimma cab joteyali hogtivi nimmaantvaru chanagierabeku n yela snhytru adstu evar cab book madi ethara madidre swalppa helf agbwdu friend s gn,0
nivu deshada ella moole moole bidade suttidira avaru hagella sikka sikka varigella kanisikolluvudilla,2
super togari tipa,5
supar love,0
ಹೋದರೆ ಹೋಗ್ಲಿ ಬಿಡಿ ರಶ್ಮಿಕ ಅವಳೇನು ತ್ರಿಪುರ ಸುಂದರಿನಾ ಬಿಟ್ಟಾಕಿ,2
ನಮ್ಮ ಉರೀನ ಟ್ಯಾಲಂಟ,0
idu beku guru china soole maklige innu kodu guru superrrr guru,4
asn release in nkannada dec 27ntelugu jan 1stntamil malayalam jan 3rdnhindi jan16thnnastaralli ella mobile nalli nodi mugsirtaare aaga release maadi aden record create maadtaro n300 koti beku anta tweet maadidre saaladu ondu cinemana janagalige yav reethi talupisodu anta gottirbeku kurukshetra ide reethi promotion ilde haalagi hoytu innoo idunnoo hange maadtidaare,1
ivaribbarde daralli ellrigu ista agodu,0
rakshith shettynrishab shetty nfans hit like here,5
ಿಚ್ಚನ ಹಾವಳಿ o reviews chennagiddru movie odlilla yakkapa other lamguagalli,0
yavdu nodtidira adar bagge aste madi adu bittu avara fan ivara fan ninda all the best anta bogalbedi,3
ivrantu un install madalla sulemaklu avrna following madtiro nayigalige buddi barbeku modlu nam india dalliro inta nayigala kathe ne istu deshad bagge yenadru gottidre tane tiktok nalli bandu motivation helo ivlige deshad bagge keladre yenu gottiralla guru ivakke avar maneli bodig bittidare avalna navadru enmadokagatte,1
ತುಂಬಾನೇ feel ಅಗ್ತಿದೆ,0
super move,0
lockdown mugili relise madi bartivi sir,0
super super song you happy,0
mathondu video edre haki,0
hen music guru,5
bai rakshith avri nan msg nodudri yargu agllilla aa thukali dagarna madvi madkolak hogbedi,2
ಅದ್ಬುತ ಕಲೆ ಸಾಹಿತ್ಯ ಸಂಗೀತ ಗಾಯನ,0
hidden details in trailer of asnn,5
nija helbekandre ee song yako sync aagtilla movie trailer type ge,4
sudeep du olle movies innu idave nnphantom,0
love you anna,5
frickin ear worm of a song ppa pa ba ppa pa pa pa pa pa,5
vinu ಇವ್ನು ಯಾರ್ ಗುರು ನಂದೆಲ್ಲಿ ಇಡ್ಲಿ ಅಂತವ್ನೆ,1
all d best frm appu boys,5
en super helidya bro innu eno beku,0
kelly kannada da bagge sumne matadidre includes people too adu namgu naatutte,1
dabba movie annoru like maadi,4
hindi me kab aayga,5
woooooooowwwwwwoooooooowwwwooo rakshith shetty bro,5
tiktok ban agirodrida tiktok madtidrala avr family avrig kushi agirute tumba deena ivr mada nodi sakagitu,0
ulti music suuuper,0
song is amazing,5
thanks ellakade link sher madi ntukali kushmikage hattiro kobbanna elisi,4
kichcha boss fans,5
ಇವರ ಸಿನಿಮಾದಲ್ಲಿ ಸಂಸ್ಕೃತಿ ಎದ್ದು ಕಾಣುತ್ತೆ,0
ade allu arjun songs 180 veiws ide adare nam songs 20 million saku bereyavarana belesidhu nav beleyona common kannadigas,0
yella ok iee aroygyake hankaraka bidi yake,1
god bless you sir,5
super toogari tipppa,0
niv supper boss,0
yan helidiya guru,0
34 m v,5
boss mania nanag gottu bido childnnpailwaan flop,0
game name henu bro,0
ತೊಗರಿ ಅಭಿವೃದ್ಧಿ ನಿಗಮದ ವ್ಯವಸ್ಥಾಪಕ ನಿರ್ದೇಶಕರಿಗೆ,0
hlo bro even i uninstalled at stupid app,4
edu muda nabike nama jana enu betela,4
nayak nayakru suel maklu,2
le bindu naayi phone all radi togonda aaytha avarge adara laba sikatu aadare tik tok end dinaa avarage laba baratte enna mele yaava vastu togo beda china vastu ninu togo beda naana antu tiragi nodalla ni ale tuu,2
super ತೊಗರಿ ತಿಪ್ಪ,0
nrj l,5
ಚಂದನ್ ಶೆಟ್ಟಿ ಟ್ರೊಲ್ ವಿಡಿಯೋ ನೀವು ನೋಡಿ ನೆಗಡ್ಡೆ ಇದ್ರೆ ನಾವ್ ಗ್ಯಾರಂಟಿ,0
last dialog,5
all the best from ಸ್ವಾಭಿಮಾನಿ ಕನ್ನಡಿಗರ ವೇದಿಕೆ,0
video nodidare bhaya agutthe,3
mutturaj melageri ಸೂಪರ್,0
who hate rashmika mandana like heare,5
ಅದ್ಬುತವಾದ ಮಾತುಗಳು ಆಡಿದಿರಿ ನೀವು mast maga ni best maga,0
udv but story line seems different,0
dubb full movie in telugu,0
ದೇಶಧ್ರೋಹಿಗಳು ಡಿಸ್ ಲೈಕ್ ಮಾಡಿದರೆ ನೀವು ನಿಜವಾದ ದೇಶ ದ್ರೋಹಿಗಳು ನಾಚಿಕೆ ಆಗಬೇಕು ನಿಮ್ಮ ಜನ್ಮಕ್ಕೆ ಇಂತಹ ಅದ್ಭುತವಾದ ವಿಡಿಯೋ ಗಳಿಗೂ ಡಿಸ್ ಲೈಕ್ ಮಾಡಿದ್ರಲ್ಲ ನಿಮಗೆ ನಾಚಿಕೆ ಆಗಲ್ವಾ,3
nam kannada industry yav industry gu kadime illa maaraya,0
ಬದುಕು ಒಂದೊಂದ್ ಸಾರಿ ಇಷ್ಟೊಂದು ಕ್ರೂರಿ ಆಗುತ್ತಾ ಅನ್ಸುತ್ತೆ,0
ಒಂದು ಶಿಕಾರಿಯ ಕಥೆ ಆಗದೆ ಇರಲಿ ಪ್ರೇಕ್ಷಕರಿಗೆ ವ್ಯಥೆ nಜೈ ಕನ್ನಡ,0
parthasarathi ನಂದಿನಿ ನಿಮ್ಮ ಅಪ್ಪ ನಾಮರ್ದ ಅಂತೇ ಹೌದೇನೇ,2
avra manelli yavagadru hoddu sayisudre gottagutte kittod nan maklige tik tok yak ban madbeku andorge saryagelidira bro,3
hands up super song,0
ದಿಯಾ ಅದ್ಭುತ ಚಿತ್ರ ನನ್ನ ಪ್ರಕಾರ ಯಾಕೆ ಈ ಚಿತ್ರ ಸಿನೆಮಾದಲ್ಲಿ ಓಡಿಲ್ಲಾ ಅಂತ ನನ್ನ ಅನಿಸಿಕೆ ಹೇಳುತ್ತೇನೆ,0
super vp sir,0
yen guru ulty 1 number,0
aadu nane broo soul naa replacement maddee bere body gee antha aansthidee,4
ನೈಸ್ ಚಿತ್ರ ಅವನೇ ಶ್ರೀ ಮಾನ್ ನಾರಾಯಣ ಸೂಪರ್ ರಕ್ಷಿತ್ ಶೆಟ್ಟಿ,0
i love it,0
1 8k dis likesn ನಂಗೆ ಅನ್ಸುತ್ತೆ ಇವ್ರೆಲ್ಲಾ ರಶ್ಮಿಕ ಮಂದಣ್ಣನ ಫ್ಯಾನ್ಸ್ ಅಂತ,3
super bro,5
96 film tamil alli blockbuster gultoo,0
r all p,5
d boss fan kanda adhu bale alla kadga yeshte adru d boss obba g avne ge bari local gare kelsdavru,2
s a aw in km m km kmnnmn mn on,5
unique tune ade thamte,1
i big big fan of dia,5
325k likes,5
munira nice songs,0
ಸೋಮಣ್ಣ ಸರ್ ಮತ್ತೊಮ್ಮೆ ಅಭಿನಂದನೆಗಳು ಇವರು ಸಮಾಜಕ್ಕೆ ಒಂದು ಮಾದರಿ ತಾನು ಮಾಡುವ ಕಾರ್ಯದಲ್ಲಿ ಇರುವ ಹೆಮ್ಮೆ,0
akbar hello srk athava salman khan fan ninge race 3 ne sari nnnnsuper story alvaa race 3,0
anna super anna nivu nivu ondu samajakke seve hagu deshavannu ulisalu ondu sangavannu katti navu nimmannu bembalisuteve,0
super hands up,0
ನೀವ್ ಹೇಳೋದ್ರಲ್ಲಿ ಏನು ತಪ್ಪಿಲ್ಲ ಬ್ರದರ್,0
u r great sir ಶ್ರಮ ಜೀವಿ,0
kumar h teggin,5
ಸ್ವಾಭಿಮಾನ ಇಲ್ಲಾದವರು,1
namma deshanu china thara aitu andre badatanane erala sir,3
alagi hogali bidu,1
dia u ಖುಷಿ,0
hindi me kab release karo ge,5
ಪ್ರಪಂಚವನ್ನೇ ನಡುಗಿಸುತ್ತಿರುವ ಉಗ್ರವಾದ ಕರೋನಾಗೆ ಶಾಕ್ nರೂ 50,4
ಪ್ರೀತಿಗೋಸ್ಕರ ಪ್ರಾಣನೆ ಬಿಡ್ತಾರೆ,4
anjali devi hi,5
v ನಾನು ಅಷ್ಟೇ ಯಶ್ ಫ್ಯಾನ್,0
diya swarupavannu nodi gadgadithanadee,0
e video nodi namma desha e stiti nodi bejar aytu nbangarada akki agidda bharatakke e paristi barabaradittu,4
2019 ರಲ್ಲಿ ಈ ಕಥೆ ಯಾರ್ ಯಾರ್ ಕೇಳಿರೆಪಾ,0
idu charitre srushtiso avataara,0
ಮ್ಯೂಸಿಕ್ ತುಂಬಾ estaaythu bro,0
appu fans yellaru nimma movie nodthivi,0
so nice,5
ನೀವು ತುಂಬಾ ಸ್ವಾಭಿಮಾನದ ವ್ಯಕ್ತಿ ಶುಭಾಶಯಗಳು,0
super music,5
brother bindu gowda du tik tok ban hagirodhru bagge matadidhalala adur bagge video madi n love you u r channel,0
ee video dalli play agiro game yavdu,0
ಅದ್ಭುತ ಹಾಡು,0
ಮೊಬೈಲ್ ಅಲ್ಲಿ ಮೂವೀ ನ ಬಿಟ್ಟಿದ್ದಾರೆ ಥಿಯೇಟರ್ ಗೆ ಯಾರ್ ಬರ್ತಾರೆ ನಾನ್ ಮೊಬೈಲ್ ಅಲ್ಲೇ 2 ಟೈಮ್ ನೋಡ್ದೆ,1
anyone from kerala here,5
pu kannada bhashe sanskrit bhasheyinda sakastu padagalannu eravalu badige padedukondide aaddarinda anthaha padagalannu balasuvudaralli tappenilla,0
ಚಂದನ್ ಶೆಟ್ಟಿ ಟ್ರೊಲ್ ವಿಡಿಯೋ ನೀವು ನೋಡಿ ನೆಗಡ್ಡೆ ಇದ್ರೆ ನಾವ್ ಗ್ಯಾರಂಟಿ,0
yallo heno aythu anthane alva guru avnu sule maga,2
ಮಹಾಭಾರತದ ಕಾಲದ ಭಾಷೆ ಯಾವುದಾಗಿತು,0
he he he,5
nan film or tv serial producer agidre nimge patra create madi olle sambhavne kottu act mado chance kodtidde,0
akbar nija,5
hands up eddu charitra srustiso avatar a,0
is it omg,5
like 1m,5
one of the unique person,5
100 true sir,5
ultimate hands up,5
ಯುದ್ದ ಮಾಡಬೇಕು ಓದಬಾರದು ಕಟುಕರ ಮುಂದೆ ಭಗವದ್ಗೀತೆ ಇದು ಚರಿತ್ರೆ ಸೃಷ್ಟಿಸೊ ಅವತಾರ,0
paaapa konegu tik tok hoythu nayigal boglod kadme aythu,4
allaru swabimana life evarannu nodi kaliyabeku,0
parthasarathi ನಂದಿನಿ ನಿನ್ ಮಲೆ ಹೀಚುಗ,2
ji d boss i love you d boss,0
diya thumba chennagide ondu olle prayathna movie kone vargu sinimada ondu bhagavagi ondu olle feeling nalli movie na nodthidde but kone seen nijakku ishata aglilla tragidi ishtondu bekitta ellara manisige ishta ada adi na sayisbekitta so last seen nodida thakshna alliyavaregu idda feel pat antha maya agi edenu heeg madudru ansuthe,3
love u vp sir super song super voice rs is a legend love u,5
yellaru nkgf nodeya nalli busy eddare nallobba trending 1 nalli busy edda nnnavane sriman narayana,0
jaa dhinchak pooja ki songs dekh bollywoodiya,4
super guru neenu tiktak sede galige yeneludru arthagalla,4
ಇದು ಚರಿತ್ರೆ ಸೃಷ್ಟಿಸಿದ ಸಾಂಗ,0
super sir,0
ಬಿಂದು ಗೆ ಹೂಡಿ ಮೇಟ್ನಗೆ ಟಿಕ್ಟಾಕ್ ಗೆ ಹುಟ್ಟಿದ್ದುಅನ್ನೂಗೆ ಹೇಳ್ತ್ತಳೆ ಸೂಪರ್ ಗೆ ವಿಡಿಯೋ ಮಾಡಿದ್ದಿಯಾ ಗುರು i love india,2
is it true,5
luv from karnataka,5
ಭಾರತದಲ್ಲಿ ಕಂಪನಿ ಸುರು ಮಾಡಲು ಬಂದ್ರೆ ಸಿಟಿ ಬಿಟ್ಟು ಹಳ್ಳಿಯ ಕಡೆಗೆ ಬರೊದೆ ಇಲ್ಲ nಉತ್ತಮ ಮತ್ತು ವಿಶಾಲ ಪ್ರದೇಶ ಇರೊದು ಹಳ್ಳಿಯಲ್ಲಿ ಮೊದಲು ಅದನ್ನ ಸರ್ಕಾರ ಮಾಡಬೇಕು,0
ನಮ್ಮ ದೇಶದಲ್ಲಿ ಇದ್ದು ನಮ್ಮ ದೇಶದ ಅನ್ನ ತಿಂದು ಬೇರೆ ದೇಶಕ್ಕೆ ಲಾಭ ಮಾಡ್ತಾ ಇದೀರಾ ನಾಚಿಕೆ ಆಗಬೇಕು ಹಿಂತವರಿಗೆ,0
signature steps thumba channagide sir,0
superb sandalwood gentle man,5
e film baari ede ante guru nodle beku,0
anjali devi z,5
plz make in hindi,5
ನಂಗೆ ತುಂಬಾ ಬೇಜರಾಯಿತು ಒಂದು ಒಳ್ಳೆ ಸಿನಿಮಾ ಮಿಸ್ ಮಾಡ್ಕೊಂಡೆ ಅಂತ theater li ನೋಡಬೇಕಿತ್ತು ni feel guilty,0
ಅಲ್ಲಾಉದ್ದೀನ್ ಯಾರು ಸರ್,0
37 m,0
yen guru nam kannada film industry na yellaru seri bere level ge tagondu hogthaa iddare superb music,0
jai d boss,0
bapu biradar t,5
full kdk,5
super performance prju,5
ashvathama nali bandu nimagu meet agtare nivo wait maadi,0
he is like ntr nntr fans support him always nriksht shetty awesome,0
full gichhh madi nod anaa mast,0
hi paramvah music,5
idhu bari bogus,4
ಕಮೂನಿಷ್ಟ ಸರ್ಕಾರವೇ ಒಳ್ಳೆಯದು ಅಲ್ಲಿ ರಾಜಕೀಯ ಇರಲ್ಲ ದೇಶದ ಅಭಿವೃದ್ಧಿ ಒಂದೇ ಗುರಿnನಮ್ಮ ದೇಶದ ಈ ಸ್ಥಿತಿಗೆ ಕಾರಣnn ರಾಜಕಾರಣಿಯರು ನೆಹರೂ ವಂಶಸ್ಥರು,3
different song,5
bro tiktok ban agilla anta helta idare nija na,0
matthomme namma kannada suputhra rks,0
poornima poornima oooooooooooo brami,0
osam ರಕ್ಷಿತ್ ಶೆಟ್ಟಿ,0
supper bro chenngi ugdidira,0
bidu guru vorkolru edri moduke hogudu nlike china nodi navu bega fast hagbekantilva hage,0
stupid fans war ge antha bandre nimmakkan minda naanu samskrutha innu start madilla ninge beku andre helu start madona,2
ನೀವು ಬಾಳ್ವೆ ನಡೆಸುತ್ತಿರುವ ರೀತಿ ತುಂಬಾನೇ ಚೆನ್ನಾಗಿದೆ ನಿಮ್ಮ ಮಾತಿನಲ್ಲಿ ತುಂಬಾ ತೂಕವಿದೆ,0
ಶುಭಾವಾಗಲಿ nಹುಚ್ಚಾ ವೆಂಕಟ ಸೇನೆ ಉಗಂಡಾ,0
wonderfull super amazing song superrrrrrrrr,0
namana kudlada rakshith shetty innu orsbeku rashmikage thu avla janmake,2
super sir,5
super movie bera level kannada industry kodithe bro yellaru miss madthe nodbaku,0
sakath bro,0
shanvi shreevastav bittu bere yav hugiru illa ankondidde,0
i love song i ll supppppr,5
u r super bro,5
kannada movie like,0
full movie upload madri ofter release pls,0
music and bgm sakkat maga,0
ದಿಯಾ ನೀವು ಸೋಷಿಯಲ್ ಮೀಡಿಯಾ ಅಲ್ಲಿ ಕಾಣ್ತಿಲ್ಲ nದಯವಿಟ್ಟು ಪ್ರತಿಕ್ರಿಯಿಸಿ,0
jaanu r9,5
bro u r rebel,5
please support prajakiya,5
ye south indian log hindi walose nafrat krte hai tu kyu itna uchal raha hai kisi south indian movies ke songs trailer pe ja aur comments dekh pta chal jaega,5
ನಾನು ಕೂಡಾ ಫಿದಾ ಆದೆ,0
super super video,5
idu yava game bro,0
i like your content,5
k k balegaara banda nin amman ge bale idsakke dagaar banda nin amman keyyakke soole magne,2
flare gun at 1,5
enu helede guru baidaru kuda paragilla good thingking,0
ಕತೆ ಕತೆಯಾಗಿ ಇರುತ್ತೆ ಇದನ್ನು ನಂಬಲು ಅಸಾದ್ಯ,1
udupi inda yarella bandiddiri,0
meku kannada samajhti ni phr bhi i like it,5
are you from odissa,5
nice song sri super superhit,5
paramvah music inn,5
release in hindi pls,5
ನಾನು ನೋಡಿದ ಸೂಪರ್ ಮೂವಿ ಹೃದಯ ಮುಟ್ಟಿದ ಸಿನಿಮಾ ಬಾವನೆಯ ಸಿನಿಮಾ ಲವ್ ಉ ದಿಯಾ,0
ತೋ ಗರಿ ತಿಪ್ಪಾ ಸೂಪರ,0
anna sakatagi matadidya i like you anna,0
matte comment yaru kettadagi maadbardantha commenters gu warning kottri idella thappe public comment antha irodu adu public opinion nivu yaru nam bagge maathadodakke,1
kelly hinge matad tidre adne madtini,2
sir bermuda triangle bagge video maadi,0
super brooo,5
vitthal ಲೋ ನಿಮ್ಮ ಲುಚ್ಛನ್ ದಬಾಕ್ 3 ದಬಾಕೊತಲ್ಲೊ villian,2
i love you dia,5
ಯಾಕೋ ತುಲ್ಲೇ ತುಲ್ಲಲ್ಲಿ ಕಡಿತಾ ಇದಿಯಾ ಬೋಳಿಮಗನೇ ಬಂದ್ರೆ ತುಲ್ಲರೆ ಹಾಕ್ತಿನಿ ನಿಮ್ಮ ಅವ್ವುನ್ ತುಲ್ಲಿಗೆ,1
kinyaje yen promotion madtare ivaru bengaluru bittu yelladru hogtara promotion madakke ntamil,4
ಡಿ ಬಾಸ್ ಫ್ಯಾನ್ಸ್ ಕಡೆಯಿಂದ ಆಲ್ ದ ಬೆಸ್ಟ್ ಮೂವಿ,0
song starting english quote tegdu kannada dalle iddiddre chennagirtittu,0
yes i am,5
mallad luccha fans nimma luccha suderpdu movie nodo ella flop agtive side actor get fit baavali age eddane balegaara correctagi tindu barlike hell baavali,4
ಯಾರದಿರಿ ನಮ್ಮ ಹುಬ್ಬಳ್ಳಿ ಧಾರವಾಡ ಮಂದಿ,0
i m full addected this song nಇದು ಚರಿತ್ರೆ ಸ್ರಷ್ಠಿಸೊ ಅವತಾರ,0
sorry theaters ge bardiddakke best movie,0
bro e tiktok madovrna modlu thuldu sayisbeku nbari bildup kodo sedegale erodu bvrc galu,4
ನನ್ನ ಪ್ರಕಾರ ಸಿನೆಮಾದ ಹೆಸರಿನ ಬಗ್ಗೆ ಇನ್ನಷ್ಟು ಗಮನ ಹರಿಸಬೇಕಿತ್ತು ಅನ್ನಿಸುತ್ತಿದೆ,3
super your video nice,5
jai d boss,0
super song guru,0
tuu avr sentiment na touch madi kaan neer haksi adana cover photo madi view tagotira,4
r n laxmi mahadev anna thamma janpada super,0
tq kano,0
ಕನ್ನಡಿಗರ ಪವರ್ ಕನ್ನಡಿಗರು ತಾಕತ್ all pan ಮೂವಿ ಕನ್ನಡಿಗರು,0
ean dailag guru,0
ಕಿಚ್ಚನ ಹುಡುಗ್ರು ವತಿಯಿಂದ all the best,0
shivamogga 1000 right,5
ತುಂಬಾ ಚೆನ್ನಾಗಿದೆ ಟ್ರಯ್ಲರ್ ಲುಕ್ ತುಂಬಾ ಚೆನ್ನಾಗಿದೆ ಸೂಪರ್ ಒಳ್ಳೆಯದಾಗಲಿ,0
ಸರ್ ತಂದೆಗೆ ತಕ್ಕ ಮಗ ಸರ್ ನೀವು ಯಾವುದೇ ಆಶದಾಯಕವಾದಿ ಅವಕಾಶವಾದಿಯು ಅಲ್ಲ ನಿಮ್ಮ ತಂದೆಯವರ ಆದರ್ಶಗಳಿಂದ ನನ್ನಂತಹ ಕೊಟ್ಯಾಂತರ ಜನ ಬದುಕು ಕಟ್ಟಿ ಸತ್ಯ ಮಾರ್ಗದಲ್ಲಿ ನಡೆಯುತ್ತಾರೆ ನಿಮಗೆ ಅನಂತ ಕೋಟಿ ಧನ್ಯವಾದಗಳು,0
love from kerala,5
t p iuuuiiuuua12l99iiiikkkjjmddeo01pokksķoo9919kkuuiuluuuuuuľiiii,5
idu charitre srustiso avathara,0
ಸತ್ಯವಾಗಲು ಸರ್ ನನಗೂ ಕೂಡ ಹಾಗೆ ಅನಿಸುತ್ತಿದೆ ಕಂಡಿತ ನಾವು ಈ ಸಿನಿಮಾ ಥಿಯೇಟರ್ ನಲ್ಲಿ ನೋಡಲಿಲ್ಲ ಅನ್ನೋ ಬೇಜಾರು ತುಂಬಾ ಆಗಿದೆ,1
ಸಾಂಗ್ ಪ್ರಮೋಷನ್ ಇಲ್ದೆನೆ 1 ಟ್ರೆಂಡಿಂಗ್ ನಲ್ಲಿದೆ ಇದು ಹೇಗ್ ಸಾಧ್ಯ,0
super pak,5
super song broo,5
bro ee devru yallru india davre na athava india bittu ogallva,4
ಚಂದನ್ ಶೆಟ್ಟಿ ಟ್ರೊಲ್ ವಿಡಿಯೋ ನೀವು ನೋಡಿ ನೆಗಡ್ಡೆ ಇದ್ರೆ ನಾವ್ ಗ್ಯಾರಂಟಿ,0
nim maathugalu thumba esta aaythu sir,0
nav evna nodabahuda,0
ಈ ಹಾಡಿನಲ್ಲಿ ಹೊಸತನ ಇದೆ ಹಾಗೂ ಈ ಹಾಡು ತುಂಬಾ ಚೆನ್ನಾಗಿದೆ,0
hands up,5
ಬ್ರೋ ಅವರು ಗೆ ದೇಶದ ಬಗ್ಗೆ ಅಭಿಮಾನ ಇಲ್ಲಾ ಬಿಡಿ,4
super bro love you,0
bejar adaga nim video nodidre khushi agutte,0
hands up guru,5
super song 100 days pakka,0
kannada industry is next level ivaga yaru alladsak agalla kannada industry na,0
shambu baligar avara maathaduva shaili super,0
ಪ್ರಪಂಚವನ್ನೇ ನಡುಗಿಸುತ್ತಿರುವ ಉಗ್ರವಾದ ಕರೋನಾಗೆ ಶಾಕ್ nರೂ 50,4
ending nalli looti heg sikthu avnge movie nalli thorsode illa,0
ಇಡೀ ಚಿತ್ರ ತಂಡಕ್ಕೆ ಶುಭ ವಾಗಲಿ,0
rakshith nan yakda dboss dabba nan maga,2
yake avru uninstall madak hinde munde nodtidare andre avrige amount bartide ansutte tiktok enda,3
dislike madidorella bevarsi tiktokers thika urkondavre burnol kodrooo,3
super song andre edu,0
i hope ur not a rashmika mandanna fan,5
vaidyo narayano hari,5
super song pakka block buster,5
jai prajvalnjai d boss,0
ಹುಬ್ಬಳ್ಳಿ ಕಿಚ್ಚಾ ಪ್ಯಾನ್ಸ್ ವತಿಯಿಂದ ಒಳ್ಳೆಯದಾಗಲಿ,0
ಟಿಕ್ ಟಾಕ್ ಅಲ್ಲಿ ಇರೋ ನನ್ ಶತ್ರು ಗಳಿಗೆ ಸರಿಯಾಗಿ ಕೊಟ್ಟಿ ಇದೀಯ ಎವರ್ ದೊಡ್ಡ ಸೂ ಗಳು,0
sᴛᴜᴅɪᴏ ᴍᴏᴠɪᴇs boli magane nin appan third a,2
kumar v 404,5
ಕೇಳಿ ಕರುನಾಡ ಬಾಂಧವರೆ,4
anna nim ella videos nodide ella video super innu chennagi videos maadtha iri sonu srinivas gowda mobile touch maadoku bhaya padabek aa tara maadi,2
we want hindi song,5
super song bro thank you vijay prakash sir great singer,0
kharabbu pogaru song like 317k,4
sooooo many adds,5
odeya blockbuster,5
super song,0
yava woodigu kammi illa namma sandall wood,0
tiktok inda nam personal information china avrge gottagtide idella avrge gottagtilla bvc galu ban madidre avrge madok bere kelsa iralvalla adke itara adtidare and yar yaru tiktok ban madbardu anta heltaro avr videos nododna modlu stop madbeku,4
unique tune ade thamte,1
i m soo soo happiiii,5
jai d boss,5
full movie send,5
wow wow wow wow wow lovely guru,0
yak guru ibrugu avarde aada talent ide yake eethara 1,1
boycott tik tok,5
ಒಳ್ಳೆ ಫಿಲ್ಮ್ ಮಾಡಿದಿರ ಆದರೆ ಒಳ್ಳೆ promation ಯಾಕೆ ಮಾಡ್ತಾಇಲ್ಲ,0
super sir baigla sir,0
ಎಷ್ಟು ಕೇಳಿದರು ಸಾಕಗಲ್ಲ,0
ಬ್ರೋ ಅವರು ಗೆ ದೇಶದ ಬಗ್ಗೆ ಅಭಿಮಾನ ಇಲ್ಲಾ ಬಿಡಿ,4
nan jeevana yak hingaytu anta camera munde ಅಳುತ್ತಾ kuthiro janagala madya,2
kumar ms nin mane address kodu,2
thank you so much,5
sir solla video time kadime madi,0
avane srimannarayana trailer bgm n re createdn,0
kamble tq,5
bro neevu helodhu correct naanu kooda tik tok uninstall maadidini adre bad words jaasthi use maadbedi bro,0
swag karenge sabka swagath ek tha tiger song copied music,5
ಅಯ್ಯೇೂ ಅಲ್ಲು ಮಾಡ್ತಾರೆ tic toc ನ,3
groza besta awm besta keldag ede 2 kuda beku,0
super bro ur video,5
monster_kannada ಲೋ ಬೀದಿ ಸೂಳೆ ಮಗನೆ ನಿಂಗೆ ಅಷ್ಟು ತಾಕತ್ ಇದ್ರೆ ನೀನು ಒಬ್ನೆ ಅಪ್ಪನಿಗೆ ಹುಟ್ಟಿದ್ರೆ ನೀನ್ ಹೇಳೋ ನಿನ್ ತುಣ್ಣೆ ನಿಂಗೆ ಗಟ್ಟಿಗೆ ನಿಂತಿದ್ರೆ ನನ್ ಅಡ್ರೆಸ್ ಕೊಡ್ತೀನಿ ಬಾರೋ ಪಾರ್ಥಸಾರಥಿ,2
ಮುಂದೆ ರೆಕಾರ್ಡ್ ಮಾಡುತ್ತೆ ಈ ಮೂವಿ,0
guru pub g game,0
fresh making n new step in kannada industry,0
pu lo goobe rama artha iro hage enadru helodidre helu sumne tirukalandi thara koribeda madu annodu kriyapada anta nanagoo gottu adre madu annodara jote ondu namapada irbeku agle vakya sampoornavagodu kelasa mdu,2
bro nim video super china da appp use madbardu annod sari k nivu e china game pubg adthiralla bro nivu next video na e pubg game enda madbedi nan nimna geli madthaedini ankobedi,0
ಇದು ಕನ್ನಡ ಚಿತ್ರರಂಗದ ಚರಿತ್ರೆ ಸೃಟಿಸೂ ಅವತಾರ ಯಾರ್ ಅವನು ಅವನೇ ಶ್ರೀಮನಾರಾಯಣ all the best d b055 fan,0
ಥೂ ನಿಮ್ಮ ಮೊದಲು ನಮ್ಮ ದೇಶ ನಮ್ಮ ದೇಶಕ್ಕೋಸ್ಕರ ಬದುಕಿ ಚೀನಾದವರ ನೀವು ಚೀನಾದ ಅವರಿಗೋಸ್ಕರ ಬದುಕಬೇಡಿ ನಮ್ ದೇಶ ನಮ್ ನಾಡನ್ನು ಬೆಳೆಸಿ ಮೊದಲು,3
ಒಂದ್ ಸಲ ನಿನ್ ಮುಖ ತೋ ರ್ ಸು ಗುರ್ವೆ,0
remake ಮಾಡಿ hit ಕೊಡೊಕೆ ಇದು 2010 ಅಲ್ಲ n2020 swamake ಮಾಡಿ ಖಂಡಿತ hit ಕೊಡುತ್ತೆ nಗೆಳೆಯ ಅಂತ ಸಿನಿಮಾಗಳು ಮಾಡಿ,1
lo nin d filme odtilla modlu anv film nodro amele bere filmge sprt madu sumne comnt akbitre film odbidutta bari builduppu,3
a d b boss,5
guru tq nan wait madtidde nin video na,0
edralli nivu enu overagi mathadilla bro,0
no 1 in trending,5
tik tok premigalu satthru,3
nin super guru,0
korlahalli tippa kavalur sidda anna tamma,0
c lol judge ge lancha kottu jailge hogi bandirorna cm madiroru 420 bjp,3
mostly e haadu aadmele sanvi entry kodthare ansuthe naan complaint kodak station hodre neevili bar ge bandu kudithideera anno dialogue,0
i waiting bro,5
bro tiktok ban agide adhre barute ide swalpa settings ge hogi language change madi barute,4
ಸೂಪರ್ ಗುರು ನಿಜ,0
super song super film,0
kannadavu support madalla jatre song matra views agodu tiktok ellla busy agavre telugu alli 1 day 10 millon agutte namalli agalla,0
anjali devi,5
culprit 3,5
film koda e hadin tara slow poison,0
ತೊಗರಿ ತಿಪ್ಪ ಕಥೆ ತುಂಬಾ ಜನ್ನಾಗಿ ಮುಡಿ ಬಂದಿದೆ,0
super togari tippa story,5
innu chenngi baidu helu bro tik tok user gee,0
yaaru e songanna ondakkinta jaasti sala kelta edeera like maadi,0
yella shatti gale,1
ರಂಗೇರಿದೆ ಮಾಯಜಾಲ ಅನುಭವಿಸು ಓ ಪ್ರೇಕ್ಷಕನೇ nnnಇದು ಚರಿತ್ರೆ ಸೃಷ್ಟಿಸೋ ಅವತಾರ ಅವನೇ ಶ್ರೀಮನ್ನಾರಾಯಣ nrakshit shetty s brilliance,0
guru nakn enu madbekitu guru ninu avr ajji nam dhesha dalli uti a china desha ke utiro hange madtare tu evr janmake est benki haka,0
nija nija nam manegu bandidda,0
avane shriman narayana,0
super bro benki,0
pritvi amber super,5
veri interesting stori,5
kanni rryrrrrtrtworrrorrrp,5
visual are super totoly movie,5
ಅನಿಸುತ್ತೆ ಬಂದಹಾಗಿದೆ ರಚಿಸಲು ಹೊಸ ಶಾಸನnಮೆರೆಯಲಿ ಗಗನದಿ ನಿಮ್ಮದೆ ಲಾಂಚನ,0
masth guru sakadgi helidiya,0
youtube channel nalli asn release promos upload madi sir,0
ಕನ್ನಡವನ್ನು ಇನ್ನೊಂದು ಹಂತಕ್ಕೆ ಕೊಂಡೊಯ್ಯುವುದರಲ್ಲಿ ಸಂದೇಹವೇ ಇಲ್ಲ nರಶ್ಮಿಕ ಕಕ್ಕ ಅವರೇ ನೋಡಿ ಉರ್ಕೊಳ್ಳಿ,4
of king na helalla ningantu helallaa,2
12pm start madi 5pm complete madde,0
awesome movie best movie in kannada 2019,0
e cinema na kandita theatre alli ne nodteni,0
ivrantu un install madalla sulemaklu avrna following madtiro nayigalige buddi barbeku modlu nam india dalliro inta nayigala kathe ne istu deshad bagge yenadru gottidre tane tiktok nalli bandu motivation helo ivlige deshad bagge keladre yenu gottiralla guru ivakke avar maneli bodig bittidare avalna navadru enmadokagatte,1
super ann nanagu tik tok banna agude bekagitu,0
ತುಂಬಾ ಚೆನ್ನಾಗಿದೆ ಸರ್ ನಾನು ಸನ್ನಾವಿದ್ಧಾಗ ಕೆಳಿದ ನಾಟಕ ನನ್ನ ಬಾಲ್ಯದ ನೆನಪುಗಳು ಮರುಕಳಿಸಿದವು,0
an untold feelings,5
ಯಾರ್ಯಾರು ಕಾಯ್ತಾ ಇದ್ದೀರಾ ಒಂದು ಲೈಕ ಮಾಡಿ,0
yarella shivaji surathkal nodidira,0
uma lagu nodri cholo ithi film,0
2020 best song,0
superb song bgm super,0
ಇದು ಚರಿತ್ರೆ ಶ್ರುಷ್ಟಿಸೋ ಅವತಾರ,0
superb trailer,0
nijavaaglu adbhutha film plz encourage kannada movie,0
ಏನು ತಪ್ಪಿಲ್ಲ ಸರಿಯಾಗಿ ಹೇಳಿದ್ದಿರಾ,0
nam mane gu bandida,1
obba amman hatra ninge yav maga ista antha kelidhre sandalwood fan,0
parthasarathiಲೆ ಹಾದರಗಿತ್ತಿ ನಿನ್ ತುಲ್ಲು ಊರು ಬಾಗ್ಲು ಅನ್ಸುತ್ತೆ,2
sp song jai d boss,0
ರಾಜಕಾರಣಿ ಗಳಿಂದ ನಮ್ಮ ದೇಶ ಹಾಳಾಗಿದೆ brother,3
nrj nijavada matu atleast navu avaranna nodi kaliyo pathagalu tumba irutte,0
ಸೂಪರ್ n ಮಠ ಸರ್ ದಾಡಿ ಬ್ಲಾಕ್ ಮಾಡಿರೋದು ಖುಷಿ ತಂದಿದೆ,0
nama d boss nimaage kanditha sahaya madthare sir,0
nin yogyathege meeri mathgal aadbardu,2
ನಂಗ್ ಅನ್ಸುತ್ತೆ ಶೆಟ್ರುದು ಡಬಲ್ ರೋಲ್ ನಲ್ಲಿ ಇದರೆ ಅಂತ,0
really superb future super star rajinikanth,0
ಅಶ್ವತ್ಥಾಮ ಚಿರಂಜೀವಿ ಅವನು ಇನ್ನೂ ಬದುಕಿದ್ದಾನೆ ಇದು ಸತ್ಯ,0
ಕನ್ನಡ ಚಿತ್ರರಂಗದಲ್ಲಿ ಮತ್ತೊಂದು ಚರಿತ್ರೆ ಸೃಷ್ಟಿಸೋ ಅವತಾರ,0
ಟೆಲಿಗ್ರಾಮ್ ಅಂತ app ಇದೆ ಅದನ್ನ ಮೊದಲು ಬ್ಯಾನ್ ಮಾಡ್ಸಿ ಸರಿಹೋಗತ್ತೆ ಹೊಸ ಕನ್ನಡ ಸಿನಿಮಾ ರೀಲಿಸ್ ನಾಳೆಗೆ ಬಂದಿರುತ್ತೆ ಮೊಬೈಲ್ ಗೆ ಟೆಲಿಗ್ರಾಮ್ ಅಲ್ಲಿ,3
nam antha talent ge bele ilaa,1
and rocking star fans also,5
ಲೈಕ್ ಮಾಡಿ ಇಲ್ಲ ಅಂದ್ರೆ ನಿಮ್ಮನೆ ದೇವ್ರು ಶ್ರೀ ಮನ್ನಾರಾಯಣ ನ ಮೇಲಾಣೆ nnhands up,3
ಈ ಹಾಡನ್ನು ಹಾಡಿದ ವಿಜಯ ಪ್ರಕಾಶ voice ಯಾರಿಗೆಲ್ಲಾ ಇಷ್ಟವಾಗಿದೆ ಲೈಕ್ ಮಾಡಿಗಾಳಿ ಮಾತಿನ ಬಜಾರು ಸುದ್ದಿ ಸಾರಿದೆ,0
ಸರ್ ನಿಮ್ಮ ನಿರ್ಮಾಪಕರ phonepe or paytm or amazon pay ಅಕ್ಕೌಂಟ ನಂಬರ್ ಇದ್ರೆ ಕಳಿಸಿ ಸಿನಿಮಾ ನೋಡಲು ಆಗದೆ ಇರೋದ್ರಿಂದ ದುಡ್ಡು ಹಾಕ್ತೀನಿ i missed a wonderful movie,0
usa brand but aduna produce madoke usa ali skilled labour ilvala aduke china davru madtarennapple mobile togondru china ke income hogute,0
d8055 chakravarty rakshit innu raaja,0
ಎರಡೂ ಮಿಲಿಯನ್ ಆದಮೇಲೆ ಯಾರ್ಯಾರು ನೋಡ್ತಾ ಇದೀರ ಲೈಕ್ ಮಾಡಿ,0
jai d boss,0
love you sir super one,5
ಇದು ಚರಿತ್ರೆ ಸೃಷ್ಟಿಸೋ ಅವತಾರ,0
bro ondu hellla nandu nan desha consumer economy navu producer economy agbeku edu agbeku andre swantha bussinessd madodu kalisabeku ellli job edre great ade entrprenuer r bussinesss madtidini andre yalru chikkkadagi nodtare madve agoke hudginu kodollla encouragrment ellla guru,0
ರಂಗಿತರಂಗದ ಇತಿಹಾಸ ಮರುಕಳಿಸುವಂತಿದೆ,0
ಕನ್ನಡ ಚಿತ್ರರಂಗದಲ್ಲಿ ಸಂಗೀತ ಮತ್ತೊಮ್ಮೆ ಅವನ ರೂಪದಲ್ಲಿ ಹುಟ್ಟಿತುnಯಾರ್ ಅವನು nಅವನೇ ನಮ್ಮ ಲೋಕನಾಥ ಅಜನೀಶ್ nmusic blasted,0
gupta true,5
lo gaandu nan magne d boss fans yake sata tariyoke dislike madtara nbere avru nodi urkolokke en avru bucket and balegara fans he,3
super song vijay prakash,0
idu charitre shrushtiso avatara,0
ಲಾಕ್ ಡೌನ್ ನಲ್ಲಿ ಈ ಹಾಡನ್ನು ಕೇಳಿ ದವರೂ ಲೈಕ್ ಮಾಡಿ,0
ಅವನೇ ಶ್ರೀ ಮನ್ನಾರಾಯಣ ಮೂವಿಗೆ ಕಾಯ್ತಾ ಇರೋರು ಲೈಕ ಮಾಡಿ nಆಲ್ ದಿ ಬೆಸ್ಟ್ from ಡಿಬಾಸ ಫ್ಯಾನ್ಸ,0
മലയാളീസ് ഉണ്ടെങ്കിൽ like button adich പോട്ടികട makkale,5
ತೂಗರಿ ತಿಪ್ಪ ಸುಪರ್,0
ನನ್ ಮಕ್ಳಾ ಎಲ್ಲರೂ ಕನ್ನಡದವರೇ ಇಲ್ಲಿರೋದು ಶಾಟದ ಇಂಗ್ಲಿಷ್ ಕಾಮೆಂಟ್ ಹಾಕ್ತೀರಾ ಒಬ್ಬೊಬ್ಬನಿಗೆ ಒಬ್ಬೊಬ್ಬ ಹೀರೋ ಇಷ್ಟ ಸುಮ್ನೆ ಕನ್ನಡದ ಹಾಡುಗಳನ್ನ ಕೇಳಿ ಇಷ್ಟ ಆದರೆ ಕಾಮೆಂಟ್ ಅಲ್ಲಿ ತೋರಿಸಿಕೊಳ್ಳಿ ಕಷ್ಟ ಆದರೆ ಮುಚ್ಕೊಂಡು ಮನಸಲ್ಲಿಟ್ಕೊಳ್ಳಿ ಹೀಗೆ ನಾವೆಲ್ಲ ಕನ್ನಡದವರು ಕಚ್ಚಾಡ್ತಾ ಇರೋದ್ರಿಂದಾನೆ ಕನ್ನಡಾನ ಉಳಿಸಿ ಅಂತ ಬೋರ್ಡ್ ಗಳು ಹೆಚ್ಚಾಗ್ತಾ ಇರೋದು nಒಬ್ಬ ಅಪ್ಪನಿಗೆ ಹುಟ್ಟಿದ ಯಾವೋನು ಸ್ಟಾರ್ ವಾರ್ ಗೆ ಬೆಂಕಿ ಹಚ್ಚೊ ಕೆಲಸ ಮಾಡಲ್ಲ nಹಾಗೆಲ್ಲ ಮಾಡೋರು ಸೂಳೆ ಮಕ್ಕಳು ಅಂದ್ರೆ ತಪ್ಪೇನು ಇಲ್ಲ nಇದನ್ನೆಲ್ಲ ಇಲ್ಲಿಗೆ ನಿಲ್ಲಿಸಿ ಕನ್ನಡ ಉಳಿಸಿ ಬೆಳೆಸೋದರ ಕಡೆ ಗಮನ ಕೊಡಿ nಕನ್ನಡಿಗರೆಲ್ಲಾ ಯಾವತ್ತೂ ಒಂದೇ ಅನ್ನೋದನ್ನ ಜಗತ್ತಿಗೆ ತೋರಿಸೊ ಅಂತ ಕೆಲಸ ಮಾಡೋಣ ಜೊತೆಯಾಗಿ nಜೈ ಕರ್ನಾಟಕ ಮಾತೆ,1
shapaa kottavane krishna avre ivaga badhukilla anthavreee,1
ಜೈ ಕರ್ನಾಟಕ ಜೈ rakshith shetty,0
ಭಾರತ ಬೇಳಿಬೇಕು ಅಂದ್ರೆ ಇಲ್ಲಿನ ಜನಾನೆ ಏನಾದ್ರೂ ಮಾಡಬೇಕು,0
ಈ ಮೂವಿಯನ್ನು first day ನೋಡುವವರು ಲೈಕ್ ಮಾಡಿ,0
my favorite song in 2019 is taaja samachara ಸಾಹಿತ್ಯ ಪ್ರಿಯರೇ ಒಮ್ಮೆ ಈ ಹಾಡು ಕೇಳಿದ್ರೆ ಕೇಳ್ತಾನೆ ಇರ್ಬೇಕು ಅನ್ಸುತ್ತೆ everybody watch this,0
vn kannadalli helu bro gothagalla english idu remake a,1
ಚಂದನ್ ಶೆಟ್ಟಿ ಟ್ರೊಲ್ ವಿಡಿಯೋ ನೀವು ನೋಡಿ ನೆಗಡ್ಡೆ ಇದ್ರೆ ನಾವ್ ಗ್ಯಾರಂಟಿ,0
vd ಧನ್ಯವಾದಗಳು,0
ondu likes ella,1
jaanu summne reply haki yak war madshtiya,0
k k guru yaru yargu kadime illa,2
well said sir,5
rakshit shetty fans like here,5
ಪ್ರತಿವೊಬ್ಬ ವ್ಯಕ್ತಿ ಜೀವನದಲ್ಲಿ ಆಗುವಂತ ಕಥೆ ನಿಜಕು ಈ ಫಿಲಂ ಫೀಲಿಂಗ್ ನು ವ್ಯಕ್ತ ಪಡಿಸುತೆ,0
super trailer praju anna,0
hands up kannada naa adhu,5
kulkarni t series,0
ನಿಮ್ಮ ಮಾತುಗಳು ಅಕ್ಷರಶಃ ಸತ್ಯ ನಿಮ್ಮ ಈ ಸಾಮಾನ್ಯ ಜೀವನ ನೋಡಿ ಕುಷಿ ಆಯಿತು,0
super movie sirrr,5
ಎಲ್ಲಾ ಯಶ್ ಬಾಸ್ ಅಭಿಮಾನಿಗಳಿಂದ ಶುಭ ಹಾರೈಸುತ್ತೇವೆ,0
ಸಾರ್ ನಿಮ್ಮ ತಂದೆ ನಿಮಗೆ ಕಲಿಸಿದ ಸಂಸ್ಕಾರ ಸಂಸ್ಕೃತಿ ನಮಗೆ ತುಂಬಾ ಇಷ್ಟ ಆಯ್ತು ಮತ್ತು ನೀವು ಅವರು ತೋರಿಸಿದ ಮಾರ್ಗದರ್ಶನದಲ್ಲಿ ನಡೀತಾ ಇರೋದು ನಮಗೆ ತುಂಬಾ ತುಂಬಾ ಇಷ್ಟ ಆಯ್ತು ನೀವು ತಂದೆಗೆ ತಕ್ಕ ಮಗ,0
nandini parthasarathi ascar just miss n,2
ultimate bgm fantastic song,5
ಖಂಡಿತ ಹೌದು ಚರಿತ್ರೆ ಸೃಷ್ಟಿಸುತ್ತದೆ 100,0
good job sir,5
bavaraj marihal iu777779088i9omplikenuu7 n 7thui9,1
balepete badrushyana,1
thu dabba movie sulemagand,4
ಕನ್ನಡ is super,0
jai d boss,0
supper bro 100,5
ಸುಮಾರು ೨೪ ೨೫ ವರ್ಷದ ಹಿಂದೆ ಕ್ಯಾಸೆಟ್ ಮೂಲಕ ಕೇಳಿದ ತೊಗರಿ ತಿಪ್ಪನ ಕಥೆಯಿದು ಇಂದಿಗೂ ಅದೇ ನಗು,0
r lo kanda baiyoke ninthre nim appa kano naanu,2
tippa janapad hasay chataki super,0
me bro,5
shaata daagar fans,3
ಶಂಭು ಬಳಿಗಾರವರೆ ತುಂಬಾ ಧನ್ಯವಾದಗಳು ಹಾಸ್ಯ ಜಾನಪದ ಕಥೆ,0
loo nim makha muccha e video gu dislike yenro nim hendti munde haga avr character nodi kaliro life andre yenu antha thu nanmakla,4
super guru neenu tiktak sede galige yeneludru arthagalla,4
only d boss ok jai kannada all movies hmmm kotigobba bittu hehehe,3
bhuvan naik wow man awesome,5
vijay prakash sir super voice,0
super guru d boss,5
ಈ ಫಿಲ್ಮ್ ಯಾವ ಲೆವೆಲ್ಲಿಗೆ super hit ಆಗಬೇಕು ಅಂದ್ರೆ ರಶ್ಮಿಕಾ ಮಂದಣ್ಣ ಮುಟ್ಟಿ ನೋಡಿಕೊಳ್ಳುವ ಹಾಗೆ,0
420 tik tok 420 china,4
12 dislikes by gandu nanmakalu,4
hegde ಆಂಧ್ರವಲ ಗಳು eddare ಅಂದ್ರ ನಾಯಿಗಳು ತೆಲುಗು ಕನ್ನಡ ಪ್ರೇಮಿಗಳು ಕನ್ನಡ ಸಿನಿಮಾ ನೋಡಿತರೆ ದರ್ಶನ್ ಸುದೀಪ್ ಪುನೀತ್ ಯಶ್ ರಕ್ಷಿತ್ ಶೆಟ್ಟಿ ದ್ರುವ ಸರ್ಜಾ ಶಿವಣ್ಣ heavy fan fellowing ಇದೆ but ಇನ್ನೊಂದು ತೆಲುಗು ಸಿನಿಮಾ ನೋಡೋದು ಚಿಕ್ಕಬಳ್ಳಾಪುರ ಜಾಸ್ತಿ,2
look like a shankarnag,0
bookmyshow nalli robert ge interest kodi,0
ccccccn bbb,5
ನಮ್ಮ ದೇಶದಲ್ಲಿ ರಾಜಕೀಯ ಮಾಡಿ ಸಾಯಿತಾರೆ ಸೊ ರಾಜಕೀಯ ಇಲ್ಲ ಅಂದ್ರೆ ದೇಶ ಬೇಗ ಉದ್ದಾರ ಆಗುತ್ತೆ ಇಲ್ಲ ಅಂದ್ರೆ ಅಷ್ಟೇ,3
parthasarathi ನಿಂದು ನಾಯಿ ತುಲ್ಲು,2
mast hadu super,0
super star in uk tippa,3
nijave idhu charitre srustiso avatharane bidi,0
waw spr sir,5
ಪ್ರಜಾಪ್ರಭುತ್ವದಲ್ಲಿ ಬ್ರಿಟನ್ ರಾಣಿ ಉಳಿಸಿಕೊಂಡರು,0
shankranna rakshithnuppi dada rishabh,0
kulkarni ನೀವು ಬ್ರಾಹ್ಮಣರಾಗಿ intercast marriage agoke dairya idena never,0
ಗುರು ಅವರಿಗೆ ತಾಕತ್ತಿದ್ದರೆ ಯೂಟ್ಯೂಬ್ ಅರಸ್ ಆಗೋಕೆ ಹೇಳು 10 15 20 ಸೆಕೆಂಡ್ ಮಾಡೋ ಟಿಕ್ ಟಾಕ್ ಸಡೆಗಲಿಗೆ ಯೂಟ್ಯೂಬಲ್ಲಿ ಎಂಟು ಹತ್ತು ಇಪ್ಪತ್ತು ನಿಮಿಷ ವಿಡಿಯೋ ಮಾಡೋಕೆ ತಾಕತ್ತಿದೆಯಾ ಕೇಳು nnlove u ರೋಸ್ಟ್ team ಅಂಡ್ ಟ್ರೋಲ್ team,3
hindi version kab ayega,5
supar guru chindi,0
now karabu is most liked song,0
ಸೂಪರ್ ಬಗ್ರೌಂಡ್ music,0
yella shatti gale,1
ಹ್ಯಾಂಡ್ ಸಪ್ ಅನವರತ,0
ಕೇಳಿ ಕಾದಿರುವ ಭಾ೦ದವರೇnಭುವಿಯಲ್ಲಿ ಅವನ ಅರಿತವರೆnಯಾರಿಲ್ಲ ಬಿಡಿ ಮುನ್ನುಡಿnಇದ್ದರದೊಂದು ದಂತ ಕಥೆ nನಾಕು ದಿಕ್ಕಿನಲು ಬೇಕವನುnಬಂದೂಕು ಹಿಡಿದ ಮಾನವನುnತಲೆ ಮೇಲಿದೆ ಕಿರೀಟ nತೀರ ಹಠ nಗುರಿ ಬೆನ್ನಟ್ಟೋ ನೇತಾರನು nnಗಾಳಿ ಮಾತಿನ ಬಜಾರುnಸುದ್ದಿ ಸಾರಿದೆ ಸುಮಾರುnಪಾತ್ರದ ಪರಿಚಯ ಇರೋರುnಆ ಬಂದೂಕಿಗೆ ಇದೆ ಘನ ಹೆಸರುnnಹ್ಯಾಂಡ್ಸ್ ಅಪ್ nಅದು ಅನವರತ nಹ್ಯಾಂಡ್ಸ್ ಅಪ್ nನಾ ಅಜ್ಞಾತ nಹ್ಯಾಂಡ್ಸ್ ಅಪ್ nಇದೆ ವೇದಾಂತ nnಇದು ಚರಿತ್ರೆ ಸೃಷ್ಟಿಸೋ ಅವತಾರ nnರಂಗೇರಿದೆ ಮಾಯಾ ಜಾಲnಅನುಭವಿಸು ಓ ಪ್ರೇಕ್ಷಕನೇ nದೃಷ್ಟಿ ನನ್ನೊಬ್ಬನ ಮೇಲಿಡಿnತಪ್ಪದು ನಿಜ ಮನರಂಜನೆ nನನ್ನ ಗೆಲ್ಬೋದು ಅನ್ನುತnನಿಂದನು ಓರ್ವ ರಾಕ್ಷಸ nತಪ್ಪಲ್ಲ ಆದರು ಅದುವೇnಊಹೆಗೂ ಮೀರಿದ ಸಾಹಸ nಅನಿಸುತ್ತೆ nಬಂದ ಹಾಗಿದೆ ರಚಿಸಲು ಹೊಸದೇ ಶಾಸನ nಮೆರಯಲಿ ಗಗನದಲಿ ನಿಮ್ಮದೇ ಲಾಂಛನ nಯುಧ್ಧ ಮಾಡಬೇಕು,0
love story bandidde adre e tara yavdu illa,3
urkond sai beku,1
nijwaglu thumba chanagide,0
hands up nyuvarathnaa update on december 31stjai drrajkumar,5
idu charitre shrustisuva avatara idu charitre shrushtisuva cinema asn,0
promotion heg madodo anta kaliri,3
best song ever,0
parthasarathi ಎಷ್ಟು ರೇಟು ಒಂದು ರಾತ್ರಿ ಬ ಸಾಕು,2
shivu ನಾನು ದೊಡ್ಡಬಳ್ಳಾಪುರದ ಅಸಲಿ ಕನ್ನಡಿಗ,0
bro super super,5
bro ii movie online nalli elli sigutte or tv yalli yavaga haktare plzzzzzzzzz helu,0
ನೀನು ಅವನೇ ಅಂತ nನಾವು ನಂಬ್ತಿವಿ nಚರಿತ್ರೆ ಸೃಷ್ಟಿಸೋ ಅವತಾರದವನು nಶ್ರೀಮನ್ನಾರಾಯಣ,0
we need hindi,5
nanu kellida uthammavada maatugallu thanks sir,0
ಅದ್ಬುತವಾಗಿದೆ ಅವನೇ ಶ್ರೀಮನ್ನಾರಾಯಣ ಚಿತ್ರದ ಹಾಡು ಹ್ಯಾಂಡ್ಸಪ್,0
parthasarathi gaandu sule magne hogi bucket du gaygf nodu adu bittu illi dboss annnabeda cheeti kalla fan,2
all the best fro ಡಿ ಬಾಸ್ ಫ್ಯಾನ್ಸ್,0
love mocktel kuda super ide,0
holle kelsa ban agirodu,0
super tippa story,0
one time kelidre average ansatte,0
bucket fans like here,5
nam karnatakdallu bandidru yavno huchha andkond nodoke hogilla,2
super from kolar,5
kgf fan like har,5
yak guru ibrugu avarde aada talent ide yake eethara 1,1
ಚಂದನ್ ಶೆಟ್ಟಿ ಟ್ರೊಲ್ ವಿಡಿಯೋ ನೀವು ನೋಡಿ ನೆಗಡ್ಡೆ ಇದ್ರೆ ನಾವ್ ಗ್ಯಾರಂಟಿ,0
super awesome bro,5
jai d boss,5
ನಿರ್ಮಾಪಕರೇ ನಿಮ್ಮ ಅಕೌಂಟ್ ನಂಬರ್ ಕೊಡಿ ನಿಮ್ಮ account gge amount akabeku,0
ಭಾರತ ಚಲನಚಿತ್ರ ದಲ್ಲಿ ಹೊಸ ಚರಿತ್ರೆ ಸೃಷ್ಟಿಸಲು ರೆಡಿ,0
hands up annodu heno bosudike,1
supper pa continue the work tiktok videos nodi nodi thale kettogithu jai modi jai jai modi,0
nam karnatakdallu bandidru yavno huchha andkond nodoke hogilla,2
no way chance illa ivaga elli edane proof kodi nambteevi,3
signature step ishta adare ootu ondu like nsong super ansiddre bidu eradu comment nninu kannadiga adare,0
sir u r amazing,5
ಕನ್ನಡ ನಾಡಿನ ಜನತೆಗೆ ನಿಮ್ಮಕದರ್,0
athu sari kannadanukku tamil actor vida kannada actor thane pudikkum,5
anna thamma janpada super,0
ಪ್ರಚಾರದ ಕೊರತೆಯಿಂದ ಈ ಸಿನಿಮಾ ಸೊತಿದೆ,1
ega ha ashvathama ellidhane,0
super guru,0
olledu ond pan india movie madro sumne yak eneno madkondu,3
ಡಿ ಬಾಸ್ ಅಭಿಮಾನಿಗಳ ಕಡೆಯಿಂದ ಡೈನಾಮಿಕ್ ಪ್ರಿನ್ಸ್ ಪ್ರಜ್ವಲ್ ದೇವರಾಜ್ ಸರ್ ಗೆ ಅಭಿನಂದನೆಗಳು ಮತ್ತು ಈ ಚಿತ್ರವು ಜನರ ಮನಸ್ಸನ್ನು ಗೆಲ್ಲಲಿ ಎಂದು ಹಾರೈಸುತ್ತೇವೆ n ಜೈ ಡಿ ಬಾಸ್,0
every day i am listening,0
asn will be mega hit jai rakshith shetty jai jai jai rb sir,5
ಚಂದನ್ ಶೆಟ್ಟಿ ಟ್ರೊಲ್ ವಿಡಿಯೋ ನೀವು ನೋಡಿ ನೆಗಡ್ಡೆ ಇದ್ರೆ ನಾವ್ ಗ್ಯಾರಂಟಿ,4
vishnu dada appu,5
a super bro,5
hindi elitha handig uttad hadbi nan magne,0
padya baree sokundu shetre,0
ಎಂಥೆಂಥದೋ ಡಬ್ಬಾ ಹಾಡುಗಳಿಗೆ ನೂರು ಇನ್ನೂರು ಮಿಲಿಯನ್ ಗಟ್ಟಲೆ ವಿಕ್ಷಣೆ ಆಗ್ತಾವೆ ಆದರೆ ಇಂಥಹ ಚೆನ್ನಾಗಿರೋ ಹಾಡಿಗೆ ಮೂರು ದಿನಗಳಾದ್ರೂ ೨ ಮಿಲಿಯನ್ ಆಗ್ತಿಲ್ಲ ಅಂದ್ರೆ ನಮ್ ಜನ ಇಲ್ಲಿನ,4
bgm yav hollywood gu kammi illa amazing song,0
ಅಣ್ಣಾ ಬಾಂಡ್ ಚೆನ್ನಾಗಿ ಬೆಂಡ ಎತ್ತಿದ,1
x it s kannada buddy,5
superb song hands up,0
sir niu ene adru tik tok alli hero herohin tara stile madtarala avarige idu kammine niu innu ivarige rost madi sir jai modi ji,0
monster_kannada nd boob s beleyodanna nodi urakotidarandagar fan namma bØss beleyodanna nodi nimm gandu darshan ne urakondiddu,2
sister ಹಾಗೆಲ್ಲ ಮಾಡಲ್ಲ ನಾವು ಯಾರಾದರೂ ತಪ್ಪು ಮಾಡ್ತಿದ್ದೀರೆ ಅಂದಾಗ ಅವರನ್ನ roast ಮಾಡ್ತಿವಿ ಅಷ್ಟೇ ಅದು entertainmentಗೆ ಅಷ್ಟೇ ತುಂಬಾ ಧನ್ಯದಗಳು ಹೀಗೆ support ಮಾಡ್ತೀರಿ,0
jai d bossssssssssssssssssss fan hits like,5
superrrrrrrr agi heliya anna tq u so mach video,0
god bless you sir,5
ಧನ್ಯವಾದಗಳು ಸರ್ ಇಂತವರಿಗೆ ತುಂಬಾ ಚನ್ನಾಗಿ ಭುದ್ಧಿ ಮಾತು ಹೇಳಿದೀರಾ ಮತ್ತೆ ಹಿಂಥವರು ಇದ್ರೆ ಇನ್ನು ಸ್ವಲ್ಪ ಮರ್ಯಾದೆ ಕೊಟ್ಟು ಹೇಳಿ,0
nange picture ka geet,5
bari mosa kano,2
soon may be next week,5
bgm osm and unique song,5
ಮುಚ್ಚಲೇ ಆ ತುಲುಗು ನವರಿಗೆ ಹುಟ್ಟಿರೋರ್ ಥರ ಯಾವಾಗಲೂ ಸೌಂದರ್ಯ ಸೊಬಗುಲಿ ಅವರದ್ದೆ ಹಾಕಿರುತ್ತಾರೆ ರಾಜ್ ಕಮಲ್ ಒಂದ್ರಲ್ಲೆ ಕನ್ನಡ ಹಾಕೋದು,3
monster_kannada ಲೋ ಗಾಂಡುಗೆ ಹುಟ್ಟಿದ ರಂಡಿ ಮಗನೇ,2
enna e sulegalege troll madu guru,3
anna thamma janpada,0
ಕ್ಯಾಬ್ ಡ್ರೈವರ್ ಅಂದ್ರೆ ಕಳ್ದ್ರು ತರ ನೋಡೋ ಈ ಸಮಾಜದಲ್ಲಿ ನಾನು ಕ್ಯಾಬ್ ಚಾಲಕ ಅಂತ ಹೆಮ್ಮೆಯಿಂದ ಹೆಳ್ತೀರಲ್ಲಾ ತುಂಬಾ ಖುಷಿಯಾಯ್ತು ಸಾರ್ ಈ ಸಮಾಜದಲ್ಲಿ ಇರೋರು ನಿಮ್ಮನ್ನ ನೋಡಿ ಕಲಿಯೋದು ತುಂಬಾ ಇದೇ ನೀವು ಯುವ ಜನಾಂಗಕ್ಕೆ ಸ್ಫೂರ್ತಿ ಸರ್ ನಿಮಗೆ ಒಂದೂ ದೊಡ್ಡ ನಮಸ್ಕಾರ ಯಾವ ಒಂದೂ ವಿಶ್ವವಿದ್ಯಾನಿಲಯ ಕಲಿಸದ ಪಾಠವನ್ನು ಜೀವನ ಕಲಿಸುತ್ತದೆ ಎಂಬುದಕ್ಕೆ ನಿಮ್ಮ ಜೀವನವೇ ಉತ್ತಮ ಉದಾಹರಣೆ ಸಾರ್ ದೇವರು ನಿಮಗೆ ಒಳ್ಳೆಯದು ಮಾಡಲಿ ಧನ್ಯವಾದ,0
bro adru evaga bere language enda open madkond use madtaidaralla bro thumba janridare nam jana e tara vishyadalli haladavru,3
ಚಂದನ್ ಶೆಟ್ಟಿ ಟ್ರೊಲ್ ವಿಡಿಯೋ ನೀವು ನೋಡಿ ನೆಗಡ್ಡೆ ಇದ್ರೆ ನಾವ್ ಗ್ಯಾರಂಟಿ,0
parthasarathi kurishetra alla adu kurukshetra,2
parthasarathi ಮುಚ್ಚಲ್ಲೇ ಮರಿ ದೊಡ್ಡಬಳ್ಳಾಪುರ ಇತಿಹಾಸ ಏನೋ ಗೋತು ರಾಜಕಮಲ್ ಗೆ ಸಿನಿಮಾ ಹೊದ್ರೆ ಕ್ಲಿನ್ ಇಲ್ಲ ವಾಸನೆ ಸರಿಯಾದ ಮೆಂಟೇನ್ಸ್ಸ್ ಇಲ್ಲ ಅವಾಗ ಕನ್ನಡ ಸಿನಿಮಾ ಹಾಕೋಡ್ರ್ಲ್ಲಿ ನಮ್ಮಗೂ ಇಷ್ಟ ಇತ್ತು ತೆಲುಗು ಸೈರ ನರಸಿಂಹ ರೆಡ್ಡಿ ಹಾಕಿಡೋನೋ ರಾಜಕಮಲ್ ಮರ್ಯಾದೆ ನೋ ಹೋಯಿತು,2
vitthal ದಬಾಂಗ್ ಆಲ್ಸೋ ಏನು ಆಲ್ರೆಡಿ ಫ್ಲಾಪ್,3
good job bro,5
entha movie multi language barbeku,0
ಇದು ಚರಿತ್ರೆ ಸೃಷ್ಟಿಸೂ ಅವತಾರ,0
ashwatama ge hindi barutte yenri,0
ಗುರು ಸುಪ್ಪರ್ ನೀವು,0
hands up songnh i n d i,5
hindi alli yaavaga bidthare,0
slow poisoning song,5
chindi madira rost,0
ಅಶ್ವಥ್ಥಾಮ ಚಿರಂಜೀವಿ ಆಗಿದ್ದು ಹೇಗೆ,0
anna intha kachada nahigallna roast madodralli tapenilla asn dialogue daritapdhorna kshamisbodhu thap daari hiddhornallla nim jothe iddhivi anna,4
420 tik tok 420 china,4
super star of kannada film industry,0
super songs boss,5
allige ella beda just ondhu rally attend madli,3
pu nin baayige,2
olle kelsa madudru ban madi 2020 li idonde gudnews,0
nimn tarah manisha samaj ke bhag you are great,0
ಸರ್ ನೀವು ದುಡಿದು ಬದುಕ್ತಿದಿರ,0
tik tok ban,5
jai d boss,5
ಟ್ರೈಲರ್ ತುಣುಕೇನೋ ಸಕ್ಕತ್ತಾಗಿದೆ ಒಳ್ಳೇದಾಗ್ಲಿ ಚಿತ್ರ ತಂಡಕ್ಕೆ,0
firstu neen beldu,1
ಲವ್ ಮೂವಿ ಅಂದ್ರೆ ನಮ್ ಬರ್ಗೆಟ್ಟಿರೋ ಜನ ಲೈಕು ಮಾಡ್ತಾರೆ ಹೋಗಳಿಕೇನು ಕೊಡ್ತಾರೆ ಸರ್ but ಇದೆಲ್ಲ ಮೂವಿ ಗೆ ಕೊಡ್ತಾ ಇರೊ ಲೈಕ್ ಅಲ್ಲ ಈ ಮೂವಿಲಿ ಇರೊ ಲವ್ ಸೀನ್ ಮತ್ತು ಲವ್ ಡೈಲಾಗ್ ಗೆ ಅಷ್ಟೆ ಹೀರೋಯಿನ್ ಹೀರೋ ಗೆ ಪ್ರೊಪೋಸ್ ಮಾಡಿದ್ರೆ ಸಾಕು ನಮ್ ಜನ ಬೆಸ್ಟ್ ಮೂವಿ ಅಂತ ಹೇಳ್ತಾರೆ but ಮೋವಿಲಿ ತುಂಬಾ fault ಇರುತ್ತೆ ಫ್ಯಾಮಿಲಿ ನೋಡೋ ತರ ಇರಲ್ಲ ದಿಯ ಮೂವಿ ತುಂಬಾ ಬೋರಿಂಗ್ ಇದೆ ಫ್ಯಾಮಿಲಿ ಜೊತೆ ನೋಡೋ ತರ ಇಲ್ಲ ಮನೇಲಿ ಒಬ್ನೆ ನೋಡೋಕೆ ಬೆಸ್ಟ್ ಮೂವಿ ಗಳಲ್ಲಿ ನನ್ನ ಪ್ರಕಾರ ದಿಯಾ ಕೂಡ ಒಂದು ಎಲ್ಲರ ಆಕ್ಟಿಂಗ್ ಸೂಪರ್ ಡೈಲಾಗ್ ಸೂಪರ್ but overall ಮೂವಿ ಲಿ improvement ಬೇಕೇ ಬೇಕು ಇಲ್ಲಾಂದ್ರೆ ಫ್ಯಾಮಿಲಿ ನೋಡಲ್ಲ nಬೇಜಾರ್ ಮಾಡ್ಕೋಬೇಡಿ ಇದು ನನ್ನ ಅನಿಸಿಕೆ ಅಷ್ಟೆ,3
bro nanu kuda tiktok use madthidae adrae adu ban adaga nang yenu bejar agilla yakandrae namdu ondu sanna contribution irli namma desha kae jai hind,0
namganthu tik tok ban aagiddu tumba kushi,0
nanu tik tok use madutha ela bro jai indian army,0
yup daily rakshit,5
really nyc sakath chenagi madidira nange esta aythu super riii adrallu tiktok dattu putra nna sakath roast madi heltini,0
kantirava sari bidi navella kannadigare,1
after asn movie,5
i m full happy bro,5
ಗೊತ್ತಿಲ್ಲ ರಕ್ಷಿತ್ ಶೆಟ್ರು ನಟನೆಗೆ ನಾನು ಫಿದಾ ಬಾಸ್ waiting for ಮೂವಿ ಚರಿತ್ರೆ ಬರೆಯೋ ಎಲ್ಲ ಲಕ್ಷಣ ಇದೆ all the best your bright ಫ್ಯೂಚರ್,0
vishnuvardhana ningen problem guru,3
ಹಲೋ ಫಾರ್ ನನ್ ಮಗಂಗೆ ಮಾನ ಮರ್ಯಾದೆ ಇಲ್ಲ ಅಣ್ಣ ಇಲ್ಲೋ ಏನು ಆಗಿದೆಯಂತೆ ಯುನೋ ಭಾರತ ಚೈನಾ ಫಸ್ಟ್ ಕೇಳಿ ಅಣ್ಣ ನಮ್ ದೇಶಕ್ಕೆ ದ್ರೋಹ ಬಗ್ಗೆ ದ್ರೋಹಿಯನ್ನು ಅಣ್ಣ ಇನ್ನೂ ಸ್ವಲ್ಪ ಚೆನ್ನಾಗಿ ಉಗಿರಿ ಅವನಿಗೆ,2
super sir nanantu adella dwnld kuda madirlilla 420china,3
pakka hit aguthee,0
idonde voledagiradu 2020 li,0
vn ತೆಲುಗು ಜೆಂಟಲ್ ಮ್ಯಾನ್ ಟ್ರೇಲರ್ ನೋಡ್ದೆ ಆದ್ರೆ ಅದಕ್ಕೂ ಇದಕ್ಕೂ ಯಾವ್ದೇ ಸಿಮಿಲಾರಿಟೀಸ್ ಇಲ್ವಲ್ಲಾ,0
ಎಂಥೆಂಥದೋ ಡಬ್ಬಾ ಹಾಡುಗಳಿಗೆ ನೂರು ಇನ್ನೂರು ಮಿಲಿಯನ್ ಗಟ್ಟಲೆ ವಿಕ್ಷಣೆ ಆಗ್ತಾವೆ ಆದರೆ ಇಂಥಹ ಚೆನ್ನಾಗಿರೋ ಹಾಡಿಗೆ ಮೂರು ದಿನಗಳಾದ್ರೂ ೨ ಮಿಲಿಯನ್ ಆಗ್ತಿಲ್ಲ ಅಂದ್ರೆ ನಮ್ ಜನ ಇಲ್ಲಿನ,4
anoop maladakar fudjg,0
kannada films next level,5
shrikanth ಗೌರಮ್ಮ ab,0
14 million views,5
well said bro,5
my fevorat story,5
yenu tappilla guru,0
super agide song maatra haaands up n940 dislikes and still counting,0
super alla best bro,0
super my fevaret thanks thaku soo mucha ee janpadh hashy hakedhke shambhu bhalligar avarege kote kote ondhanegallu pls inodhu nuchen malaya edhe alla adhan hakepa pls,0
u osm bronivrella common sense less kaacaha galu n one app value gotthilla sedegalu,0
yintha movie pakka 100 days guru,0
radha hi radha mem uta ayta sry month end wrk tumba jasti free na,5
gowda muchole sakku dengbeka bagsi,2
ಈ ದೇಶದ ದುರಂತ,4
7 jana chiranjeevigalalli avanu obba,0
nayak ನಿನ್ ತುಲ್ಲು ವಾಸ್ನಿ,2
maraddi ह न द ऑड ए स म भ asn क गजब क र ज ह जर र द ख ग इस फ ल म क we will definitely watch this movie,5
nanu nodhidhini uttar pradesh forest,0
thuu nachike annodhe elwa yella vishaya galu bare joke madkonde erthiralla loo change aagro ennu time edhe,3
i m sensing rango like story,5
chindhi guru sakkath,0
looks like dboss dancing from dboss fan,5
entertanement 2 sir joke alla kgf li yela points galu tumba chanagitu nanu rakshith shetty fan nangenu hate illa,0
bosssuuuuu super innu ugibeku tiktok yak ban madbeku annorge,0
priswi perera changide guru,0
super song,0
ee song nodidmel kado kattakade preshne next song yavaga,0
guru china rajakiya vyavaste bagge video madi,0
chindu guru ninu,0
sariyagi helidira bro,0
ಚಿತ್ರಮಂದಿರ ಒಳಗೆ ಜನ ಬರಬೇಕು ಅಂತರೆ ಇದು ತಮಷೆ ಅಲ್ಲ ಮೊದಲು tik tok ban ಆಗಬೇಕು ಸಿನಿಮಾ ನಟ ನಟಿ tik tok ಮಾಡಬಾರದು ದೋಡ್ಡ ದೋಡ್ಡ ಸ್ಟಾರ್ ನಟರು tik tok ಬಗ್ಗೆ ದಂಗೆ ಎಳೆಬೇಕು ಸರ್ಕಾರ ಕ್ಕೆ ಮನವಿ ಮಾಡಿ tik tok ಬ್ಯಾನ್ ಮಾಡಿ ಅಂತ ಇಷ್ಟು ಕೆಲಸ ಮಾಡಿಲ್ಲ ಅಂದರೆ ಮುಂದೆ ಒಂದು ದಿನ ನಿಮ್ಮ ಸಿನಿಮಾ ನೀವೇ ನೋಡಬೇಕು,3
marketing swalpa bekittu ansutte,4
ಸೂಪರ್ ಹಿಟ್ ಸಾಂಗ್ಸ್,0
ಜನ ಯಾಕೆ ಥಿಯೇಟರ್ ಗೆ ಬರ್ತಿಲ್ಲ ಅಂದ್ರೆ piracy ಫೋನ್ ಅಲ್ಲೇ movie ಸಿಗುತ್ತೆ ಮತ್ಯಾಕೆ ಥಿಯೇಟರ್ ಗೆ ಹೋಗೋದು ಅಂತ ಬರೋಲ್ಲ ಜನ,1
hats off sir nim swabhimana and karya nishtege thumba santhosha agutte sir nimg olle arogya success kodli antha devralli bedkothivi munde niv natiso ella cinemagalu uttama pradarshana padiyali,0
simple star fans like madi,5
gangatkar guru ninge gotagalla sumne eru bale pans start madidare nau end madthivi e mathna thuldeepannan pansgu helu modlu,4
super song,5
6 dinagalaadru innoo trending nallide,0
ಈ ಸಿನಿಮಾ ರಿಲೀಸ್ ಆದ ಸಮಯ ಸರಿಯಿಲ್ಲ ಈ ತರ ಸಿನೆಮಾ ಸ್ಟೂಡೆಂಟ್ ಹಾಗೂ it ವಲಯದವರಿಗೆ ಹೆಚ್ಚಾಗಿ ಇಷ್ಟವಾಗುತ್ತಿತ್ತೇನೋ,3
yelru onde hindu muslim anta dived madbedi,0
vijaya prakash voice,0
ನಿಮ್ಮ ಎಲ್ಲಮಾತನ್ನ100 ಒಪ್ಪುವಂತದ್ದೇ ಚೀನಾ ಅಭಿವೃದ್ಧಿಯಲ್ಲಿ ಮುಂದಿರಬಹುದು ಆದರೆ ಭಾರತದ ಜನರಿಗಿರುವಷ್ಟು ಸ್ವಾತಂತ್ರ್ಯ ಚೀನಾದ ಜನರಿಗಿಲ್ಲ ಜನರು ಬಹಿರಂಗವಾಗಿ ಮಾತನಾಡೋಹಾಗೇ ಇಲ್ಲ ಜನರಿಗೆ ಸ್ವತಂತ್ರವಾಗಿ ಬದುಕೋಹಕ್ಕೇ ಇಲ್ಲ ಅಂದ್ಮೇಲೆ ಎಷ್ಟಿದ್ರೆ ಏನುಪ್ರಯೋಜನ ಮೇರಾಭಾರತ್ ಮಹಾನ್,0
appu boss fan s like mdi,0
super lines bro,5
super super super,0
vivek bindra avra hindi version na kannadal helidake nimge danyavadaglu sir,0
super movie i like so much,5
yako rascal stupid,2
ಗುರು ಏನ್ editing,0
shaata daagar fans,3
avane sriman narayana,0
ಶಂಕರ್ ಅಶ್ವಥ್ ಸಾರ್,0
anna aswathama ge kannada barutta,0
thanks sir kayakve kailasa ja basva,0
ಆಂಗ್ಲ ಭಾಷೆ ಬಳಸೋ ಕಾಲದಲ್ಲಿ ಅಚ್ಚ ಕನ್ನಡದಲ್ಲಿ ಸಾಹಿತ್ಯ ಬರೆದಿರುವ ಬರಹಗಾರರಿಗೆ ಕೋಟಿ ಕೋಟಿ ನಮನಗಳು,3
supr song,0
mallad beliyodu shata,2
ಆಲ್ ದಿ ಬೆಸ್ಟ್ ರಕ್ಷಿತ್ ಬ್ರೋ ಕೀಪ್ ರಾಕಿಂಗ್,0
intha olle video nu dislike madiroru yentha kachada nanmaklirbeku,3
video noddor like kodro,0
next song yavaga release madtira nwaiting,0
super brother nev heledu estondu visaya ede anta gotedella super nem fan bro nan,0
shambhu baligar sir superrrrrrrrrrrrrr,5
super super super,5
bro ha dacchu su maga you are super no 1 roaster,0
wow wt i seen osmm,5
ajanish loknath en music kottiddiya ಗುರು ಚಿಂದಿ,0
p haagandre yenu nam hero yellakade gelbekalwa,0
ಹೊಲಸ ರಾಜಕಿಯ ದಿಂದ ನಮ್ಮ ದೆಶ ಅದಕ್ಕೆ ಹಿಂದ ಉಳಿದಿದೆ,4
promotion kammi aytu bro,5
sar super song,5
kolath hogiro kobhari mukadhavale,0
madona bro kanditha yarannau bidodu beda,0
i hv one doubt gay gu ivarigu en difference heli,4
i love you bro nice talking style,0
akbar yes bro,5
hindi song ka ling do please,5
suuuuuuuupeeeeeerrrrrrnfull roast for tiktoker s,5
why kannadigas not supporting kannada movies,1
yake avru uninstall madak hinde munde nodtidare andre avrige amount bartide ansutte tiktok enda,3
hahahaha lol nidiot beggar get lost,4
nyc,5
ಟೆಲಿಗ್ರಾಮ್ ಅಂತ app ಇದೆ ಅದನ್ನ ಮೊದಲು ಬ್ಯಾನ್ ಮಾಡ್ಸಿ ಸರಿಹೋಗತ್ತೆ ಹೊಸ ಕನ್ನಡ ಸಿನಿಮಾ ರೀಲಿಸ್ ನಾಳೆಗೆ ಬಂದಿರುತ್ತೆ ಮೊಬೈಲ್ ಗೆ ಟೆಲಿಗ್ರಾಮ್ ಅಲ್ಲಿ,3
parthasarathi le randimagne modlu nimma appa amma hige mattadu kalisiddara modlu ninu mataadiddu aariti nodo hogo first,2
ಈ ಚಲನಚಿತ್ರಕ್ಕಾಗಿ ಎಷ್ಟು ಜನರು ಕಾಯುತ್ತಿದ್ದಾರೆ nlike madi nodana,0
b s ayyo sulemaklu,1
nav avnaa meet agboda sir,0
superb sir,5
ನಾನು ಲೈಕ್ ಮಾಡಿದೆ,0
entha savu marre idu nexam alli ans nepagalla 1line bardu 2nd line baribekidre ide song barutte,0
ಚರಿತ್ರೆ ಸೃಷ್ಟಿಸುವ ಅವಥಾರ nಅವನೇ ಶ್ರೀಮಾನ್ ನಾರಾಯಣ nನಿಜಾ ಗುರು ಈ ಚಿತ್ರ ಚರಿತ್ರೆಯನ್ನು ಸೃಷ್ಟಿ ಮಾಡುತ್ತದೆ,0
ಈ ಚಲನಚಿತ್ರಕ್ಕಾಗಿ ಎಷ್ಟು ಜನರು ಕಾಯುತ್ತಿದ್ದಾರೆ nlike madi nodana,0
420 tik tok 420 china,4
tiktok mado gaandu s maklu,3
niddeburak thumba ne strong iddane guru,0
shivu rajkumarnpunith rajkumarnraghavendra rajkumarnavvr ge chance kodda beku pappa,4
promotion chennag madilla,1
24 ಮಿಲಿಯನ್ಸ್ ಆದ್ಮೇಲೆ ನೋಡ್ತಾ ಇರೋರು ಲೈಕ್ ಮಾಡಿ,0
ಸಾರ್ ಟೈಟಲ್ ಕ್ಯಾಬ್ ನಲ್ಲಿ ಭಾವುಕರಾದ ಶಂಕರ್ ಅಂತ ಹಾಕಿ nnview ಜಾಸ್ತಿ ಆಗಲು ಕಸರತ್ತು ಮಾಡದಿರಿ nnಕಂಟೆಂಟ್ ಇದ್ದರೆ ಜನ ನೋಡ್ತಾರೆ,0
gopal kabja release aagli inge support madthivi but nw it s asn time,0
basava basavaraj mind your words maathina mele niga irli,0
hands up _if u like nhands up _movie superhitnhands up _record breakern iddu hosa dakale shrutiso samaya,0
ಸರಿಯಾದ planning ಇರಬೇಕು ನಮ್ಮ ರಾಜ್ಯದವರು business ನಲ್ಲಿ improve ಆಗ್ಬೇಕು,2
ಬಹಳ ಚನ್ನಾಗಿದೆ ಒಳ್ಳಯ ಸಾಹಿತ್ಯ ಒಳ್ಳಯ ಸಂಗೀತಾ ಕೇಳಲು ತುಂಬಾನೆ ಮಜಾ ಬರುತ್ತೆ ಶತದೀನೊತ್ಸವ ಆಚರಸಲಿ ಈ ಚಿತ್ರ,0
making super sir,5
en guru song edu,0
monster_kannada nsandalwood dagar dasa dboobs,5
ಸಂದರವಾದ ಕಲ್ಪನೆಯ ಕಥೆ ತೊಗರಿ ತಿಪ್ಪ,0
hand s up,5
rex ಕಟ್ಟಬೇಕು bronಖಂಡಿತಾ ಕಟ್ಟುತ್ತೆ bro,0
lingaraju m,0
pakka prufff kodi,1
tiktok dattu putra ugeeri inna,0
ರಕ್ಷಿತ್ ಶೆಟ್ಟಿ ಕನ್ನಡದ ಬೆಲೆ ಕಟ್ಟಲಾಗದ ಮಾಣಿಕ್ಯ,0
anna sariyag matadidhiraa,0
ಆದರೆ ನಿಮ್ಮ ಕಾಮೆಂಟ್ ಗೆ ಲೈಕ್ ಮಾಡಿದವರು ರಕ್ಷಿತ್ ಫ್ಯಾನ್ಸ್,0
kannada film industry ge mattondu gari,0
bro instagram nalli vagul dengorige edetara aapidri bro,3
telugu lyrics super,5
ಯಾರು ಆವಾಗಾವಾಗ ಬಂದು ಹಾಡು ಕೇಳ್ತಾ ಇದ್ದೀರಾ nಒಂಥರಾ ಚೆನ್ನಾಗಿದೆ,0
all the best sandalwoodಒಡೆಯಾ ಡೀ ಬಾಸ್ ಫ್ಯಾನ್ಸ್,0
m v,5
ಬ್ರೂ ಯೂಟ್ಯೂಬ್ ಯಾ ದೇಶಕ್ಕೆ ಸೇರಿದ್ದು ಅಂತ ಗೊತ್ತಿಲ್ಲ ಅದರ ಬಗ್ಗೆ ಮಾಹಿತಿ ತಿಳಿಸಿಕೊಡಿ,0
super sir,5
masthmaga na duplicate madbitaru amar sir,2
varshakke 3 thagadu movie madi industry haal mado hero galu ondh kade adrenn3 varsha kasta pattu ondhu olle film mado namma rakshith shetty haagu yash innondh kade n,3
ಅಭಿನಯ ಚಕ್ರವರ್ತಿ ಅಭಿಮಾನಿಗಳ ಶುಭ ಹಾರೈಕೆಗಳು,0
hi good day next,5
50 ಮಿಲಿಯನ್ ಆಗುತ್ತೆ ಅನ್ನೋರು ಲೈಕ್ ಮಾಡಿ,0
houdu niv helidu 100 nija sir,0
kathe tumba ista aythu,0
nice bro nanu yella chinese app na delete madidinin,0
ಸರ್ ನಿಮಗೆ ಇನ್ನು ಸಿನಿಮಾದಲ್ಲಿ ನಟನೆ ಮಾಡೋಕ್ಕೆ ಚಾನ್ಸ್ ಸಿಗಬೇಕು,0
ನಾನು ಕೂಡ ಬಿಟ್ಟಿಯಾಗಿ ನೋಡಿದೇನಿ ನನಗೆ ಒಂತರಾ ಮನಸ್ಸಿಗೆ ನೋವು ಆಗ್ತಾ ಇದೆ ನಾನು ಸಿನಿಮಾ ಗೆದ್ದಿದೆ ಬಟ್ ದುಡ್ಡು ಬರಲಿಲ್ಲ ಸಿನಿಮಾಗೆ,1
kayakave kailasa sir,1
anyone after 10m like please,0
akbar even kgf had songs,5
ದಯವಿಟ್ಟು ನನ್ನ ಎಲ್ಲಾ ಕನ್ನಡಿಗರಲ್ಲಿ ಒಂದು ವಿನಂತಿ,0
super agi hugdidiya bro,0
seems like they are sallu muvi fans,3
y boss yaro sade,1
smarter than u ಮೊದ್ಲು ಕನ್ನಡ ಬಳಸಿ ಕನ್ನಡ ಲಿಪಿಯಲ್ಲೆ ಬರೆಯಿರಿ nಕನ್ನಡವೇ ಸತ್ಯ ಕನ್ನಡವೇ ನಿತ್ಯ,2
anjali devi mk,2
nanu 10 bari nodidene nsuper,0
awesome song,5
kannadigaru dislike madbardu,1
super agi mathadthiya bro,0
ಇವನೇ ಶ್ರೀಮನ್ನಾರಾಯಣ ಕನ್ನಡಿಗ,0
ಚಂದನ್ ಶೆಟ್ಟಿ ಟ್ರೊಲ್ ವಿಡಿಯೋ ನೀವು ನೋಡಿ ನೆಗಡ್ಡೆ ಇದ್ರೆ ನಾವ್ ಗ್ಯಾರಂಟಿ,0
ಗೌರೀಶ್ ಸರ್ ದಯವಿಟ್ಟು ದಿಯಾ ಚಿತ್ರದ ನಿರ್ಮಾಪಕರ ಬ್ಯಾಂಕ್ ಅಕೌಂಟ್ ನಂಬರ್ ಹಾಕಿ ನನ್ನ ಟಿಕೆಟ್ ಹಣವನ್ನು ಅವರಿಗೆ ಹಾಕಬೇಕು ನಮಗೆ ಈ ಚಿತ್ರವನ್ನು ಸೋಲಿಸಿದಿವಿ ಎಂಬ ಪಾಪಪ್ರಜ್ಞೆ ಕಾಡತಾ ಇದೆ,0
jai creative kanadiga,0
prajwal look is different,0
ಸತ್ಯವಾಗಲು ಸರ್ ನನಗೂ ಕೂಡ ಹಾಗೆ ಅನಿಸುತ್ತಿದೆ ಕಂಡಿತ ನಾವು ಈ ಸಿನಿಮಾ ಥಿಯೇಟರ್ ನಲ್ಲಿ ನೋಡಲಿಲ್ಲ ಅನ್ನೋ ಬೇಜಾರು ತುಂಬಾ ಆಗಿದೆ,1
super songs in kannada indastry,0
6 5 2 nalli nijvadh video antha posteralli nodide but movie nodida mele gotthaythu adu sulu antha,3
nija bro urkolli bidi,1
കേരളത്തിലെ നല്ലവരായ സിനിമ പ്രേമികളുടെ ഏറ്റവും പ്രിയങ്കരനായ nrakshit shetty nwe love u rakshitt shetty nhandsupnvijay prakash sound make its more beautiful,5
ತೊಗರಿ ತಿಪ್ಪ ಸೂಪರ,0
ಏನ್ರೀ ಇದು ಇಷ್ಟು ಜಾಹಿರಾತುಗಳು ಬರ್ತಾ ವೇ ಸ್ಕಿಪ್ ಮಾಡಿ ಮಾಡಿ ನೋಡಬೇಕಾಗಿದೆ,3
dia ರೀ ರಿಲೀಸ್ ಮಾಡಿ,0
gowda muchtiya solpa,2
ಕ್ಷಮಿಸಿ ದಿಯಾ ಟೀಮ್,0
flop movie boring,4
china avru nan shata,3
wow hand s up ಚರಿತ್ರೆ ಸೃಷ್ಟಿಸೊ ಅವತಾರ super,0
super guru neenu,0
super song,0
ಗುರು ಎಲ್ಲಿದ್ದೆ ಗುರು ಇಷ್ಟು ದಿನ,0
dislikers are rashmika fans maybe,3
enu guru song saktha kick kodtha edae super asn,0
hands up super song,5
those 1 3k dislikes are seems to be fan of rashmika,3
e varsha bad news keli keli saakagittu first good news of 2020,0
keerthan kumar ಅದು ಒಂದ್ ಪದ ಬಿಟ್ಟು ನೋಡು,0
super song amazing lyrics,0
duplicate video,4
super movie sir,5
ಆ ಬಂದುಕಿಗೆ ಇದೆ ಘನ ಹೆಸರು,0
ಏನ್ ತುಕಾಲಿ ಫ್ಯಾನ್ಸ್ ಮರ್ರೆ ಟ್ರೈಲರ್ ಬಗ್ಗೆ ಕಾಮೆಂಟ್ ಮಾಡೋದು ಬಿಟ್ಟು ಆ ಫ್ಯಾನ್ಸ್ ಕಡೆಯಿಂದ ಅಲ್ ದಿ ಬೆಸ್ಟ್ ಈ ಫ್ಯಾನ್ ಕಡೆಯಿಂದ ಆಲ್ ದಿ ಬೆಸ್ಟ್ ಥು ಇವ್ರ ಜನ್ಮಕ್ಕೆ,3
ಚಂದನ್ ಶೆಟ್ಟಿ ಟ್ರೊಲ್ ವಿಡಿಯೋ ನೀವು ನೋಡಿ ನೆಗಡ್ಡೆ ಇದ್ರೆ ನಾವ್ ಗ್ಯಾರಂಟಿ,0
telugu comments copy madbutta,2
basavaraj tambak lol peddha,2
idu charitre srustiso avatara asn,0
wow great work,5
parthasarathi ನಿನ್ ತುಲ್ಲಗೆ ಕಿಂಗಫಿಶರ್ ಬಿಯರ್ ತುರ್ಕಾ ನಿನ್ ತುಲ್ಲಿಗೆ ನನ್ ರಾಡ್ ಹಾಕ್ಲಿ ಎಷ್ಟೇ ನಿಂದು ತುಲ್ಲು,2
parthasarathi kurukshethra hindi version relies madoke helu first dubbing madi yak waste madthira,3
super super super,4
is it true,5
swag se swagat,5
malayalam singer is good,0
ಸೂಪರ್ ಸರ್,0
most liked kannada song,0
diya,5
shetty naa yaavatu shetty bandagindha kannada industry ketede antha helilla aadre bereyavaru eedare evaara banner aali baari majority aage shetty nee eerodu,3
idu charithre srishtisuva comment guru,0
paramvah music uuuujnxgjmifjkijhn ya jinhen,0
mtr,0
super trailer sir,5
manoj kadakal same here,5
make it in hindi also,5
yentha shoot madbeka,1
ಕನ್ನಡ ಸಿನಿಮಾ ಸೂಪರ್,0
what a tiktok song super,5
100 nija sir appaji tarah yaaru barolla ulidre kelavu snetaru bartaare devru saha barolla,0
sry bro ಥಿಯೇಟರ್ ಅಲ್ಲಿ ನೋಡೋಕೆ ಕರೋನ ಎಫೆಕ್ಟ್ ಕೊಡ್ತಾ ಇದೆ plz ಡೈರೆಕ್ಟರ್ ಬ್ಯಾಂಕ್ ಅಕೌಂಟ್ ನಂಬರ್ ಕೊಡಿ ನನ್ ಟಿಕೆಟ್ ದುಡ್ ಹಾಕ್ತಿನಿ,0
ee boli maklige deshakoskara1 app delete madakkaglilla,4
tumba olle vishya tilsidira geleya ellaru prayatna madona,0
promotion madilla guru adke jana bandilla,3
nanu attidini climax nalli,0
super songs super steps,0
ನಿವು ಹೇಳಿರೋ ಮಾತು ನನಗೆ ಜೀವನ ಶೈಲಿಯ ಒಂದು ಪಾಠ ಸರ್,0
ಅವನೆ ಶ್ರೀಮಾನ್ ನಾರಾಯಣ 300 ಕೋಟಿ ಅರಾಮಾಗಿ ಮಾಡುತ್ತೆ ಅನ್ನುವವರು ಲೈಕ್ ಮಾಡಿ,0
hello dr vivek bindra video copy madidra never mind copy adru channagittu,0
movie was amazing,5
super song handsup,5
tuu avr sentiment na touch madi kaan neer haksi adana cover photo madi view tagotira,4
di a di nhuge fan from ntamilnadu,5
re relice agbeku,0
rip for 1 8dislikers devaru nimma atmakke shanti kodli,3
nataka chennagi edge,0
super bro,0
sir nimma voice nalli power ede,0
kannadigaru dislike madbardu,1
exlent movie my favorite movie,5
pubgi kooda ban agbikittu,0
ತೊಗರಿ ತಿಪ್ಪ ಬಾಳ ಚಂದ ಐತರಿ,0
ಅವರ ಇಚ್ಛೆಯಂತೆ 300 ಕೋಟಿಗೂ ಮೀರಿ ಕಲೆಕ್ಷನ್ ಮಾಡಲಿ,0
500k likes edhe mutbhodu nangansdhamge,0
ಸೂಪರ್ ಗುರು ಇನ್ನು ಸ್ವಲ್ಪ ಉಗಿರಿ ಟಿಕ್ ಟಾಕ್ ಮಾಡೋರ್ಗೆ,0
awesome estu sari kellidru innod sari kellonna anstide addictive music nstory looks like rango,2
ಶಂಕರ್ ಅಶ್ವಥ್ ಸರ್ ನೀವು ಒಬ್ಬ ಒಳ್ಳೆಯ ವ್ಯಕ್ತಿ,0
ಡುಬೇಕ್ add ಕಾನುನುಬದ್ದವಾಗಿದೆಯ ಇಂಜಿನಿಯರಿಂಗ್ ಮಾಡಿ ಕೆಲಸ ಮಾಡೊದ ಬಿಟ್ಟು ಜೂಜ್ ಆಡ್ತನಂತೆ ಲಕ್ಷ ಕಳೆದುಕೊಂಡು ಮೇಲೆ ಬುದ್ಧಿ ಬರತ್ತೆ,1
darshan sir swalpa sahaya madidare,0
sak sak thika muchrole aathara career change yenagalla laude nan makla hog kelsa nodi,3
hands up matte song kelbeku anta ansorige,0
ganesh bhat ಬೆಡುವ ಅವಶ್ಯಕತೆ ನನ್ನಗೆ ಇಲ್ಲಪ್ಪಾ ಬೆಕಾದರೆ ನಿನೆ ಬಾ ಪ್ರಿ ಅಗಿ ಉಟ ಹಾಕತಿನಿ,2
super rakhit we love u and kannada,0
r hu bro name halmodakke,2
super song lovley may song,5
super video broo,5
12 dislikes by gandu nanmakalu,4
idu chaitre srustiso avatara,0
wat dat means bro,5
idu charitrae srushtiso cinemannae,0
guruve en creative sharanu love u kannadiga,0
hauda angadre hogi avn tunne unnu,1
marketing swalpa bekittu ansutte,4
edu charitre srustiso avatara,0
paramatma sumne irappa loss agoke avar en bikari ella neev olle thukali build up kodta idira sumne,2
theater alli beats sakath agi kelsta ettu guru,0
ellar mobile alli dia movie ide kanri theatre ge jana yake barthare heli yake online alli leak aythu movie nonline alli movie nosbodu andre jana bidthara heli neeve,3
ಈ ಹೊಸ ಚರಿತ್ರೆಯ ಅವತಾರ ಇತಿಹಾಸ ಆಗ್ಲಿ ನಾರಾಯಣ nn ಕನ್ನಡ ಸಿನಿಮಾಭಿಮಾನಿ,0
super song sir,0
rakshit setty avru ondu d boss ge script barudre eng erutte d boss fans,0
naik tale mel hodiyoda ond kudlunu kithkollok agalla,2
stupid fans neenu darshan ge huttirbeku adike avn bagge ne mathadthidiya nimman thulna keyya soole magane nim amman thull ge kathe thunne sigaka hogi bale akolo aaa gaandu lucha thara,2
ಸರ್ ಪ್ಲೀಸ್ ರೀ ರಿಲೀಸ್ ಮಾಡಿ ಮೂವೀ ನಾ,0
harsith venktesh yake comedy anusathva kastadalli idhavarige help maadi punya siguthe,2
avane srimannarayana trailer bgm n re createdn,0
super dance step,5
dislikers bayalli shegani ida,3
mode on,5
mostly rashmika mandanna fans erbeku,0
kannada nigant allli dagar andre enu artha gotta n,1
subbaiah,5
tamil vishal movie remake,5
ಟ್ರೈಲರ್ ನೋಡಿ ಮೈಯೆಲ್ಲ ರೋಮಾಂಚನವಾಯಿತು ಪ್ರಜ್ವಲ್ ದೇವರಾಜ್,4
dagar binduna modlu china ge kalsrappa,0
ಯುದ್ಧ ಮಾಡಬೇಕು ಓದಬಾರದುnಕಟುಕರ ಮುಂದೆ ಭಗವದ್ಗೀತೆ nnಇದು ಚರಿತ್ರೆ ಸೃಷ್ಟಿಸೋ ಅವತಾರnರಕ್ಷಿತ್ ಸರ್,0
le gubad likes inda aden sigutto nimgella olle bhikshukara thara like maadi like maadi andkondu,1
ಚಿತ್ರರಂಗದಲ್ಲಿ ಸಂಚಲನ ಮೂಡಿಸಲಿ nಯಾರ್ ಯಾರಿಗೂ ಬಾಸ್ ಅಲ್ಲ ನಿಮ್ಮ ಸಿನಿಮಾ ಚೆನ್ನಾಗಿದ್ರೆ ಎಲ್ಲರೂ ನೋಡ್ತಾರೆ ಬಕೆಟ್ ಎಲ್ಲಾ ಮೂಲೆಗೆ ಹಾಕಿ ಇನ್ನೊಬ್ಬ ನಟ ಬಂದು ಹೇಳಿದ ಅಂತ ಯಾರು ಸಿನಿಮಾ ನೋಡಲ್ಲ ನಿಮ್ಮ ಅಭಿನಯ ಕಥೆ ಮನೋರಂಜನೆ ನೋಡಿ ಬರ್ತಾರೆ ಅಷ್ಟೇ nಶುಭವಾಗಲಿ,0
yelli eddru guru e music director super music ultimate music,0
jai d boss,0
super song,5
ತುಂಬಾ ಅನುಕೂಲ ವಾದ ನಟರಿದ್ದಾರೆ ನಮ್ಮ ಇಂಡಸ್ಟ್ರಿ nallinಸುದೀಪ್sir ಪುನೀತ್ sir ಶಿವಣ್ಣ ಧರ್ಶನ್ ಸರ್ nಇಂತಹ ಹಿರಿಯ ಕಲಾವಿದರಿಗೆ ಬಿಸಿನೆಸ್ ಗೆ nಹೆಲ್ಪ್ ಮಾಡಿದ್ರೆ ಚೆನಾಗಿರೋಧು ಇನ್ಕ್ಲೂಡಿಂಗ್ syedh ಇಂದ್ರಜಿತ್ ಅವರಿಗೂ kooda ಸಹಾಯ ಮಾಡಬಹುಧಾಲ್ಲವೇ,4
ulti music ajanish sir,5
that voice n sir nvere level song,0
comment s nali like madidre illi unlike madi super song ni will coming soon back n100 days super it move pakka,0
superb man,5
parthasarathi ಒನ್ ನೈಟ್ ಸಿಗೆ,2
nannna gelbodu endu nintanu orva raakshasa tappalla aadare aduve oohegu meerida saahasa,0
bro ee devru yallru india davre na athava india bittu ogallva,4
what a song avanesrimannarayana,0
ಕನ್ನಡದಲ್ಲಿ ಡೈಲಿ ಟೆಕ್ ಅಪ್ಡೇಟ್ಸ್ ಪಡೆಯಲು ಸಬ್ಸ್ಕ್ರೈಬ್ ಮಾಡಿ ನಮ್ಮ ಚನ್ನೆಲ್ಗೆ,0
those 1 3k dislikes are seems to be fan of rashmika,3
super song,0
karnataka one state but many world,0
anjali devi hi,5
bro hou to downlod,5
i salute u,5
dop and dance styles are lit,0
2020 super song,5
ಇದು ಚರಿತ್ರೆ ಸೃಷ್ಟಿಸುವ ಅವತಾರ awesome,0
1st telegram app close madsi amele ella bartare,3
my favorite movie,5
super chindiii sir sakkatagi ede,0
ನಿಮ್ಮ ಈ ಚಿತ್ರ ಇಡೀ ಭಾರತದಲ್ಲಿ ಜನ ಮಾತಾಡೋ ಥರಾ ಆಗುತ್ತೇ,0
balasiddare sir hands up anta,0
guru sakathage helde nin superb superb ashte,0
like madok agila andru parvagila yaru dislike madbedi,0
le ganduntikamucchunnee tara worst song nin kayalli madakke agutta,4
amruta kud dashte santosha kanla,0
super guru snllnllnnl,5
i hope salmaan vai didn t watch it,5
en helde guru it s true,0
ವಾರಕ್ಕೆ 10 15 ಸಿನಿಮಾ ರಿಲೀಸ್ ಆದರೆ ಯಾರ್ ನೋಡ್ತಾರೆ,1
ಸರ್ ನಿಮ್ಮಂತಹ ವ್ಯಕ್ತಿತ್ವದ ಜೀವನಕ್ಕೆ ನನ್ನ ಶರಣು ಶರಣಾರ್ಥಿಗಳು ಆ ಸೃಷ್ಟಿಕರ್ತನ ಅನುಗ್ರಹ ಸದಾ ನಿಮಗಿರಲಿ ಎಂದು ಹಾರೈಸುವೆ,0
ಕೆಲ ದಿನಗಳ ಹಿಂದೆ ಕನ್ನಡದ ನಟ ಒಳ್ಳೆಯ ಕನ್ನಡ ಸಿನಿಮಾಗಳನ್ನು ನೋಡಿ ಅಂತ ಸ್ವಲ್ಪ ಖಾರವಾಗಿ ಹೇಳಿದಾಗ ಎಲ್ಲಾರು ಕೆಟ್ಟದಾಗಿ ಅವರನ್ನು troll ಮಾಡಿದರು ಹೇಳಿದವರು ಮಾತ್ರ ಕೆಟ್ಟವರಾದರು ಆಗ ನೀವು ಸುಮ್ಮನೆ ಇದ್ದಾರಿ ಈಗ ಅನುಭವಿಸಿ ಈ nಪರಿಸ್ಥಿತಿಗೆ ಕಾರಣ ಕನ್ನಡ ಚಿತ್ರರಂಗದಲ್ಲಿ ಒಗ್ಗಟ್ಟು ಇಲ್ಲ,1
nan november indha kaytiddhe,1
yella shatti gale,1
mast roast madidi anna,0
well said part 2 madu chinna chanagide,0
ಎಂದು ಮರೆಯದ ಸಾಹಿತ್ಯ,0
you have bright future,5
sakkatt agine kyakirsi ugdidira sir,0
flair gun in pubg,5
ಡಿ ಬಾಸ್ ಅಭಿಮಾನಿ ಸೂಪರ್ ಗುರು,0
anand n 1,5
2019 utter flop in sandlewood,3
ನಮ್ d boss ಶಾಟ ಕ್ಕೂ ಸಮ ಇಲ್ಲಾ ಮಗನೇ ಅವುನ್ ಮಾಡಿದ ಫಿಲಂ ಅಷ್ಟು ಎಕ್ಸ್ಪೀರಿಯೆನ್ಸ್ ಆಗಿಲ್ಲ ತುಲ್ಲರೆ ಮಾತಾಡ್ತೀಯಾ ಹಾದರಗಿತ್ತಿ ಮಗನೇ lo mari evrella one film madi buildup tagotare ಅವ್ರು ಫಸ್ಟ್ ಫಿಲಂ ಅಲ್ಲೇ ಕ್ರೇಜ್ ಹುಟ್ಟಿ ಹಾಕಿದವರು ಅವ್ರು ಫಸ್ಟ್ ಫಿಲಂ ಮೆಜೆಸ್ಟಿಕ್ ಫಿಲಂ ರಿಲೀಸ್ ಆದಾಗ ನಿನ್ ತುಣ್ಣಿ ಇನ್ನು ಬಲ್ತು ಇರ್ಲಿಲ್ಲ ಗೂಬೆ ತುಲ್ಲಿಗೆ ಹುಟ್ಟಿದ್ ಬೋಳಿಮಗನೇ ನಿಮ್ಮ ಅವ್ವ ಸೂಳೆ,3
idu fantasy film tara kantide alva,0
i like super guru edu edu video andare,0
ಅರ್ಜುನ janya e music director na nodi kali,3
gopal avn ondhu hero na thu,2
ಇದು ಚರಿತ್ರೆ ಶೃಷ್ಟಿಸೋ ಅವತಾರ nರಕ್ಷಿತ್ ಶೆಟ್ಟಿ namma emotion ಅನ್ನೋರು ಲೈಕ್ ಮಾಡಿ,0
dislike madiroru rashmika kade avre erbeku,3
asom song vijaya prkasha,0
hahahaha lol nidiot beggar get lost,4
vijaya prakash sir spr,5
tiktok ಮಾಡೋರನ್ನ ಇಂಡಿಯಾ ಗಡಿ ಗೆ ತಗೊಂಡುಹೋಗಿ ಬಿಟ್ರೆ ಗೊತಾಗುತ್ತೆ ಅವಾಗ,3
thank you sir,5
super song,0
kelly kannada da bagge sumne matadidre includes people too adu namgu naatutte,1
gowtham kiccha nimamman oorsoole nimammam thullige bale sigskondu keythivi hushaaru sik sikkid kade thika kodtha edre hardu oorbaglu madthivi amele doctorgu holge jaga erbardu hange keythivi beware bale pans,2
wow nice movie,5
parthasarathi ನಿಮ್ಮ ಅಪ್ಪ ಸೂಳೆಮಗ,2
kelsa made dudedu duddu tandu kode,1
it is karabu,5
tune at 2,1
boss mania bhrame nalli baduktidiya chinna nnmodlu darshan ye boss ge bucket hidadu beladirodu adunna taleli itko nndarshan antha 100 jana na industry boss belsavrennavryako innobban ge bucket hiditare bucket nan magne,1
aadu nane broo soul naa replacement maddee bere body gee antha aansthidee,4
loo nim makha muccha e video gu dislike yenro nim hendti munde haga avr character nodi kaliro life andre yenu antha thu nanmakla,4
super sr,5
ಹೊಸತನ ಅಂತ ಇದಕ್ಕೆ ಹೇಳೋದು ಕನ್ನಡದ ಯಶಸ್ಸು ಇನ್ನೊಂದು ಹಂತಕ್ಕೆ ಶತದಿನೋತ್ಸವ ಆಚರಿಸಲಿ ಯಶ್ ಅಭಿಮಾನಿ ಬಳಗ,0
super rakist setty,5
sir ond mathelthini ond sarkara minimom 20 varsha irbeku avaga desha abiruddiagokke ankula aguthe brastachara nilbeku,0
creative rakshit shetty,5
ಅಣ್ತಮ್ಮ ಸೂಪರ್ ಆಗಿ ಉಗ್ಧಿದಿಯ ಬೋಲೋ ಮಕ್ಳಿಗೆ ಬಾರ್ಡರ್ ನಲ್ಲಿ ಅವ್ರ ಅಪ್ಪ ನೋ ಅಣ್ಣ ತಮ್ಮ ಯಾರಾದ್ರೂ ಇದ್ದಿದ್ರೆ ಇತರ matadtirlilla bolimaklu,4
all the best sir ದೇವರು ನಿಮಗೆ ಒಳ್ಳೆದು ಮಾಡಲಿ ಎಲ್ಲರ ಜೀವನದಲ್ಲಿ ಏಳು ಬೀಳು ಅನ್ನೋದು ಇದ್ದೇ ಇರುತ್ತೆ ಕಷ್ಟ ಅನ್ನೋದು ಯಾರಿಗೂ ಬಿಡೊಲ್ಲಾ ಬರೋ ಕಷ್ಟಗಳನ್ನ ಧೈರ್ಯದಿಂದ ಎದುರಿಸೋರೆ ನಿಜವಾದ ಹೀರೊಗಳು,0
imraan sir super coriyagraphy,5
sir nivu news helida hage heltiri sir,2
kumar halijol yes pa observe madlilla,0
anna nanu dhevara hathra kellkonthini e movie success kandu nimma cini journey yalli life turning movie aglli antha gud luck bro jai hanuman support from d boss abimaani,0
all the best for rocking star fans song vibinna vagidhe,5
ನನ್ ಮಕ್ಳಾ ಎಲ್ಲರೂ ಕನ್ನಡದವರೇ ಇಲ್ಲಿರೋದು ಶಾಟದ ಇಂಗ್ಲಿಷ್ ಕಾಮೆಂಟ್ ಹಾಕ್ತೀರಾ ಒಬ್ಬೊಬ್ಬನಿಗೆ ಒಬ್ಬೊಬ್ಬ ಹೀರೋ ಇಷ್ಟ ಸುಮ್ನೆ ಕನ್ನಡದ ಹಾಡುಗಳನ್ನ ಕೇಳಿ ಇಷ್ಟ ಆದರೆ ಕಾಮೆಂಟ್ ಅಲ್ಲಿ ತೋರಿಸಿಕೊಳ್ಳಿ ಕಷ್ಟ ಆದರೆ ಮುಚ್ಕೊಂಡು ಮನಸಲ್ಲಿಟ್ಕೊಳ್ಳಿ ಹೀಗೆ ನಾವೆಲ್ಲ ಕನ್ನಡದವರು ಕಚ್ಚಾಡ್ತಾ ಇರೋದ್ರಿಂದಾನೆ ಕನ್ನಡಾನ ಉಳಿಸಿ ಅಂತ ಬೋರ್ಡ್ ಗಳು ಹೆಚ್ಚಾಗ್ತಾ ಇರೋದು nಒಬ್ಬ ಅಪ್ಪನಿಗೆ ಹುಟ್ಟಿದ ಯಾವೋನು ಸ್ಟಾರ್ ವಾರ್ ಗೆ ಬೆಂಕಿ ಹಚ್ಚೊ ಕೆಲಸ ಮಾಡಲ್ಲ nಹಾಗೆಲ್ಲ ಮಾಡೋರು ಸೂಳೆ ಮಕ್ಕಳು ಅಂದ್ರೆ ತಪ್ಪೇನು ಇಲ್ಲ nಇದನ್ನೆಲ್ಲ ಇಲ್ಲಿಗೆ ನಿಲ್ಲಿಸಿ ಕನ್ನಡ ಉಳಿಸಿ ಬೆಳೆಸೋದರ ಕಡೆ ಗಮನ ಕೊಡಿ nಕನ್ನಡಿಗರೆಲ್ಲಾ ಯಾವತ್ತೂ ಒಂದೇ ಅನ್ನೋದನ್ನ ಜಗತ್ತಿಗೆ ತೋರಿಸೊ ಅಂತ ಕೆಲಸ ಮಾಡೋಣ ಜೊತೆಯಾಗಿ nಜೈ ಕರ್ನಾಟಕ ಮಾತೆ,1
prajwal devaraj looks sooooo handsome in ananthu vs nusruth kannada movie,0
sona link a theatre hogi nodi nim avrindha olle films ge value illa,3
kumar super,5
ಅದ್ಭುತವಾಗಿದೆ ಚಿತ್ರ ದಿಯಾ,0
parthasarathi loo sisya nin yello erodu,1
ಎಲ್ಲಾ ನಂಬಿಕೆ ಅಷ್ಟೇ,1
ಬ್ರೋ ಅವರು ಗೆ ದೇಶದ ಬಗ್ಗೆ ಅಭಿಮಾನ ಇಲ್ಲಾ ಬಿಡಿ,4
kgf 2 songs bartave with bang bang bgms,0
soooper d boss,5
krishna tirividi ಹೌದು ಕರೆಕ್ಟ್ ಅಪ್ಪು ಫ್ಯಾನ್ ಕಡೆಯಿಂದ,0
slow poison song annoru like maadi,0
yake jana ogtila andre bec of telegram app bec yala movie galu 1 week ge sigtide yalrugu phone ale nodtidare tuu itara ole cinimas na yaru ogi nodtilwala anode bejaruu ban the telegram appnplzz,4
hahahaha lol nidiot beggar get lost,4
ಸೂಪರ್ ಆಗಿ ಹೇಳಿದೀಯಾ ಬ್ರದರ್,0
ನನ್ನ ಗೆಲ್ಬೋದು ಅನ್ನುತ ನಿಂದನು ಓರ್ವ ರಾಕ್ಷಸnnತಪ್ಪಲ್ಲ ಆದರೆ ಅದುವೆ ಊಹೆಗು ಮೀರಿದ ಸಾಹಸ,0
ಈ ಟ್ರೈಲರ್ ಪ್ರಜ್ವಲ್ ದೇವರಾಜ್ ಕೆರಿಯರ್ ನ ಬೆಸ್ಟ್ ಟ್ರೈಲರ್ ಒಳ್ಳೆಯದಾಗಲಿ ಆಲ್ ದಿ ಬೆಸ್ಟ್ ಫ್ರಮ್ ಅಪ್ಪು ಬಾಸ್ ಫ್ಯಾನ್ಸ್,0
super songs,5
correct alva guru nin mathu 100 sathya,0
sir avn height eshtu age eshtu kelbit heli pls,0
gowda hi goodmorning,5
m q,5
ಇದು ಚರಿತ್ರೆ ಸೃಷ್ಟಿಸೋ ಅವತಾರ,0
ಮಿಂಡರಿಗುಟ್ಟಿದೊನೆ ನಿನ್ನ ಮಾತೆ ಹೆಚ್ಚಾಯಿತಲ್ಲೋ,2
olleya sandesh yelidri sir your great tq sir and happy jurny,0
salute you bro,5
ನಾವೆಲ್ಲಾ ಕನ್ನಡಿಗರು nplease nಇಲ್ಲಿ nಗಟ್ಟ ದ ಮೇಲಿನವರು nಗಟ್ಟದ ಕೆಳಗಿನವರು nಕರಾವಳಿಯವರು nಉತ್ತರಕನ್ನಡದವರು nಉತ್ತರಕರ್ನಾಟಕದವರು nಹಳೇಮೈಸೂರಿನವರು nಮಂಡ್ಯದವರುnಬೆಂಗಳೂರಿಗರು nಮೈಸೂರಿನ ವರು nಕೊಡಗಿನವರು nಕುಂದಾಪುರದಕಡೆ ಜನ nಹೀಗೆ nಯಾಕೆ ಇಬ್ಬಾಗ ಮಾಡಿ ನೋಡ್ತೀವಿ nಬೇಡ ಈ ರೀತಿ ನೋಡದೇ nನಾವೆಲ್ಲಾ ಕರುನಾಡುnಕರ್ನಾಟಕದ ಮಕ್ಕಳು ಅಂತ ಯಾಕೆ ನೋಡಬಾರದು nplease nನಾವೆಲ್ಲಾ ಈ ಮಣ್ಣಿನ ಮಕ್ಕಳು nಅವರೆಲ್ಲಾ ಈ ಮಣ್ಣಿನ ಹಿರಮೆಯನ್ನ ಮೇಲ್ಮಟ್ಟ ಕ್ಕೆ ಕೊಂಡೊಯ್ಯ್ದವರು nಹಾಗೆ ನಾವ್ ನೀವ್ ಎಲ್ಲಾ ಒಟ್ಟು ಕೂಡಿ ಕರ್ನಾಟಕದ ಗರಿಮೆಯನ್ನ ಇನ್ನ ಎತ್ತರಕ್ಕೆ ಕೊಂಡೋಯ್ಯಣ nನಾವ್ ಕನ್ನಡಿಗರು nನಾವ್ ಭಾರತೀಯ ರು nnನಮಸ್ಕಾರ,0
climax swalpa change madbekittu,3
yella ok iee aroygyake hankaraka bidi yake,1
yappa en song anna super song,0
the togari tippa drama supeeb,5
haa ebbbaru obbare,1
super song and super dance,5
darshan abimanikade enda koda best of luck,0
ಸೂಪರ್ ಬ್ರದರ್,0
much love,5
ಬಿಟ್ಟಸ್ಥಳ sa _a,0
i like u aadhi,5
what a music nwhat a lyric nwhat a choreography nwhat a camera working ntotally awesome nನಿಜಕ್ಕೂ ಇದು ಚರಿತ್ರೆ ಸೃಷ್ಟಿಸೋ ಅವತಾರ nಅಜನೀಶ್ ಗುರುಗಳೇ ನಿಮಗೊಂದು ಸಲಾಂ nರಕ್ಷಿತ್ ಶೆಟ್ರೆ ಒಳ್ಳೇದಾಗಲಿ nಮೂರು ವರ್ಷ ಪಟ್ಟ ಶ್ರಮ ಫಲಕೊಡುವಂತಾಗಲಿ all the best to you sir,0
qdvfs67tr 9,5
super song,0
ಇನ್ನು ಕೇವಲ 1000 ಮೆಚ್ಚುಗೆಗಳು ಲೈಕ್ ಬೇಕಿದೆ ಅತಿ ಹೆಚ್ಚು ಮೆಚ್ಚುಗೆಗಳು ಲೈಕ್ ಪಡೆದ ಕನ್ನಡ ಚಲನಚಿತ್ರದ ದೃಶ್ಯ ಗೀತೆ ವೀಡಿಯೊ ಹಾಡು ಆಗಲು nಯೂಟ್ಯೂಬ್ ನಲ್ಲಿ nದಿನಾಂಕ,0
super movie yallaru hogi nodi,0
communist sarkar beku bharat dalli nu nam avrige freedom jasti agide,0
best film ide sirr love u alla ಯಾಕೆ ಇ film ಇಷ್ಟ ಅಂದ್ರೆ ಇದರಲ್ಲಿ ಬರುವ ಪಾತ್ರ ನಮ್ಮ್ಗ ಎನೂ link ಇದೇ ಅನ್ನೋ ಥರ ಇದೆ supper sir,3
different aagide song n,0
cg avaru hyderabad alli irodu anta heliddu hyderabad karnataka region anta helilla,0
ಆ 247 ಜನ dislikers ರಶ್ಮಿಕಾ ಮಂದಣ್ಣ die hard fans ಇರಬೇಕು,3
ಕಿಚ್ಚ ಸುದೀಪ್ ಅಭಿಮಾನಿಗಳು ವತಿಯಿಂದ all the best,0
ಕೊನೆಗೂ ಟಿಕ್ ಟಾಕ್ ಬ್ಯಾನ್ ಆಯ್ತಲ,0
boss nin vedio na use madkola roposo nalli post madtini pls bro,0
ರಣಧೀರ ಮತ್ತು ಶಂಕರನನ್ನ ನನೆನಪು ರಕ್ಷಿತ್ ಶೆಟ್ಟಿಯಲಿ ಅವನೇ ಅವನೇ ಯಾರವನ್ ಶ್ರೀಮನ್ ನಾರಾಯಣ,0
namdu mind set hege andre,1
ನಾವು tik tok use ಮಾಡಿದಿವಿ ಬ್ರದರ್ but,0
guru super video tq guru,0
anna super nivu yallidnda baiyodu kalthe,0
benki anna benki,0
trailer andre eg erbeku,0
slow poisening song suuper,5
awesome song,0
re release madi,0
ಪ್ರಚಾರದ ಕೊರತೆಯಿಂದ ಈ ಸಿನಿಮಾ ಸೊತಿದೆ,1
nija ashwattama chiranjivi krishna kottiro shapa,0
2020 ಇಪತ್ತರಲ್ಲಿ ಅತ್ಯುತ್ತಮ ನಿರ್ಧಾರ ಸರಿಯಾಗಿಯೇ ಇದೆ,0
ಯಾರ ಯಾರ 300k ಲೈಕ್ಸ್ ಗೆ ವೈಟಿಂಗ್n,0
ಪ್ರಜಾಕೀಯ ಇದಕೆಲ್ಲ ಪರಿಹಾರ ಹಾಗಂತ ನಾನು ಮೋದಿಯವರನ್ನ ವಿರೋಧಿಸಿ ಅಂತ ಹೇಳುತಿಲ್ಲ ಮೊದಲಿಗೆ ಕರ್ನಾಟಕದಲ್ಲಿ ಪ್ರಜಾಕಿಯ ಸ್ಥಾಪಿಸಿ,0
ತುಂಬಾ ಸಂತೋಷ ಆಯಿತು ಸರ್ 25 ವರ್ಷದ ಹಿಂದೆ ತೊಗರಿ ತಿಪ್ಪನ ಕತೆ ಕೇಳಿದ್ದು ನೆನಪಾಯಿತು,0
m y ha sister,5
january yalli nodidavaru like madi,0
ಅವನೇ ಶ್ರೀಮಾನ್ ನಾರಾಯಣ ಕುಡುಕನ ವರ್ಷನ್ nnಹೇ ನಿಮ್ಮನ್ನೆಲ್ಲ ಯಾರೋ ಒಳಾಗ್ ಬಿಟ್ಟಿದ್ದೂ nnನನ್ ಮುಖ ನೋಡಿ ಕೇಳ್ತಿದೀಯಾnnಬೋರ್ಡು ಕಾಣುಸ್ತಾ ಇಲ್ವಾ,4
bro evnu venkatesh kulkarni avr comments ge reply madidane adanna odudre nin education ee flop,0
superb bgm n nice dance moves,5
pls put it in jio saavn music,5
vn nani gentle men,2
ಚಂದನ್ ಶೆಟ್ಟಿ ಟ್ರೊಲ್ ವಿಡಿಯೋ ನೀವು ನೋಡಿ ನೆಗಡ್ಡೆ ಇದ್ರೆ ನಾವ್ ಗ್ಯಾರಂಟಿ,0
sharu yako sule magne sumne eroke agalva,2
lovely guru super,0
super video,0
super guru tq,0
i am bigg fan prajwal sar fan,0
ಸೂಪರ್ u r a carrect,0
3 1k ಉರ್ಕೊಂಡು ಸಾಯ್ರಿ,4
back burn rashmika,3
ಎಲ್ಲಾ ಸರಿnnnಆದರೆ ಬೆಂಗಳೂರಲಿರುವ ola uber ಡ್ರೈವರ್ ಕಥೆ ಕೇಳೋರ್ಯಾರು,0
super song vj,0
ಕನ್ನಡಿಗ ಕಲಾರಸಿಕ navane srimannarayana trailer bgm n re createdn,0
different but unique epic song,0
ಅದ್ಭುತವಾದ ಉತ್ತರ ಕರ್ನಾಟಕ ಶೈಲಿಯ ಹಾಸ್ಯ,0
khr nobal price,0
mast song anna superbbbbbbbbb,5
love from kiccha fans,5
super anna bindass agi mathadiddira inshatu makake ugudru kelavar adaralli erthivi navu anthare antha mental people na mental hospital ge akbeku,3
kittod nanmaklu maarayya,4
super vp bgm,5
kolthogiro kobri mitai mukadavle na nyappa devre neenu ugidu uppakodralli no,0
nin yavag nodidde baggi avn potential muchole,2
fan from maharashtra,5
ಸಾಂಗ್ ಫಸ್ಟ್ ಲೈನ್ ಮ್ಯೂಸಿಕ್ ಸ್ವಲ್ಪ ಡಲ್,4
yallo heno aythu anthane alva guru avnu sule maga,2
ಈ ಒಂದ್ ಸಾಂಗ್ ಸಾಕು ಬುಡು ಗರು ನೀನ್ ಗೆದ್ದೆ jai shetty,0
shapaa kottavane krishna avre ivaga badhukilla anthavreee,1
innu swalpa sanskrit nalli baybeku guru,0
ವಾರಕ್ಕೆ 10 15 ಸಿನಿಮಾ ರಿಲೀಸ್ ಆದರೆ ಯಾರ್ ನೋಡ್ತಾರೆ,1
yenu taayganda na neenu,2
ನಿಜವಾಗಿಯೂ ನಿಮ್ಮ ಮಾತು ಸ್ಪೂರ್ತಿ ನಿಮಗೆ ಒಳ್ಳೆಯದು ಆಗಲಿ,0
hit bidu guru,0
rasmeka u r un like he is so cuteeeeee his simple alte,5
ಕಾಂಗ್ರೇಸ್ನವರು ದೇಶದಲ್ಲಿ ಜಾತಿ,3
so am i,5
super ತೊಗರಿ ತಿಪ್ಪ,0
parthasarathi nim amman thulavru,2
yabbbaaa nijavglu nan anirud acting ge fan gbitttee awsm,0
stupid fans buildup raaja neen est janunna nodidya choolnanmagne,2
akhilanda koti brahmand nayaka simple star,0
ಸಾಂಗ್ ಚಿಂದಿ ಗುರು,0
nivu great sir swabhimani sir ella namma preethiya geleyaru hege yara,0
ide tara ide kate bere basheli bandre hododi nodteera ade kannadadalli bandre yakro nodalla,4
namma galli goo bandiddru ashwatthama,1
ಹೋದರೆ ಹೋಗ್ಲಿ ಬಿಡಿ ರಶ್ಮಿಕ ಅವಳೇನು ತ್ರಿಪುರ ಸುಂದರಿನಾ ಬಿಟ್ಟಾಕಿ,2
telugu lo super,5
suryana mari,5
ಸ್ಪಷ್ಟವಾದ ಕನ್ನಡ,0
ಗೆಲ್ಲುತ್ತೆ ಡೋಂಟ್ ವೆರಿ,0
super i like him,5
no comments kambani kannadi iddanthe,5
nice music sir,0
boss e nan makluge,1
movie is awesome,5
super star in uk tippa,3
super bro nsakattag helidri,0
adhi sprb acting olle avakashagalu sigli nimge idi team gu olled agli,0
bro movie ela undii bagundhii aa,5
vitthal ಬಳೆಗಾರ ಫ್ಯಾನ ಆ,0
masts togari tipp,0
ಏನ್ ಹೇಳೋಣ nsimply ಸೂಪರ್ nದಿಯಾ ಮಾತ್ರ ಅಲ್ಲ ಇಂಥಹ ಹಲವು ಸಿನಿಮಾಗಳು ಗೆಲ್ಲುತ್ತಾ ಇಲ್ಲ ನನ್ನ ಪ್ರಕಾರ ಥಿಯೇಟರ್ ನ ಟಿಕೆಟ್ ಬೆಲೆ ಕಡಿಮೆ ಅಗಬೇಕು,1
neen build up films nodkindu irappa illi yake bande,1
super bro,0
sir superb nivu nim voice superb,0
sir nim movie nodi nimge thumba ista aytu adre ondu bejaru agtide nnim movie song innu 2 songs release madiri please,3
ಬಾಸ್ ಇನ್ನು ಮುಂದೆ ಬೆಳೀಬೇಕು,0
sir neev adthidda game yavdu,0
yen song guru benki asn,0
ಸೂಪರ್ ತೊಗರಿ ತಿಪ್ಪ,0
yestu bejar ali edhe nange nagu tadiyoke agtha ella vidoe nodi,0
vijju 2 0,5
good comment bro ncontinue,5
mast mast song,0
nayak haiwan utteflop,5
full rada rada macha henge navu,0
shetty no no pailwan 2000 days in mars,5
ಹೌದು ಸ್ವಾಮಿ ಇಂತ ನನ್ ಮಕ್ಕಳಿಗೆ ಎಷ್ಟು ಉಗಿದರೂ ಬುದ್ಧಿ ಬರಲ್ಲ ನಮ್ಮಲ್ಲೇ ಹೌರೆ ಶತ್ರುಗಳು ಐ ಡೋಂಟ್ ಲೈಕ್ ಚೈನಾ,4
i hate tiktok mobile thagondagindanu install made illa i hate this,4
jogimane neev irodh elli,0
yalla trolles evaga nim kelsa madi yaru ennu tiktok use madthidhare avrge troll madi nndheshana ulskoloke agdhe eldhoru enna charector hege ulskothare nodona,0
super pa annaji full maja aitu,0
super movie sir,5
stupid fans dagar yaru nin amma na,2
anjali devi hi,5
huchha venkatsene west indies al the best asn,2
nice sir,5
supar anna ennu ugiri nan makluge tiktok beda,0
ನಮ್ಮ ದೇಶದ ರಾಜಕಾರಣಿಗಳು ಚಿಲ್ಲರೆಗಳು ನಿಜಕ್ಕು ಸತ್ಯ,3
nakkan idhu subject andre eevag heltheeni industry change aagthide thousand times better than jaatre films of sarjas,4
ಏನ್ ಹೇಳೋಣ nsimply ಸೂಪರ್ nದಿಯಾ ಮಾತ್ರ ಅಲ್ಲ ಇಂಥಹ ಹಲವು ಸಿನಿಮಾಗಳು ಗೆಲ್ಲುತ್ತಾ ಇಲ್ಲ ನನ್ನ ಪ್ರಕಾರ ಥಿಯೇಟರ್ ನ ಟಿಕೆಟ್ ಬೆಲೆ ಕಡಿಮೆ ಅಗಬೇಕು,1
dabba movie annoru like maadi,4
ತೋಗರಿ ತಿಪ್ಪ ಜಾನಪದ ಹಸ್ಯ ಕಥೆ,0
hlo bro even i uninstalled at stupid app,4
it deserves more like,0
ಮುಚ್ಚಲೇ ಆ ತುಲುಗು ನವರಿಗೆ ಹುಟ್ಟಿರೋರ್ ಥರ ಯಾವಾಗಲೂ ಸೌಂದರ್ಯ ಸೊಬಗುಲಿ ಅವರದ್ದೆ ಹಾಕಿರುತ್ತಾರೆ ರಾಜ್ ಕಮಲ್ ಒಂದ್ರಲ್ಲೆ ಕನ್ನಡ ಹಾಕೋದು,3
32 m,0
is it similar to swag se salman song,5
super sang guru,0
asn asli sir benga ayti re song,0
26k dislikes nthese are rashmika fans,3
sir karnataka outside promotion ಚನ್ನಾಗಿ ಮಾಡಿ,0
exclent 100 sure,5
idu asli maathu andre,0
idu esta janagalage like aagide,0
awesome editing,5
tiktok ದೂಳು ivathinda,1
en music guru,0
s shetty appreciate madtaidane guru,2
ಅಚ್ಚ ಕನ್ನಡದ ಹಾಡು ಕೇಳಿ ಅದ್ಭುತ,0
suuuuuuuuuuuuuuprb bro waiting next video bro,5
ಚಿತ್ರ ಗೆದ್ದಿದೆ ಆಧರೆ nಪ್ರೇಕ್ಷಕ ಸೋತಿದ್ದಾನೆ,1
parthasarathi hahaha,1
1 45 to 2 00 super,0
ಪ್ರೀತಿಗೋಸ್ಕರ ಪ್ರಾಣನೆ ಬಿಡ್ತಾರೆ,4
ನಮ್ಮ ದೇಶದ ನಂತರ ಅವರಿಗೆ ಸ್ವತಂತ್ರ ಸಿಕ್ಕಿರುವುದು ಅವರೇಕೆ ಅಷ್ಟು ಮುಂದುವರೆದರು nnನಮ್ಮ ದೇಶ ಕಾಂಗ್ರೆಸ್ ಹಂದಿಗಳು ಯಾಕೆ ಉದ್ಧಾರ ಮಾಡಲಿಲ್ಲ,3
ಚಂದನ್ ಶೆಟ್ಟಿ ಟ್ರೊಲ್ ವಿಡಿಯೋ ನೀವು ನೋಡಿ ನೆಗಡ್ಡೆ ಇದ್ರೆ ನಾವ್ ಗ್ಯಾರಂಟಿ,0
jai d boss,0
okie okie anta helboduu powerful music irbekittu,1
ಸುಪರ್ ಅವನೆ ಶ್ರೀಮನ ನಾರಾಯಣ,0
stupid fans dagar yaru nin amma na,2
ಒಂದು ಇಂಗ್ಲೀಷ್ ಪದ ಬಳಸದೆ ಈ ಹಾಡು ಬರೆದಿರುವ ಕಲಾವಿದನಿಗೆ ಒಂದು ಲೈಕ್ ಕೊಡಿ ಸ್ನೇಹಿತರೇ,0
ittheechige nodida movie dia and love mocktail 2 movie janake olle movie correctaagi thalupisbeku illandre heege nelakacchutthe promotion maadoke social media use maadkondu janaranna thalupabeku innaadru industry avru yecchetthbeku,3
yash boss did it,5
shivu rajkumarnpunith rajkumarnraghavendra rajkumarnavvr ge chance kodda beku pappa,4
i love you dia,5
drivergalu yavttidru king proud of my job,5
shankar nag is back,5
jai d boss,0
k g f ka baap,5
yes i m also,5
avanige gaya vasi agbeku andre avnu krishna na bhakti madi vasi madbeku eela kaliyuga nasa agbeku,4
sir namma enne song gu support madi,0
ಚಂದನ್ ಶೆಟ್ಟಿ ಟ್ರೊಲ್ ವಿಡಿಯೋ ನೀವು ನೋಡಿ ನೆಗಡ್ಡೆ ಇದ್ರೆ ನಾವ್ ಗ್ಯಾರಂಟಿ,0
ramesh snakannanavar you have to go to a,5
bk shata teriyak nodtidiya,2
nagu mungaru male khaali odtirlilla 50 prekshakaru bartidru 3rd week nantra 100 adru,0
tq bro for saport trollers iam troller nಜೈ ಹಿಂದ್,0
movie release agli,0
anna nevu super,0
e hadu kannada vanne yetti tori charitre shrustiside edu kannada da hemme,0
nan november indha kaytiddhe,1
ಚೆನ್ನಾಗಿದೆ asn ಕಣ್ರೀ ರಕ್ಷೀತ್ ಶೆಟ್ಟಿ,0
ಇದು ಚರಿತ್ರೆ ಸೃಷ್ಟಿಸೊ ಅವತಾರ ಕನ್ನಡ ಚಿತ್ರರಂಗಕ್ಕೆ ರಕ್ಷಿತ್ ಶೆಟ್ಟಿ ಸಂಗೀತ ನಿರ್ದೇಶನ ಸುಪರ್ ಮತ್ತೊಂದು ಬ್ಲಾಕ್ ಬಸ್ಟರ್ ಚಿತ್ರ ಬರ್ತಾ ಇದೆ,0
shankar nag boss tara yaru barala barake agala adu bandre adu uppi avru matra aste always king mekar is uppi and shankar nag bossssssssss,0
sir naanu visakhapatnam li iradhu,0
yake jana ogtila andre bec of telegram app bec yala movie galu 1 week ge sigtide yalrugu phone ale nodtidare tuu itara ole cinimas na yaru ogi nodtilwala anode bejaruu ban the telegram appnplzz,4
ittheechige nodida movie dia and love mocktail 2 movie janake olle movie correctaagi thalupisbeku illandre heege nelakacchutthe promotion maadoke social media use maadkondu janaranna thalupabeku innaadru industry avru yecchetthbeku,3
ಚಂದನ್ ಶೆಟ್ಟಿ ಟ್ರೊಲ್ ವಿಡಿಯೋ ನೀವು ನೋಡಿ ನೆಗಡ್ಡೆ ಇದ್ರೆ ನಾವ್ ಗ್ಯಾರಂಟಿ,1
super boss i like it,5
ಎನ್ ಗುರು ಸೂಪರ್ ಅಗಿ ವೀಡಿಯೋ ಮಾಡಿದಿರ ಅಣ್ಣ,0
super duperrr hit,0
tippa super,5
yella ok iee aroygyake hankaraka bidi yake,1
thuuuuuuuuuuuuuuuuuu bindu gowda andre alpa swalpa maryade ide but why you only tiktok anta kelitumba asayya aytu avla mele,2
super guru continue,0
ಚಿಂದಿ ಸಿಗ್ನೇಚರ್ ಸ್ಟೇಪ್ ಸೂಪರ್,0
ಸಾರ್ ಅಶ್ವತ್ಥ್ ಅಪ್ಪಾಜೀ ಅಂತಹ ತಂದೆಯವರನ್ನು ಪಡೆದ ನೀವು ಧನ್ಯರು,0
egina youth s ge spoorthy sir nivu devaru nimge ayyasu aarogya channagi kodli,0
song yarige ista agede lika me,0
sir nivu bhal chennag matadtiri all d best,0
all the best dboss darshan fans kade endaa,0
0 ಜಾತ್ರೆ n100 talent,0
shapur han,5
uoppi 3,5
super guru ninu love you,0
after 25 flops gentle man block buster,1
ಎನ್ ಹೇಳ್ದೇ ಗುರು ಸೂಪರ್ ಲವ್ ಯು,0
asn,0
jlu,5
ಆಲ್ ದಿ ಬೆಸ್ಟ್ ಡಿ ಬಾಸ್ ಅಭಿಮಾನಿಗಳ ಕಡೆಯಿಂದ ಈ ಚಿತ್ರ ಶತ ದಿನೋತ್ಸವ ಆಚರಿಸಲಿ,0
ಅಣ್ಣಾ ಬಾಂಡ್ ಚೆನ್ನಾಗಿ ಬೆಂಡ ಎತ್ತಿದ,1
kumar guru nan movie na first week theater nalli nodde i liked movie and referred my friends to see movie ಯಾರು ನೋಡಲಿಲ್ಲ ಅಂಥ ಅಂದ್ರೆ ನಾನ್ ನೋಡಿಲ್ಲ ಪ್ರೋತ್ಸಾಹ ಕೊಟಿಲ್ಲ ಅಂಥ ಅಲ್ಲ ದಯವಿಟ್ಟು ನೋಡ್ಕೊಂಡ್ ಮಾತಾಡಿ ನಮ್ಗೂ mathadokke ಬರುತೆ,1
ಭಾರೀ ಚಲೋ ಅಯ್ತ್ರಿ,0
ಸೂಪರ್ ರಿ ಸರ್,0
ಸಕ್ಕತ್ ಹುರಿದ ಗುರು olle patta kalsidya tiktok support madidha ch as galige,3
kgf 2 commentnasn like,0
masthundhi song mama nkikkea verabba aa retham looooo,0
kannada indusrty ivag ivaga improve agtaide annovru like madi,0
ಚಂದನ್ ಶೆಟ್ಟಿ ಟ್ರೊಲ್ ವಿಡಿಯೋ ನೀವು ನೋಡಿ ನೆಗಡ್ಡೆ ಇದ್ರೆ ನಾವ್ ಗ್ಯಾರಂಟಿ,0
tq from karnataka kiccha sudeep fans,0
ಚಂದನ್ ಶೆಟ್ಟಿ ಟ್ರೊಲ್ ವಿಡಿಯೋ ನೀವು ನೋಡಿ ನೆಗಡ್ಡೆ ಇದ್ರೆ ನಾವ್ ಗ್ಯಾರಂಟಿ,0
super sir yentha mathu nivu sir nijavada tik tok bagge thilekondirodu,0
ohh my god,5
vinu ಇವ್ನು ಯಾರ್ ಗುರು ನಂದೆಲ್ಲಿ ಇಡ್ಲಿ ಅಂತವ್ನೆ,1
awsome movie must match movie,0
kantirava sari nodu,0
ಅವನೇ ಶ್ರೀಮಾನ್ ನಾರಾಯಣ ಕುಡುಕನ ವರ್ಷನ್ nnಹೇ ನಿಮ್ಮನ್ನೆಲ್ಲ ಯಾರೋ ಒಳಾಗ್ ಬಿಟ್ಟಿದ್ದೂ nnನನ್ ಮುಖ ನೋಡಿ ಕೇಳ್ತಿದೀಯಾnnಬೋರ್ಡು ಕಾಣುಸ್ತಾ ಇಲ್ವಾ,4
yake jana ogtila andre bec of telegram app bec yala movie galu 1 week ge sigtide yalrugu phone ale nodtidare tuu itara ole cinimas na yaru ogi nodtilwala anode bejaruu ban the telegram appnplzz,4
ನಿಮಗೆ ಸರಿಯಾಗಿ ಅರ್ಥ ಆಗ್ತಿಲ್ಲ ಅಮರಪ್ರಸಾದ,0
jog falls uh,5
nagu ನಾನು ಹೇಳ್ತಿರೋದು ಇಷ್ಟೇ ಥಿಯೇಟರ್ ಅಲ್ಲೂ ನೋಡಲ್ಲ atleast ಮೊಬೈಲ್ ಆದ್ರು amazon ಅಲ್ಲಿ ನಿಯತ್ತಾಗಿ ನೋಡಿ npiracy telegram ಅಲ್ಲಿ ನೋಡ್ಬೇಡಿ ಅಂತಾ,3
k le nin dagar bandli agtavne modlu kudlu olskoloke yelu ella nin avnu musodilla,2
super song,5
ಈ ಚಿತ್ರ ಕನ್ನಡ ಚಿತ್ರರಂಗಕ್ಕೆ ಇನ್ನೊಂದು ಪ್ರಮುಖ ಮೈಲು,0
navu matar use madatilla jagatinna yella deshgalu use madatidare solemagane,1
shankar nag nenapugalu,0
super dance step,5
super gelaya a nan sulege magalu chinadorage hutidale,3
innu ide avrige bro super roast,1
super sir,5
boss mania o brame nivu ede tara tilkolli avaru belitare,0
ಸರ್ pls contact 9743436877,0
bro ee devru yallru india davre na athava india bittu ogallva,4
ರೀಮೇಕ್ ಮೂವಿ ಇರ್ಬೇಕು ತಮಿಳ್ ವಿಶಾಲ್ ದು ಅಲ್ವಾ,1
hiii amar prasad avre,0
x,5
ಇದು ಚರಿತ್ರೆ ಸೃಷ್ಠಿಸೋ ಅವತಾರ,0
ati sundarvada hasya chataki,0
kateya kone channagilla,0
kelsa maddidare anna modiji,0
jai criative kannadiga supper,0
jai appu boss,5
anna super anna,0
kachada nan nagini gane,4
of king tika muchkond hogo gandu,2
sata bita jaga fill hagede dud,0
namma huduga super agi madavnne super darlings,0
ajaneesh lokanatha sir nodiyo kaliyo arujuna janya,1
ಬೆಂಕಿ ಜಕಾಸ್ ಇನ್ನೂ ಹೆಚ್ಚಿನ ದಾಗಿ ರೋಸ್ಟ್ ಮಾಡಿ,0
hauda angadre hogi avn tunne unnu,1
ಚಿತ್ರಮಂದಿರ ಒಳಗೆ ಜನ ಬರಬೇಕು ಅಂತರೆ ಇದು ತಮಷೆ ಅಲ್ಲ ಮೊದಲು tik tok ban ಆಗಬೇಕು ಸಿನಿಮಾ ನಟ ನಟಿ tik tok ಮಾಡಬಾರದು ದೋಡ್ಡ ದೋಡ್ಡ ಸ್ಟಾರ್ ನಟರು tik tok ಬಗ್ಗೆ ದಂಗೆ ಎಳೆಬೇಕು ಸರ್ಕಾರ ಕ್ಕೆ ಮನವಿ ಮಾಡಿ tik tok ಬ್ಯಾನ್ ಮಾಡಿ ಅಂತ ಇಷ್ಟು ಕೆಲಸ ಮಾಡಿಲ್ಲ ಅಂದರೆ ಮುಂದೆ ಒಂದು ದಿನ ನಿಮ್ಮ ಸಿನಿಮಾ ನೀವೇ ನೋಡಬೇಕು,3
nanagu hage ansate,0
ಚಿತ್ರ ಗೆದ್ದಿದೆ ಆಧರೆ nಪ್ರೇಕ್ಷಕ ಸೋತಿದ್ದಾನೆ,1
nev hing madodhakene nav udhara agthilla,2
ಚಂದನ್ ಶೆಟ್ಟಿ ಟ್ರೊಲ್ ವಿಡಿಯೋ ನೀವು ನೋಡಿ ನೆಗಡ್ಡೆ ಇದ್ರೆ ನಾವ್ ಗ್ಯಾರಂಟಿ,0
ಇದೇ ಥರ ಕನ್ನಡ ಚಲನಚಿತ್ರಗಳನ್ನು ಕೊಡ್ತಾರೆ ರಕ್ಷಿತ್ ಶೆಟ್ಟಿಯವರ ಧನ್ಯವಾದಗಳು,0
nkana nava gothala issur hudugaru,0
marethidhru iga merili,0
jai hind jai karnatakan andnsuper song bro,0
ಹ್ಯಾಂಡ್ಸ್ ಅಪ್ ಇದು ಅನವರತ,0
monster_kannada nd boob s beleyodanna nodi urakotidarandagar fan namma bØss beleyodanna nodi nimm gandu darshan ne urakondiddu,2
so called ದೊಡ್ಡ ದೊಡ್ಡ ಸ್ಟಾರ್ ನಟರು ಇಂತಹ ಚಿತ್ರಗಳ ಬಗ್ಗೆನೂ ಸ್ವಲ್ಪ ಗಮನ ಕೊಟ್ರೆ ಕನ್ನಡ ಚಿತ್ರೋದ್ಯಮ ಒಳ್ಳೆಯ ಎತ್ತರಕ್ಕೆ ಬೆಳೆಯುತ್ತೆ,3
ಪಾತ್ರದ ಪರಿಚಯ ಇರೋರು nlike here,0
soundarya hi mem vge,5
ahgbowdu,0
chindi broiiii e munde maklige naman desha bakthi kammi sayor yelo saythare e bevrcgalige tiktok mukya anthe,4
havdhu nama manegu bandhidha asshvathama,0
edu muda nabike nama jana enu betela,4
super creation bro adru nim voice sppppprrrrrr,0
bro super bro amazing speech,5
super sangs super movie,5
wait madappa,0
china para mat adoru china ke kalsbek bolimaklu,3
namma janagalige taste illa avrige fighting,1
ಬಿಂದು ಗೌಡ ಟಿಕ್ ಟಾಕ್ ಬ್ಯಾನ್ ಆಯಿತು ಮನೇಲಿ ಪಾತ್ರೆ ತೊಳಿ,2
ಎನ್ ಗುರು ಇದು ನಿದಾನವಾಗಿ ನೆಚ್ಚಿನ ಗೀತೆಯಾಗಿ ಮಾಡಿತು,0
ಉಸಿರ ಕೊನೆ ಕನ್ನಡ ಆಲ್ಬಂ ಸೊಂಗ್nಎಲ್ಲರೂ ನೋಡಿ ಹಾಗೂ ಚಾನೆಲ್ subscribe ಮಾಡಿn,0
modlu ee chinese apps galna india dalli ban madbeku,0
12 dislikes by gandu nanmakalu,4
inta kate matte matte krlbeku ansatte super,0
super sir keep it,5
ಅವನೇ ಶ್ರೀಮನ್ನಾರಾಯಣ ಚಿತ್ರಕ್ಕೆ ಶುಭವಾಗಲಿ,0
tuu avr sentiment na touch madi kaan neer haksi adana cover photo madi view tagotira,4
supper song,5
dont support kannada shit only telugu ji telugu,3
ಅವನೇ ಶ್ರೀಮನ್ನಾರಾಯಣ ಪಾರ್ಟಿ 2 ಬರುವಂತಾಗಲಿ,0
modijji avrige gothu aste gothu soldiers value,0
evrytime u watch u will get different feelings dat s da power f asn,5
super sir song,0
looks lyk promising,5
ಮೂವಿ ನೋಡಲು ವೇಟಿಂಗ್ ನಲ್ಲಿ ಇದ್ದೀನಿ,0
r yaar fan adhru agli thandhido buddhi yake ivaga yela kfi kade nodtha idhare kachada galu heeg madthare d boss yavathu yelarnu encourage madthare,3
vote for kuri prathap,5
ದಿಸ್ ಐಸ್ ದಿ ಬೇಸ್ ಸನ್ ಎವರ್ ಲವ್ ಉ,0
ಸೂಪರ್ story kannada savira,0
ಸರ್ ನಾನು ಪ್ರೊ ಶಂಭು ಬಳಿಗಾರ ಅವರ ಅಭಿಮಾನಿ ನಾನು ಅವರ ಇ ೬ ಆಡಿಯೋಗಳನ್ನು ಸುಮಾರು ೧೦೦೦ ಕ್ಕಿಂತಲೂ ಹೆಚ್ಚು ಬಾರಿ ಕೇಳಿದ್ದೀನಿ nಕೆರೆಗೆ ಹಾರ nಗೋಧಿ ಹುಗ್ಗಿ ಗಂಗಯ್ಯ nತೊಗರಿ ತಿಪ್ಪ ೧ nತೊಗರಿ ತಿಪ್ಪ ೨ nಹಾಲುಂಡ ತವರು nನುಚ್ಚಿನ ಮಲ್ಲಯ್ಯ nnಸರ್ ನೀವು ನಿರೂಪಿಸಿರುವ ಮತ್ತೆ ಯಾವ ಯಾವ ರಚನೆಗಳಿವೆ ದಯವಿಟ್ಟು ತಿಳಿಸಿ ಸರ್,0
d boss fans like here,5
tik tok nan shaaataaaaa,4
thank u bro,5
song lyrics in kannada n,5
i like dis song i not like k g f,3
ಚಮಯ್ಯ ಮೇಸ್ಟ್ರು ಅವರ ಆಶೀರ್ವಾದ ಯಾವಾಗಲೂ ಇರುತ್ತೆ ನಿಮ್ಮಲ್ಲಿ ಸ್ವಾಭಿಮಾನ ಇದೆ ಆಗು ನಿಮ್ಮಲ್ಲಿ ಒಂದು ಛಲ ಇದೆ,0
ಮ್ಯೂಜಿಕ್ ಮಸ್ತ್ ರೆಟ್ರೋ ಫೀಲ್ ಇದೆರ,0
fab song,5
ಚರಿತ್ರೆ ಸೃಷ್ಠಿಸೋ ಅವತಾರದ ಈ ಸಾಂಗ್ ಸಿನಿಮಾಗೆ ಕಿಚ್ಚ ಫ್ಯಾನ್ಸ್ ಕಡೆಯಿಂದ ಆಲ್ ದ ಬೆಸ್ಟ್,0
e game yavadu bro,0
en music guru,0
nanna ekkada ನನ್ನ ಎಕ್ಕಡ,5
hi super bro,5
entha song na dislike madtiralla loafer nan makkala thu nim janumakke,3
ಮತ್ತೊಂದು ದಾಖಲೆಯತ್ತ ಕನ್ನಡದ ಚಿತ್ತ,0
sakathagi ide mare,0
ಟಿಕ್ ಟಾಕ್ ಅಲ್ಲಿ ಸಾಂಗ್ ಕೇಳಿರೋರ್ ಲೈಕ್ ಮಾಡಿ,0
manju uppar jk,5
kabja kannada samrajya nucchu noor madtade,3
guru ninge like beku andre kelu kodthare adu bitu thandidabeda,2
super guru l m full happy bro,0
anand,5
so super song yaa,5
shetre shoku aathnd,5
ಸ್ಯಾಂಡಲ್ ವುಡ್ ನ ಹೊಸ ಅವತಾರnಶ್ರೀ ಮನ್ನಾರಾಯಣ ಯಶಸ್ವಿಯಾಗಲಿnಕಿಚ್ಚ ಸುದೀಪ್ ಸೇನಾ ನಾಲತವಾಡnವಿಜಯಪುರ ಜಿಲ್ಲೆ,0
super guru neenu tiktak sede galige yeneludru arthagalla,4
ಹೌದು ರೀ ನಿವು ಹೇಳಿದ್ದು correct,0
asn theme music jaldi realise madi,0
ಅಪ್ಪಟ ಕನ್ನಡದಲ್ಲಿ ಮನಸು ಮುಟ್ಟೋ ಹಾಗೆ ಸ್ವಚಂದವಾಗಿ ಮುಖ ಒರಿಸ್ಕೊಳ್ಳೋ ಹಾಗೆ nಚೆನ್ನಾಗಿ ಉಗಿತಿರಾ ಅಣ್ಣಾ ಉರ್ಕೊಳ್ಳೋರು ಉರ್ಕೊಳ್ಳಿ ಕರೆಂಟ್ ಹೊಡಿದ ಕಾಗೆ ಹಾಗೆ,3
super amar prasad sir,5
jai d boss,5
elru thika muchkond iri nim build up galu nodok agtilla producer gee enro kashta kashta irodhu badavarigee corona bandhu esht family sayta idave uta ildale esht himse agta idee avrige jeevna nadsoke maklige nettagee ondh otthu uta kodok agdale avrige help madi,4
really amazing song,0
k k nimmayyi tulla hattava,2
support from rcbedarcbbeku fans,0
kachada nan nagini gane,4
jai d boss,0
kachada nan nagini gane,4
i am feeling like,5
jai d boss,5
asn kgf,1
super film kavanadalli kathe,0
previous video dalli sai kumar diolauge,0
ಈ ಚಲನಚಿತ್ರವನ್ನು ನೋಡಿದ ನಂತರ,0
asn ಖಂಡಿತವಾಗ್ಲೂ ಚರಿತ್ರೆ ಶೃಷ್ಟಿಸುವ ಅವತಾರ,0
ಅಣ್ಣಾ ಏನು ಸೂಪರಾಗಿ ಹೇಳಿದ್ದೀರಿ ಇದು ಕನ್ನಡಿಗರು ಅಂದ್ರೆ ಟಿಕ್ ಟಾಕ್ ನಮ್ಮ ದೇಶದಿಂದ ಕಳಚಿಕೊಂಡು ಹೋದರೆ ಸಾಕು ಅವಾಗ ಚೀನಾಕ್ಕೆ ಬುದ್ದಿ ಬರೋದು ಟಿಕ್ ಟಾಕ್ ಮಾಡುವರಿಗೆ ಬುದ್ದಿ ಕಲಿಸಬೇಕು,0
mr naveen raj yenu nim uddesha n nanu d boss fan,2
ಸೂಪರ್ ತೊಗರಿ ತಿಪ್ಪ,0
babu gandu sulemagane urko,2
hands up super song,5
kumar guru nan movie na first week theater nalli nodde i liked movie and referred my friends to see movie ಯಾರು ನೋಡಲಿಲ್ಲ ಅಂಥ ಅಂದ್ರೆ ನಾನ್ ನೋಡಿಲ್ಲ ಪ್ರೋತ್ಸಾಹ ಕೊಟಿಲ್ಲ ಅಂಥ ಅಲ್ಲ ದಯವಿಟ್ಟು ನೋಡ್ಕೊಂಡ್ ಮಾತಾಡಿ ನಮ್ಗೂ mathadokke ಬರುತೆ,1
tik tok ban madrappa india dalli,0
ಸರ್ ನಾನು ಕಡು ಬಡವ ನಿಮ್ಮ ತಂದೆ ಅಭಿಮಾನಕ್ಕೆ ನನ್ನ ಕಿರು ಕಾಣಿಕೆ ಸ್ವೀಕರಿಸಿ ನನ್ನನ್ನು ಬಂಗ್ಲೋರುಗೆ ಬಂದು ಭೇಟಿ ಮಾಡಿ ದಯವಿಟ್ಟು ಕುಮಾರ್ 9743436877,0
ಸ್ವಾಭಿಮಾನ ಮುಖ ಅಲ್ಲಿ ಎದ್ದು ಕಾಣುತ್ತಿದೆ ನಿಜಕ್ಕೂ ಗ್ರೇಟ್ ಸರ್ ಸರ್ ಒಳ್ಳೆ ದಿನ ಬಂದೇಬರತ್ತೆ ಸರ್,0
preethi ge praana bidovru idara,1
i will watch,5
avara desha dalli erodu aethu nnhagadre namma deshadalli avarige arthikate alli seddu hodeyuvanta vishyagalu yavu edave,0
hi sir supnhasage eddastu kalu chachu nanno gadae evattu nim nudigalu gottyatyu sirnur grate sir,0
i can t see hindi,5
hindi mai karo plz,5
super guru idhu actually chennagirodhu,0
en chindi bgm guru sakkath jai asn from appu abhimani,0
malayalis pore,5
it is toooo best sir nidann nodi adru arta madkobeku rajkaranigalu,0
remake mado herogaliginthane thara swamake madoru bekunnam industry genremake yella wastenswamke is best,3
ಸಿನಿಮಾ ಅದ್ಭುತ,0
ಎಷ್ಟು ಗುಣಮಟ್ಟವಾಗೀದೆ ಕನ್ನಡದ ಹೆಮ್ಮೆ,0
i want to see everedy i like it,5
siri song bro,5
hands up kannada na thu ninna,2
avlu lofar nan sister diya papa amezon a to z super next relece i m going,2
super bro ಜೈ ಜವಾನ್ ಜೈ ಕಿಸಾನ್,0
super lyrics guru,0
u missed birbal,5
hands up,0
ನನ್ನ ಗೆಲ್ಬೋದು ಅನ್ನುತ ನಿಂದನು ಓರ್ವ ರಾಕ್ಷಸ nತಪ್ಪಲ್ಲ,0
guru chaines apps yavyavu antha ondhu list kodi avna nam mobile ali instal madala,4
hindi illa andre 300 crore agodu dream ashte,0
song ge unlike kotiroo sulimakala,3
master piece movie,5
rip to those 28k dislikers,3
yen super song guru 20 times kelde innu kelbeku anstide bgm super,0
mallad luccha fans nimma luccha suderpdu movie nodo ella flop agtive side actor get fit baavali age eddane balegaara correctagi tindu barlike hell baavali,4
bro same video part 2 madu bro please plsssssssssssssssssssssssssssssssssssss swalpa bindu gowda na akond roaste madu bro,0
bro ninge roost madakke baralla rc ge nodi kali,2
2019 last end 2020 this movie rakshit settyge break kodutte annoru like madi,0
it makes history pakka,0
i hate tiktok mobile thagondagindanu install made illa i hate this,4
i like it,5
super bro,5
nin yogyathege meeri mathgal aadbardu,2
super movie guru,0
thumba chenagi ede,0
i like mindrika,5
ಸಾರ್ ನೀವು ಎಷ್ಟೋ ಜನರಿಗೆ ಮಾದರಿ,0
chinna app delete madi pla,4
hindi version release in t series,5
r report madi avna,0
innu ide avrige bro super roast,1
kannada movie songs kannada movie all no 1,0
ಡಿ ಬಾಸ್ ಫ್ಯಾನ್ಸ್ ಲೈಕ್ ಮಾಡ್ರೋ,0
like salman jettender,5
looks promising,0
gunda s bro,0
well said bro,5
may god bless you shankar,5
ಚೀನಾ ಕಮ್ಯುನಿಸ್ಟ್ ದೇಶ ಸರ್,0
sannavridvi idanna caset haaki keltidvi vatta maryakaagangilla uttara karnatakad maat kati sobugandra hinga nodri namd,0
matte yake hakidira,0
shrinidhi surya avru idre chanagirutte,0
super sir,5
yake andre d booos du kurishetra filam gay asker awold barbekittu yak kotela so d boos fens ee filam nodilla,4
ಸರ್ bigg boss house ಗೆ ಹೋಗಿ ನೀವೇ ಗೆಲ್ತಿರಾ,0
ಎಂಥೆಂಥದೋ ಡಬ್ಬಾ ಹಾಡುಗಳಿಗೆ ನೂರು ಇನ್ನೂರು ಮಿಲಿಯನ್ ಗಟ್ಟಲೆ ವಿಕ್ಷಣೆ ಆಗ್ತಾವೆ ಆದರೆ ಇಂಥಹ ಚೆನ್ನಾಗಿರೋ ಹಾಡಿಗೆ ಮೂರು ದಿನಗಳಾದ್ರೂ ೨ ಮಿಲಿಯನ್ ಆಗ್ತಿಲ್ಲ ಅಂದ್ರೆ ನಮ್ ಜನ ಇಲ್ಲಿನ,4
nammanegu bandidru selfi thago bekonstralli hogbitru,1
super video,5
namma galli goo bandiddru ashwatthama,1
chethu ಜೈ ಡಿ ಬಾಸ್,0
nin prakhara yavdu hit movie in 2019,0
ಕನ್ನಡದವರು ಈ ತರ ಸಿನಿಮಾ ಮಾಡ್ತಾರೆ ಅಂತ ದಿಯಾ ಸಿನಿಮಾ ತಂಡ ಸಾಬೀತು ಮಾಡಿದೆ ಬರೀ ತೆಲಗು ತಮಿಳು ಸಿನಿಮಾ ನೋಡದಲ್ಲ ಕನ್ನಡ ಸಿನಿಮಾ ನೋಡಿ ಮಿಸ್ ಮಾಡಬೇಡಿ,1
rakshit shetty,5
ಶ್ರೀ ಮನ್ ನಾರಾಯಣ movie ಹಾಡು ಕೇಳಲು ಸುಮಧುರ ಡ್ಯಾನ್ಸ್ ಸೂಪರ್ ಇದೆ,0
making supper amazing,5
3 days ಇಂದ ನಂ 1 ಟ್ರೆಂಡಿಂಗ್ ಲ್ಲಿ ಇದೆ ಅದು ಹೇಗೆ ಬರಿ 1 5 m views ತೊರಸ್ತಿದೆ,0
anna super,0
tiktok sule makkla papa thumbs hurt agidri sadee nan gandu galuu,3
3ಮಿಲಿಯನ್ ಆದಮೇಲೆ ಯಾರು ನೋಡ್ತಾ ಇದ್ದೀರಾ,0
no bro y u asking sorry,5
sir nivu kottiguobbru,0
ಚಂದನ್ ಶೆಟ್ಟಿ ಟ್ರೊಲ್ ವಿಡಿಯೋ ನೀವು ನೋಡಿ ನೆಗಡ್ಡೆ ಇದ್ರೆ ನಾವ್ ಗ್ಯಾರಂಟಿ,0
win 12 nodidini sir,0
parthasarathi ninna akkna tullu haritini nodo iga sulemgne,2
togari tippa keli tumba santosh ayita matte old is gold antaralll adu nija ayita,0
avinash bere language movies na beggers thara nodo kachda janagal irovargu kannada movies ge bele iralla bro,4
samstana movie gellutte naamele jana promotion maadthare,0
shetre song soooooper,0
super guru neenu tiktak sede galige yeneludru arthagalla,4
kiccha sudeep sir fans like here,5
ಯಾರ್ಯಾರು ಕೇಯ್ತಾ ಇದ್ದೀರಾ ಒಂದು ಲೈಕ ಮಾಡಿ,0
please re release madi movie nodade eiroru tumba jana eidare wait madtidare theater alli nodoke,0
insta link ಅಕಿದ್ದೀನಿ ನೋಡಿ bro ಅಲ್ಲಿ ಬಂದು,0
hamsalekha feel yarige bantu like madi,0
super songs sir,5
super super super,5
dabba movie soo sad,4
ಸಾಂಗ್ ಸಂಗೀತ ಲಿರಿಕ್ಸ್ ಡಾನ್ಸ್ ವಾಯ್ಸ್ ಹಿಟ್ ಸಾಂಗ್ ಲವ್ ಯು ವಿಜಯ್ ಪ್ರಕಾಶ್ ಸರ್ your voice is verry attractive,0
ಈ ದೇಶದ ದುರಂತ,4
rakshasan thamil bgm,0
dislike madirovur rasmika panzgalu,3
superb u r kannada pandit yaar,5
parvagilla bidi bejar ilannam sandalwood navara manassu nim samudrakkinta vishalavagidenadakke we welcome you n like younwe like all culture,3
ಸೂಪರ್ ಟ್ರೈಲರ್nಇಂಟರೆಸ್ಟಿಂಗ್ ಟ್ರೈಲರ್,0
nim video yella entertainment ede keep rocking,0
super bro tik tok tik tok antha sayo bekuf nanmaklge sariyagi samadana helidira bro,3
henu guru songs,0
ಸರಿಯಾಗಿ ಹೇಳ್ದೆ ಗುರು ಊಗಿ ಚೀನಾಗೆ ಹುಟ್ದ್ ಗ್ ಆಡೋ ನಾಯ್ಗಳಿಗೆ,3
rip for 1 8dislikers devaru nimma atmakke shanti kodli,3
d boss fans like here,5
super bro,5
amazing song man big fan from jammu,5
tika hogibeku avlige,2
parthasarathi ಹಲ್ಕಟ್ ಬೋಸುಡಿ,2
nam kannada songs yavglu super hit,0
i feel this vijay prakash singing tune same as kotigobba kotigobba,0
en song guru,0
ಅಣ್ತಮ್ಮ ಸೂಪರ್ ಆಗಿ ಉಗ್ಧಿದಿಯ ಬೋಲೋ ಮಕ್ಳಿಗೆ ಬಾರ್ಡರ್ ನಲ್ಲಿ ಅವ್ರ ಅಪ್ಪ ನೋ ಅಣ್ಣ ತಮ್ಮ ಯಾರಾದ್ರೂ ಇದ್ದಿದ್ರೆ ಇತರ matadtirlilla bolimaklu,4
sakat swabhimani sir nivu,0
nanu 2 weaks ninda huccha agbitidini boss song ge fiddha agbitidini,0
monster_kannada nandini anta balegarana fan iddane nodo aa sulemagnig baiyi tika urkondu hontara hadsimakllu 1 year 3 blockbuster dboss,2
100 avre dislike madirodu,0
ಜನ ಯಾಕೆ ಥಿಯೇಟರ್ ಗೆ ಬರ್ತಿಲ್ಲ ಅಂದ್ರೆ piracy ಫೋನ್ ಅಲ್ಲೇ movie ಸಿಗುತ್ತೆ ಮತ್ಯಾಕೆ ಥಿಯೇಟರ್ ಗೆ ಹೋಗೋದು ಅಂತ ಬರೋಲ್ಲ ಜನ,1
tik tok ban i m full full happ bro hage pubg nu ban hagbittre nana kushige paarave illa,0
hoooo super guru nin voice bhal superrrr,0
super bro allobba yarigu gottagde hage already gadduge yerikuttidda nnavne srimanarayana,0
ಪಕ್ಕಾ ಇದು ಚರಿತ್ರೆ ಸೃಷ್ಠಿ ಸೋ ಅವತಾರ,0
jai d boss love you darshan,5
1st rank raju,5
a pistol idkondu hako step,0
nayak nindu ade sudeep sir da caste alva,0
heege innu chennaga bairi e chena nanmaklige app ban madidd olled aytu hage avru kade tariskollo 3000 things stop madbeku aga buddi barutt avrge,3
l in in pkk i,5
me ha video live bhaghetla ahe aj radu nako nantar,5
monster_kannada sak nilsu guru nim amma dagar anta oorgella gottu adunna ee tara helada,2
അടിപൊളി പടം നായിക കുട്ടൂസ് പൊളി,5
super duper old audio drama,1
love you darling,5
ondu week ga 11 films release madudra ee traffic jam alli nimana lock madi tamil telugu vehicles ge zero traffic in karnataka,5
100 correct bro,5
super song,5
nice story accting super prajval devraaj,0
ಕೇಳಲು ಇಷ್ಟ ಆದರೆ ಇದು ನಿಜ ಅಲ್ಲ ಅನಿಸುತ್ತೆ ನನ್ನ ಪ್ರಕಾರ,1
hidden detail in trailer of avane srimanarayana n,0
neevenu promotion maadilla andru kannada dalli navu guarantee nodtivi north alli promote madrappa valle market idae alli enta films gae madrappa 50 crore plus min collection agutte,0
eeno problem ide nimge hangella eeneno ansbardu song 1st time ee crazy ide,0
ರಶ್ಮಿಕಾ ಗಿಂತ ಒಳ್ಳೆ ಹುಡುಗಿ ಸಿಗಲಿ ಒಳ್ಳೇದು ಅಗುಲಿ ನಿಮಗೆ,0
hi to get,5
neevu namma spurthi,0
amazing trailer ಹೊಸ ತರಹದ ಪ್ರಯತ್ನ ಚಿತ್ರ ತಂಡಕ್ಕೆ nಶುಭವಾಗಲಿ 100 ದಿನಗಳು ಪೊರೈಸಲಿ nಅಪ್ಪು ಬಾಸ್ ಅಭಿಮಾನಿಗಳ ಪರವಾಗಿ ಗುಡ್ ಲಕ್ ಆಲ್ ದಿ ಬೆಸ್ಟ್,0
ಮತ್ತೆ ಟೀಯೇಟರ್ಗೆ ಅಕ್ರಿnಇಂತಹ ಸಿನಿಮಾನ ಬೆಳಿಸೋಣ,0
avanige gaya vasi agbeku andre avnu krishna na bhakti madi vasi madbeku eela kaliyuga nasa agbeku,4
kannada matte remake film,1
bgm is,5
upendra has done,0
ಅಬ್ಬಾ ಎಂತಹ bgm,0
kumar,5
ಚರಿತ್ರೆ ಸೃಷ್ಟಿಸೊ ಅವತಾರ ಅಷ್ಟೇ ಅಲ್ಲ ಚರಿತ್ರೆ ಜೊತೆ ಇತಿಹಾಸನ ಉಲ್ಟಾ ಮಾಡೋ ಅವತಾರ all the best ರಕ್ಷಿತ್ boss and 100 days running successful ಆಗೆ ಆಗುತ್ತೆ,0
unlike kottiroru ramshakkana fanse erbeku,3
boss e nan makluge,1
hee sulli makalla videos beda tiktok ban agidhe holli kelsa,1
of king tika muchkond hogo gandu,2
ಎನ್ making ಗುರು,0
pakka engeneering mind bro song,5
kachada nan nagini gane,4
hero heroin very good,5
gowda lee sulemagane fans kade ಇಂದ ಸಪೋರ್ಟ್ ಅಂದರೆ,3
hands up 308k likes nbelageddu 308k likes,4
ಸೂಪರ್ ಡಿ ಬೋಸ್ಸ್ fan,0
nayak ನಿ ಷಂಡ,2
vikranth dhanush ನೀವೂ ಮಾಡಿರೋ ಪದ ಆಂಗ್ಲಭಾಷೆಯಲ್ಲಿ ಇದೆ ಅದು ಹಾಗೆ,0
ಹಳೆಯ ನೆನಪು ತೋಗರಿ ತಿಪ್ಪ,0
hands up e songige,0
ತುಂಬಾ ಕಾಡುತ್ತೆ ಈ ಸಿನಿಮಾದ ಕಥೆ nಈ ಸಿನಿಮಾನ ನೋಡಿದವರು ಕಥಾ ಶ್ರೀಮಂತಿಕೆಯನ್ನು ಭಾವನೆಗಳ ಭಾವವನ್ನು ತಮ್ಮ ಮನಸ್ಸಿನಲ್ಲಿ ತಾವೇ ಅನುಭವಿಸುವುದು ಖಂಡಿತ n ದಿಯಾ ಸರಳ ಸಹಜ ಸುಂದರ ಸಿನಿಮಾ,0
suvarna chanle nemge studio elva yvdo gujari jagadali madidira ade star actors agidre hege madtidra,3
avane shriman narayana,0
heart guru modlu avr heeliddu artha madko,2
those 1 3k dislikes are seems to be fan of rashmika,3
hands up annodu heno bosudike,1
sooper pa rakshit mukali haryanga talent paa nindu,0
i feel jasti bitta kottri bari lyrical video sakagittu,3
chutiyaa ganesh gintaa olle movie irutthe bidu guru idu ganesh ge olle swamake maadoke helu modlu,2
tyrion lannister spotted 3,5
sir 5paisa com adara bagge video madi open madodhu hege and close madodhu hege antha plz sir,0
ತುಂಬಾ ಅನುಕೂಲ ವಾದ ನಟರಿದ್ದಾರೆ ನಮ್ಮ ಇಂಡಸ್ಟ್ರಿ nallinಸುದೀಪ್sir ಪುನೀತ್ sir ಶಿವಣ್ಣ ಧರ್ಶನ್ ಸರ್ nಇಂತಹ ಹಿರಿಯ ಕಲಾವಿದರಿಗೆ ಬಿಸಿನೆಸ್ ಗೆ nಹೆಲ್ಪ್ ಮಾಡಿದ್ರೆ ಚೆನಾಗಿರೋಧು ಇನ್ಕ್ಲೂಡಿಂಗ್ syedh ಇಂದ್ರಜಿತ್ ಅವರಿಗೂ kooda ಸಹಾಯ ಮಾಡಬಹುಧಾಲ್ಲವೇ,4
ಏನ್ ಪಾ ಅವರ್ನ್,2
super rakasith sir,5
hv neen kano show off gandu flirt maadoke bartaane bewarsi nimanta chool bewarsi gallindaane hudugiru comment maadoke hogolla jasthi jeevndalli hudgirna nodillveno thukaali,2
ಟಿಕ್ ಟಾಕ್ ಜೊತೆಗೆ ಚೈನೀಸ್ ಪ್ರೊಡೊಕ್ಟ್ ಎಲ್ಲಾನು ಬ್ಯಾನ್ ಮಾಡಬೇಕು,0
ಗುರು ಇವರಿಗೆ ದೇಶದ ಅಭಿಮಾನ ಇಲ್ಲ ಇವರಿಗೆ ವಿಡಿಯೋ ಮಾಡೋದೇ ಮುಖ್ಯ ಇವರಿಗೆ,1
ನನ್ನ ಈ ಕಾಮೆಂಟ್ ಕನ್ನಡ ಚಲನಚಿತ್ರ ನಟ ನಟಿಯರು,4
urkond sai beku,1
ಹೌದು ಹುಲಿಯ,0
guru nun super super super,0
ಹಲೋ ಫಾರ್ ನನ್ ಮಗಂಗೆ ಮಾನ ಮರ್ಯಾದೆ ಇಲ್ಲ ಅಣ್ಣ ಇಲ್ಲೋ ಏನು ಆಗಿದೆಯಂತೆ ಯುನೋ ಭಾರತ ಚೈನಾ ಫಸ್ಟ್ ಕೇಳಿ ಅಣ್ಣ ನಮ್ ದೇಶಕ್ಕೆ ದ್ರೋಹ ಬಗ್ಗೆ ದ್ರೋಹಿಯನ್ನು ಅಣ್ಣ ಇನ್ನೂ ಸ್ವಲ್ಪ ಚೆನ್ನಾಗಿ ಉಗಿರಿ ಅವನಿಗೆ,2
hands up ಇದು ವನವರತ,0
thu sooolemagane bari star madya tandido kelsa madtiralo ibru kuda nam kannada actors ibrigu nam support yavaglu irutte nimmanta soolemaklu ibru madyaadali tandidtira,2
vitthal ನಿಮ್ಮ ಅವ್ವ ಹಾದರಗಿತ್ತಿ ನಿನ್ ದೊಡ್ಡ ಷಂಡ,2
avanu allla bro avaru annabeku,1
my most favorite song,5
ಹೌದು ಇದು ಸಾಕ್ಷಾತ್ ಕೃಷ್ಣ ಕೋಟ ಶಾಪದ ಪರಿಣಾಮ,0
super guru nice,0
evarge tik tok elde kakkasu agola anusutte,3
mallad luccha fans nimma luccha suderpdu movie nodo ella flop agtive side actor get fit baavali age eddane balegaara correctagi tindu barlike hell baavali,4
nice togari tippa,5
ನಾನು ಬೆಂಗಳೂರಿನ ಮುಂಬರುವ ಡಿಜೆ ನಿರ್ಮಾಪಕ,0
english movie rango dubb maadi ro movie,0
್ಫೂಸ್ ಆತ್ಮ houdu huliyaa,0
bisilu nadalli hola uluvavane nijavada raita,0
e song alli flare gun ide,5
ನಾವು ಸಣ್ಣವರದ್ದೀಗಾ ಈ ನಾಟಕ ಹಳೇ ನೆನಪು ಬರತ್ತ ಇದೆ ಇದನ್ನ ಕೇಳಿ ಪುನಃ ಪುನಃ ಕೇಳಬೇಕು ಅನಿಸುತ್ತೆ ಶಂಭು ಬಳಿಗಾರ ದೊಡ್ಡ ನಮಸ್ಕಾರ ಇದೇ ತರ ನುಚ್ಚಿನ ಮಲ್ಲಯ್ಯ ನಾಟಕ ಆಪ್ ಲೋಡ್ ಮಾಡಿ,0
idu actually chenag irodu,0
hi my friend,5
ondu varshakke 1or2 film madodkintha entha ondu olle film madidre kannada industry ellige ogutthe,4
happy new year guru,0
ontara different agi ide,0
ಇದು ಚರಿತ್ರೆಯನ್ನು ಸೃಷ್ಟಿಸೋ ಅವತಾರ,0
xi xp zurich,5
super kati sir keli bala varsha agittu namaskar shambhu sir,0
ಸೆಕ್ಸ್ ಸೆಕ್ಸ್ ಸೆಕ್ಸ್ ವೀಡಿಯೋಸ್,0
18min agidde gottaglilla,0
ಯಾಕೋ ತುಲ್ಲೇ ತುಲ್ಲಲ್ಲಿ ಕಡಿತಾ ಇದಿಯಾ ಬೋಳಿಮಗನೇ ಬಂದ್ರೆ ತುಲ್ಲರೆ ಹಾಕ್ತಿನಿ ನಿಮ್ಮ ಅವ್ವುನ್ ತುಲ್ಲಿಗೆ,1
stupid fans buildup raaja neen est janunna nodidya choolnanmagne,2
ಶ್ರೀ ಶಂಕರ ಅಶ್ವಥ ಅವರ ಸ್ವಾಭಿಮಾನಿ ಜೀವನಕ್ಕೆ ನನ್ನ ನಮನಗಳು ಅವರು ಬೆನ್ನಿನ ಆಪರೇಶನ್ ಆಗಿ ಎಡಗಾಲು ವೀಕ್ ಆಗಿದೆ ಆದರೂ ಛಲದಿಂದ ಕ್ಲಚ್ ಹಿಡಿದು ಕಾರನ್ನು ಓಡಿಸಿ ಜೀವನ ನಡೆಸುತ್ತಿದ್ದೇನೆ ಎಂದಾಗ ಕರುಳು ಚುರುಕ್ಕೆನ್ನುತ್ತೆ ಯಾರಾದರೂ ಸಿನೆಮಾ ಸ್ಟಾರುಗಳಾಗಲೀ ಅಥವಾ ಯಾರಾದರೂ ಕೋಟ್ಯಾಧಿಪತಿಗಳಾಗಲೀ ಒಂದು ಅಟೋಮ್ಯಾಟಿಕ್ ಅಂದರೆ ಕ್ಲಚ್ ಇಲ್ಲದ ಕಾರನ್ನು ದಾನವಾಗಿ ಕೊಟ್ಟರೆ ದೇವರು ದಾನಿಗಳಿಗೆ ಖಂಡಿತ ಒಳ್ಳೆಯದನ್ನು ಮಾಡುತ್ತಾನೆ,0
уσυя νι єσ ιѕ яιgнт вяσ,5
thank u thank u so much,5
kfi is not for single person,5
heroine love you,5
real life llu haage iddidre accept madabahuditthuu alvaa nespecially obba natananna thumbaa abhimaanigalu fallow maadthaare so avru nija jeevanadallu maadhari aagirabeke vinaha thappu madbaardu alvaa baree film lli maathra hero aagidre saaladuu real life llu kooda hero agirbeku aaga avaru obba nijavaada manushya aagoke saadhya,0
ಗುರುಗಳೇ ನನ್ನ ಹೆಸರು ಗವೀಶ್ ಕೊಪ್ಪಳ nನಾನು ಚಿಕ್ಕವನಿದ್ದಾಗ ತೊಗರಿ ತಿಪ್ಪನ ಕಥೆಯನ್ನು ಕೇಳಿದ್ದೆ,0
asn movie is too good,0
ಏಳ ನಿನ್ ಅಕ್ಕುನ್ ತಿಕಾ ನ ಕೈಯಾ,4
god bless you sir,5
ಪಕ್ಕಾ ಈ ಮೂವಿ ಪ್ರಜ್ವಲ್ ಕೆರಿಯರ್ ನ ಚೇಂಜ್ ಮಾಡುತ್ತೆ ಅನ್ನೋರು ಲೈಕ್ ಮಾಡಿ,0
k wrang misteek maadtidya kurkure shetra aytha,0
ಅವನೇ ಶ್ರೀಮನ್ ನಾರಾಯಣ,0
ನಿಮ್ಮ ಚಾನಲ್ ಗೆ subscribe ಆಗಿದಕ್ಕೆ ಕುಶಿ ಆಯಿತು,0
kannada matte remake film,1
spr song ulti music,5
bejar manporchi pruthviamber,5
may be after hamsaleka,0
asha wc,5
super namboke kasta agirbodu but really agirbodu,0
dinkchaak haadugalanna keli besottogiro kannada janatege adhbhuta rasadoutana koduva different haadu ravichandran avra aa haadugala habba nenapayitu blockbuster asn,0
supper gurru 100 present nija guru,0
naavu iddivi nnnee haadannu cover song prepare madtaidivi nn,0
hands up kannada na thu ninna,2
ganesh bhat ಬೆಡುವ ಅವಶ್ಯಕತೆ ನನ್ನಗೆ ಇಲ್ಲಪ್ಪಾ ಬೆಕಾದರೆ ನಿನೆ ಬಾ ಪ್ರಿ ಅಗಿ ಉಟ ಹಾಕತಿನಿ,2
nam deshadali jati satre desha uddara agothe nchunavanne barli nive nodi gothagothe hindu muslim abbbaaa halka rajkarnnigallu,3
super video bro,5
ishtu bega youtube li movie bitre theotre ge enukk hogtare jana,1
ಅದು ಅನವರತ ನಾನು ಅಜ್ಞಾತnಈ ಪದಗಳು ಬೇರೆ ಯಾವುದಾದ್ರೂ ಕನ್ನಡ ಸಿನಿಮಾ ಹಾಡುಗಳಲ್ಲಿ ಇದ್ದರೆ ಕಾಮೆಂಟ್ ಮಾಡಿ,0
what a song yah,0
full roast madiddiya e somberigalige,3
mahesh sanagoudar bhagojikoppa,0
ಆ 247 ಜನ dislikers ರಶ್ಮಿಕಾ ಮಂದಣ್ಣ die hard fans ಇರಬೇಕು,3
ಚಂದನ್ ಶೆಟ್ಟಿ ಟ್ರೊಲ್ ವಿಡಿಯೋ ನೀವು ನೋಡಿ ನೆಗಡ್ಡೆ ಇದ್ರೆ ನಾವ್ ಗ್ಯಾರಂಟಿ,4
rakshith nan yakda dboss dabba nan maga,2
kannada songs na dislike madbede,0
sir ಗೊತ್ತು sir ಈ video ಮಾಡಿ 1ವಾರ ಆಗಿದೆ ಅದುನ್ನ ಮೊದ್ಲು ನೋಡಿ sir,0
kshamisi sir nanu tumba miss madkonde,0
edhu talent,0
ella hantha hellodakke hagodilla eddaru erabhahudu e prapancha ne ondu maye yavudakku uttara sigodilla nambikene ella,0
bgm is chindi,0
estu kelidru matte matte kelbeku ansutte,0
ಇದು ಚರಿತ್ರೆ ಸೃಷ್ಟಿಸೊ ಅವತಾರಾ,0
anna e game yavadu,0
who like rakshit shety hit like,0
avinash pls nivelru movie na promote madi insta fb alli promote madi,0
chinada tiktok ceo helidanante bharatadalli iruvashtu somarigalu berellu illa anta idarta avara deshadavare aa app annu ashtu use madtilla bharatadalli koti gattale use madtidare banne maadida modi sarkarakke danyavadagalu nnjai jawan jai kisan njai hindh,0
diya idond name alla,1
re release maadi,0
nin yogyathege meeri mathgal aadbardu,2
hagadare kaleyugaku antya edhe antha aytu ero ast dina enjoy madkond erbekappa,1
well msg guru,0
kannada namjeeva rath,5
ಅವನೇ ಮುಂದಿನ ಇತಿಹಾಸ ರಚಿಸುವವನು nಅವನೇ ಶ್ರೀ ಮನ್ನಾರಾಯಣ,0
vijay praksh super voice,5
bro well said superb,0
yes nam ura hudgange mosa madi hodlu amele nam karnataka kk avmana madidlu avlige yakadru hode ansbeku,2
super bro yanke uninstall madbeku anno gandugale saryag helidira,0
sl nಹೌದು ಸರ್,0
ಈ ಹಾಡನ್ನು ಕೇಳುತ್ತಿದ್ದರೆ ನನಗೆ ಸ್ವಾಗ್ ಸೆ ಕರೆಂಗೆ ಸಬ್ಕಾ ಸ್ವಾಗತ್ ಹಾಡು ನೆನಪಾಗುತ್ತೆ nಸ್ವಲ್ಪ ಹಾಗೇನೇ ಇದೆ ಮ್ಯೂಸಿಕ್ ಅಂತ ನನಗೆ ಅನ್ನಿಸ್ತು n,0
desha modlu pls ban agbeku tik tok,0
nimdu bari ide aagoythu telegu avaru copy maadudre tm movie nodthira kannada davru own aagi maadudru kyathe thegithira,4
yake jana ogtila andre bec of telegram app bec yala movie galu 1 week ge sigtide yalrugu phone ale nodtidare tuu itara ole cinimas na yaru ogi nodtilwala anode bejaruu ban the telegram appnplzz,4
jaa dhinchak pooja ki songs dekh bollywoodiya,4
yes i have join it,5
kannada film industry indialle no 1 agutte,0
lo nin d filme odtilla modlu anv film nodro amele bere filmge sprt madu sumne comnt akbitre film odbidutta bari builduppu,3
idu englishs filmae beat madute ansudre like madi,0
ho guru adu pubg alla adu yav game antha modlu thilko ninu,2
last nalli spoon na eseyodu pakka kudure krishna rishabshetty sir,0
anna yavuranna nindu chamarajnagarana,0
nanu e video nodtha ellan thumbline nodi e msg madtha edhinin alla ri karnataka dhali kannda movie 100 r s ticket etre ege ri nododhun adhe,1
anjali devi hi,5
nice trailer super acting prajwal devraj,5
rashmika mandana aunty full stomach burning haa,2
ಸುಪರ್ ತೊಗರಿ ತಿಫ ಲಾಚನಕೇರಿ,0
ಬಾಳ ಚಂದ ಐತ್ರಿ ಕಥಿ,0
i hate tiktok mobile thagondagindanu install made illa i hate this,4
super song,0
parthasarathi ಅಲಾ ಹಾದರಗಿತ್ತಿ ನಿಮ್ಮದು ದೊಡ್ಡ ತುಲ್ಲು ಬಿಡೆ,2
same feelings for me,5
ಅಪ್ಪಟ ಕನ್ನಡದಲ್ಲಿ ಮನಸು ಮುಟ್ಟೋ ಹಾಗೆ ಸ್ವಚಂದವಾಗಿ ಮುಖ ಒರಿಸ್ಕೊಳ್ಳೋ ಹಾಗೆ nಚೆನ್ನಾಗಿ ಉಗಿತಿರಾ ಅಣ್ಣಾ ಉರ್ಕೊಳ್ಳೋರು ಉರ್ಕೊಳ್ಳಿ ಕರೆಂಟ್ ಹೊಡಿದ ಕಾಗೆ ಹಾಗೆ,3
parthasarathi nimma yashini boobs gojjekesari acting ge oscar award fix,2
diya sandalwood new queen,5
ಕನ್ನಡ ಸಿನಿಮಾ ರಂಗದ ಸುವರ್ಣಯುಗ ಈ ಕಾಲ ಎಂದರೆ ತಪ್ಪಾಗಲಾರದು nಅದ್ಬುತ ದುಷ್ಯಕವ್ಯ ಈ ಸಿನಿಮಾಗಳು ngolden time for kannada film industrynmungaru male,0
thika urkondu dislike madbittidira already nsuper song asn nnam shettru steps anthu,3
dislike madiroru pakka rashmikha kadeyavare,3
china apps ಯಾಕೆ ಬ್ಯಾನ್ ಮಾಡಬೇಕು ಅಂತ ಹೇಳುವವರಿಗೆ ಚಪ್ಪಲಿಯಲ್ಲಿ ಹೋಡೆದು ಬುದ್ಧಿ ಕಲಿಸಬೇಕು,0
super song anna liked it,0
ಶಂಭು ಬಳಿಗೇರ ಗುರುಗಳೇ ನಿಮಗೆ ಧನ್ಯವಾದಗಳು ನಿಮ್ಮಕಥೆ ಹೇಳುವ ಶೈಲೀಗೆ ನಮನಗಳು,0
hands up,0
super bro,0
ನನ್ನ ಗೆಲ್ಬೋದು ಅನ್ನುತ ನಿಂತನು ಓರ್ವ ರಾಕ್ಷಸ,0
rakshit movie success party elli maadbekanta iddiri,0
ashwathamana bagge thiliyalu raktha rathri emba yakshagana nodiri,0
charitree shrushtisoo avatara,0
asn kgf,1
parthasarathi ಎಷ್ಟು ರೇಟು ಒಂದು ರಾತ್ರಿ ಬ ಸಾಕು,2
rashmika vijay deverkonda haters like here,3
banni hagadre matadaskond barona,0
super song,0
ban agoithalla bro inna yenidhru tamte saddhu yerd steppu ashte,0
so interesting film,0
game name bro,5
ಹೌದ್ ಹುಲಿಯ nhands up ಅವನು ಬರ್ತಿದಾನೇ ಬಂದ ಮೇಲೇ ಪಕ್ಕಾ ಬೇರೇ ಇತಿಹಾಸ ಸೃಷ್ಟಿ ಆಗುತ್,0
ee music director d boss robert movige irli enuvru like mdidri,0
shivu patil nhf,5
la tv all yb comedy,5
he is an tulu film actor tulunad prince daring star pruthvi,5
that making was osm asn,5
naan antha china app antha yaavaglo delete maadidene njai hind,0
prathiyobbara ಜೀವನ da ಆಸೆಗಳು,0
shali 2,5
alla ri valmiki real life na khate bardidaro real khate bardidaro avnu ganeshana hattira barsiridu avaga ramayana mahabharata nadide ella haganta ashvataama badkidane anta hege nambtira astukku adu nadidide elvo namg gotte ella adu hege aahvataama badkidane anta heltira edu bidi nivu avna nodidira bandu kate helda anta ede alla nivu hogi kelidira avaru buildope ge helirbodu edu yarige esta agidiyo avru like madi,2
fab trailer,5
awesome movie sir,5
his a bang bang,5
n ya your right but i like him,5
thanks venki anna,0
dislike yav mahanbhavru madiradu guru looks like promising trailer,1
my favorite song,5
please upload vol 2,5
mohan r gowda v,5
good massage anna super,0
le tiktok huchhu sulemakle,4
ಸಿನಿಮಾದಲ್ಲಿ ಐದಾರು ಹಾಡುಗಳು ಇಡುವ ಕಾಲದಲ್ಲಿ ಈಡಿ ಸಿನಿಮಾದ ಕಥೆ ಒಂದು ಹಾಡಿನಲ್ಲಿ ಆಡಗಿದೆ ಯಾರೆಲ್ಲ ಆ ಹಾಡಿಗೆ ಕಾಯುತ್ತಿದಿರ,0
e nayi nann makkalage thiliyode illa,1
like goskara ivella beka,1
ಕೆಲವರು ಡಿಬಾಸ್ ಬಾಸ್ ಅಂತಾರೆnಕೆಲವರು ಯಶ್ ಬಾಸ್ ಅಂತಾರೆnಕೆಲವರು ಕಿಚ್ಚ ಬಾಸ್ ಅಂತಾರೆnಕೆಲವರು ಪುನೀತ್ ಬಾಸ್ ಅಂತಾರೆnಇನ್ನೂ ಕೆಲವರು ಶಿವಣ್ಣ ಬಾಸ್ ಅಂತಾರೆnಆದರೆ ಅವರೆಲ್ಲರೂ ಅವನಿಗಾಗಿ ಕಾಯ್ತಾಇದಾರೆnಯಾರ್ ಅವನು nಅವನೇ ಶ್ರೀಮನ್ನಾರಾಯಣ,0
salute to you sir,5
kabja kannada samrajya nucchu noor madtade,3
goneppanavar kartik goneppanavar fttc,5
ಜೀವನ ಬಹಳ ಚೆನ್ನಾಗಿ ಅರ್ಥ ಮಾಡಿಕೊಂಡಿದ್ದೀರ ಬಹಳ ಸರಳ ಜೀವಿ,0
boss fan s yella like madro,0
mallad luccha fans nimma luccha suderpdu movie nodo ella flop agtive side actor get fit baavali age eddane balegaara correctagi tindu barlike hell baavali,4
shetty boss na nodi urkobeku aste yenu nithkolake agalla,2
super song nam kannada song,0
dignity of labour ಭಾರತದಲ್ಲಿ ಇಲ್ಲ ಅದನ್ನು ಭಾರತೀಯರು ಬೆಳೆಸಿಕೊಳ್ಳಬೇಕು,0
e bevrcgal maneli yavandru sathidre sari erodu,4
namma karaavali enta enta actors galanna kannada cinemage needide gotta upendra,0
ಈ ದೇಶದ ದುರಂತ,4
ಮೊವಿ ಸೂಪರ್ ಇಂತ ಒಳ್ಳೆ ಡೈರೆಕ್ಟರ್,0
ತುಂಬಾ ಚೆನ್ನಾಗಿದೆ ಸಾರ್,0
chindi,4
ಮಗ ಹೀಗೆ ಮಾಡು ಡ್ಯಾಸ್ ಲೈಕ್ಸ್ ಸಿಗುತ್ತೆ,1
420 tik tok 420 china,4
ottinalli navu uddara,0
ಚಂದನ್ ಶೆಟ್ಟಿ ಟ್ರೊಲ್ ವಿಡಿಯೋ ನೀವು ನೋಡಿ ನೆಗಡ್ಡೆ ಇದ್ರೆ ನಾವ್ ಗ್ಯಾರಂಟಿ,0
super chindi boss,0
signature move,0
ond kick ide song nalli,0
yalla kannadigarugu ansthithu bere bashe movies maddohange yak namma kannada movies maddalla antha but evagaaa yak bere bashe movies nodbeku antha ansoke shuruuu agbhitidhe alva karnataka,0
osm bro i vill support u,5
this real jai krishna krishna,0
bro game yavdu adu,0
handsup ಇದು ಚರಿತ್ರೆ ಸೃಷಿಸೂ ಅವತಾರ,0
sr u r great sr nimage kannada chitrarangadalli avakashagalu sigalli sr sudeep sr darashan sr mattu yesh sr plz yella kannada hirogalu nim pilimagalalli avakashagalu kudri plz plz plz plz plz,0
supper guru,0
over buildup yella yaake bidu guru story chanagi kottidre saaku aa rashmika thika uribeku,2
sakath beats matte matte kelabeku anno song,0
ಚಂದನ್ ಶೆಟ್ಟಿ ಟ್ರೊಲ್ ವಿಡಿಯೋ ನೀವು ನೋಡಿ ನೆಗಡ್ಡೆ ಇದ್ರೆ ನಾವ್ ಗ್ಯಾರಂಟಿ,0
mistake is done in promotion ee movie ge nan hogiddu flook alli coz nan friends yavdo ond movie ge hogonnan ankond yavdu show ilde idyavdo olle review idyalla movie antha hodvi but ee movie sakkath feel kodthu later nam friends ge heli kalsdvi,1
en helde bro,0
ಇದೇ ಟ್ರೇಂಡ್ ಸೆಟ್ಟಿಂಗ್ ಎಂದರೆ all the best asn,0
ಒಳ್ಳೆ ಸಂದೇಶ ಸರ್ tq,0
boss e nan makluge,1
mallad luccha fans nimma luccha suderpdu movie nodo ella flop agtive side actor get fit baavali age eddane balegaara correctagi tindu barlike hell baavali,4
ಈ ಅವತಾರ ಚರಿತ್ರೆ ಸೃಷ್ಠಿಸಲಿ ಎಂಬುದೆ ನನ್ನ ಶುಭ ಹಾರೈಕೆ,0
aa bindu gowda nad innitar support madovrge hilieghtag troll madi bro life nal tiktok bagge matadbardu,2
creatagi ethu bro,0
shri idre contact madi,0
ನಿಮ್ಮ ಅವ್ವ ರಂಡಿ,2
ಮೆರೆಯಲಿ ಕನ್ನಡದ,0
hands up,0
dis like hakorge ond math hekok esta padthini nimig esta agilla andre sumne erbod alva yak sumne dislike hakthira ade bere bhashed est kacchada edru like hakthira alva nimmanthor erodrindane kannada movies ast hesru madtha illa,3
e video nodi namma desha e stiti nodi bejar aytu nbangarada akki agidda bharatakke e paristi barabaradittu,4
yav thappu illa,0
tejas bdj try j,5
ವಿಜಯ್ ಪ್ರಕಾಶ್ ಸಾರ್ ಸೂಪರ್ ಸಾಂಗ್ ಹಾಡಿದ್ದೀರ ತುಂಬು ಹೃದಯದ ಧನ್ಯವಾದಗಳು,0
sunil panzer was,5
ಹಾಡು ಕೇಳೋಕು ಮುಂಚೆನೇ ಲೈಕ್ ಬಟನ್ ಒತ್ತೋನು ನಾನೊಬ್ಬನೇನ,0
supper p boss yar unlike madidhare nodi urkondu saytor anta,3
bye my virat,5
lo anna ninu nijvada hero kanocorrect agi helde,0
parthasarathi ಸ್ವಾಮಿ ದೊಡ್ಡಬಳ್ಳಾಪುರ ರಾಜಕಮಲ್ ನಲ್ಲಿ ಕೇಸಿಎನ್ ಗೌಡ್ರು owner ಆದ್ರೂ ಬಾಡಿಗೆ therater ಕೋಟಿರೋದ್ರ ದಿಂದ ತುಲುಗು ಸಿನಿಮಾ 3 ರಾಜಕಮಲ್ ಹಾಕಿದನ್ನೇ,2
idhu bari bogus,4
poorthi hadanna accha kannadalli baridavarige abinandanegalu,0
super i like it,5
k k haa nin amman tulldeepanna,2
yellar gamnaanu hands up hatra ne ide haage gamna ittu nodi,0
well done,5
bro super bro amazing speech,5
super duper old audio drama,1
sir nimge anatha anatha dhanyavadhagalu,0
nimge nijavagalu netiyagiddra,0
next level making,5
nim bagge nanu kai hetthi mugithini shankar ashwath sir,0
a nice song,0
we want grow kannada industry,5
short film editing ಮಾಡುವುದು ಹೇಗೆ ಲಿಂಕ್nn,0
adbhutha sathya,0
abhigowda birthday song,5
nice story togari tippa,0
ತಾಯಿ ಚಾಮುಂಡೇಶ್ವರಿ ಕೃಪೆ ನಿಮ್ಮ ಮೇಲೆ ಇದೆ ಸರ್,0
ಚಂದನ್ ಶೆಟ್ಟಿ ಟ್ರೊಲ್ ವಿಡಿಯೋ ನೀವು ನೋಡಿ ನೆಗಡ್ಡೆ ಇದ್ರೆ ನಾವ್ ಗ್ಯಾರಂಟಿ,0
ನಿಮ್ಮ ಒಳ್ಳೆಯತನಕ್ಕೆ ನನ್ನಂದು ಸಲಾಂ,0
devare devare devare devare shivane tandheye appane nivu super super duper mind blowing hero forever forever,0
rakshith fan kerala,5
ram ಹೌದು,0
step suppppeerrrrrr ide,0
18 nj,5
n 0,0
year ge ondu film bandru chenagide super sir,0
yadav havha,0
movie is awesome,5
awalegia gandane yake hadabeku bere yaradru hadabhdal,1
rakshith shetty superb song ninna kastada prayathnakke kanditha pala sikke sigutte,0
hands up to vijaya prakash sirr,5
super ri boss lovely jai kiccha fan s jai rakshith shetty boss,0
karab guru nenu nnkn eddu masthu,0
super o super,0
ಜನರನ್ನು ಮೂರ್ಖರನಗಿಸೋ ವಿಡಿಯೋ ಇದು ಯಾರೂ ಕೂಡ ನಂಬಬೇಡಿ ಒಬ್ಬ ವ್ಯಕ್ತಿ 5000 ವರ್ಷ ಬದುಕುವುದು ಸಾಧ್ಯವಾ ನಿಮ್ಮಗೆ ನೀವೇ ಪ್ರಶ್ನೆ ಮಾಡಿಕೊಳ್ಳಿ,3
i love song,5
super boss nmake more vedio,5
hands up song ge,0
ಕನ್ನಡ industry ya ಹೆಮ್ಮೆ asn,0
ar idhu remake all i am editor,0
1 trending in india,5
estu sari nodudru samadhana aagthilla awesome song,0
ಸೂಪರ್ ಸಾಂಗ್ ರಕ್ಷಿತ್ ಶೆಟ್ಟಿಯವರೆ ಮತ್ತು ಸೂಪರ್ ಟ್ಯಾಲೆಂಟ್,0
ಕೆಲವು ಜನರಿಗೆ ಹೇಳಿದ್ರೆ ಅರ್ಥ ಆಗಲ್ಲ,0
yenu taayganda na neenu,2
y boss ಅಭಿಮಾನಿಗಳ ಕಡೆಯಿಂದ all the best sir,0
tukaram character yarige ista agide avru like madi,0
i love aadi,5
ಸಕ್ಕತ್ ಸಾಂಗೂ ಗುರು,0
sir yarige yaru agolla appa amma na biture sir olle mathugallu,0
parvagilla bidi bejar ilannam sandalwood navara manassu nim samudrakkinta vishalavagidenadakke we welcome you n like younwe like all culture,3
mera masth song guru,0
ದಿಯಾ ಚಲನಚಿತ್ರ ತುಂಬಾನೇ ಚೆನ್ನಾಗಿದೆ ಸ್ವಲ್ಪ ಪ್ರಚಾರದಲ್ಲಿ ಕೊರತೆ ಇರಬಹುದು ಹಾಡುಗಳನ್ನ ಹಾಕಿದ್ದರೆ ಇದು ಇನ್ನೊಂದ್ದು ಮುಂಗಾರು ಮಳೆ ಆಗುತಿತ್ತು ಹಾಟ್ಸ್ ಆಫ್ ಟು ಡೈರೆಕ್ಟರ್ ಅಶೋಕ್,0
veerappan ennu badkavna elva edra bagge ondu video madi sir,0
ತುಂಬಾ ಚೆನ್ನಾಗಿದೆ ಕನ್ನಡ ಬೆಳಸಿ ಕನ್ನಡ ಊಳಿಸಿ,5
ಒಳ್ಳೆತನಕ್ಕೆ ಈ ಪ್ರಪಚದಲ್ಲಿ ಬೆಲೆ ಇಲ್ಲ ಸರ್ ಆದ್ರೆ ಒಳ್ಳೆತನ ಯಾವತ್ತೂ ಸೋಲೋದ್ಧಿಲ್ಲ ಗೆದ್ಧ್ಚೆ ಗೆಲ್ಲುವೆ ಒಂದು ದಿನ,0
x dia is kannada movie man mind ur comment,5
ನಿಜ ಹೇಳಿದ್ರು ಆದರೆ ಇದರಲ್ಲಿ ಸಬ್ಸ್ಕ್ರೈಬ್ ಇರೋದು ಮೂರು ಲಕ್ಷ ಆನಂದಾಡಿಯೋದರಲ್ಲಿ ರಿಲೀಸ್ ಮಾಡಿದರೆ ಒಡೆಯ ಸಾಂಗ್ ಮೀರಿಸಿತಿತ್ತು,0
heloke padagale siktilla anno padakke artha sikkkantagide,0
delete tiktok your details are also hacking chinese,4
rj naagraj naan bigg fan neeu prathvi aadru naan nim rj fan aadi age kushi aitu noodi film exlnt ee year supr move heroin sa acting exlnt whole team suprb,0
hands up nahi hands down,5
gaming okkk,5
ರಕ್ಷಿತ್ ಶೆಟ್ಟಿ ಅಭಿಮಾನಿಗಳು ಇಲ್ಲಿ ಲೈಕ್ ಮಾಡಿ,0
obba nata driver ägiddaru adakkintha obba driver natarägiddàre annothe hemme,0
mistake is done in promotion ee movie ge nan hogiddu flook alli coz nan friends yavdo ond movie ge hogonnan ankond yavdu show ilde idyavdo olle review idyalla movie antha hodvi but ee movie sakkath feel kodthu later nam friends ge heli kalsdvi,1
unlikers ella chinos appang huttid sulemaklu irbek,3
onde baari hattu cinema bandre,0
ಚಿತ್ರಮಂದಿರ ಒಳಗೆ ಜನ ಬರಬೇಕು ಅಂತರೆ ಇದು ತಮಷೆ ಅಲ್ಲ ಮೊದಲು tik tok ban ಆಗಬೇಕು ಸಿನಿಮಾ ನಟ ನಟಿ tik tok ಮಾಡಬಾರದು ದೋಡ್ಡ ದೋಡ್ಡ ಸ್ಟಾರ್ ನಟರು tik tok ಬಗ್ಗೆ ದಂಗೆ ಎಳೆಬೇಕು ಸರ್ಕಾರ ಕ್ಕೆ ಮನವಿ ಮಾಡಿ tik tok ಬ್ಯಾನ್ ಮಾಡಿ ಅಂತ ಇಷ್ಟು ಕೆಲಸ ಮಾಡಿಲ್ಲ ಅಂದರೆ ಮುಂದೆ ಒಂದು ದಿನ ನಿಮ್ಮ ಸಿನಿಮಾ ನೀವೇ ನೋಡಬೇಕು,3
ಸ್ವಾಭಿಮಾನಿ ದೇವತ ಪುರುಷನ ಮಗ ತಕ್ಕಂತೆ ಇದಾರೆ,0
very super unique filmography awesome choreography,5
parthasarathi ಮುಚ್ಚಲ್ಲೇ ಮರಿ ದೊಡ್ಡಬಳ್ಳಾಪುರ ಇತಿಹಾಸ ಏನೋ ಗೋತು ರಾಜಕಮಲ್ ಗೆ ಸಿನಿಮಾ ಹೊದ್ರೆ ಕ್ಲಿನ್ ಇಲ್ಲ ವಾಸನೆ ಸರಿಯಾದ ಮೆಂಟೇನ್ಸ್ಸ್ ಇಲ್ಲ ಅವಾಗ ಕನ್ನಡ ಸಿನಿಮಾ ಹಾಕೋಡ್ರ್ಲ್ಲಿ ನಮ್ಮಗೂ ಇಷ್ಟ ಇತ್ತು ತೆಲುಗು ಸೈರ ನರಸಿಂಹ ರೆಡ್ಡಿ ಹಾಕಿಡೋನೋ ರಾಜಕಮಲ್ ಮರ್ಯಾದೆ ನೋ ಹೋಯಿತು,2
2nd song narayana releasing tomorrow,0
nimage aa devaru olledu madali appaji nnimma matugalu keli nange 100 dairya bantu appaji thank you for your inspiration,0
nirikshegu miri cinima agide my favorite movie love you,0
egu edare sir,0
estella troll madidru roast madidru konege deshakke ago nastada bhagge gothadru inna tiktok vahiskondu bartharandre evrgella yen anbek guru nnikal lawde,0
pride of karnataka kannada,5
ವಾರಕ್ಕೆ 10 15 ಸಿನಿಮಾ ರಿಲೀಸ್ ಆದರೆ ಯಾರ್ ನೋಡ್ತಾರೆ,1
ಅದ್ಭುತವಾದ ಸಿನಿಮಾ ನಾನು ಇತ್ತೀಚೆಗೆ ನೋಡಿದ ಎಲ್ಲ ಕನ್ನಡ ಸಿನಿಮಾಗಳಿಗಿಂತ ಇದು ಒಂದು ತೂಕ ಜಾಸ್ತಿ ಭಾವನೆಗಳ ಭಂಡಾರವನ್ನು ತುಂಬಿ ಕೊಡುವ ಇಂತಹ ಚಿತ್ರಗಳು ಹಿಟ್ ಆಗದಿರುವುದು ಕನ್ನಡ ಚಿತ್ರರಂಗದ ವಿಪರ್ಯಾಸ ನಿರ್ದೇಶಕರ ಕಲಾತ್ಮಕತೆ ಹಾಗೂ ಸೃಜನಶೀಲತೆಯನ್ನು ಹೊಗಳಲು ಪದಗಳೇ ಸಾಲವು ಇಂತ ಸದಭಿರುಚಿಯ ಚಿತ್ರಗಳೇ ಕನ್ನಡ ಚಿತ್ರರಂಗದ ಜೀವಾಳ ಕಥೆ,0
vijayprakash golden voice,0
yake andre d booos du kurishetra filam gay asker awold barbekittu yak kotela so d boos fens ee filam nodilla,4
ond ond film ge koti koti togotira ellide sir nim manaviyate help maadi sir evrige samanyadavru alla evru ashwath avr maga kannada industry ge hemmeya actor kanri punith sir neeve barbeku shivanna neevadru help maadi esht movie li nim appa ji avrge appa n role madiddu evra appa avr marebedi sir,0
shankaragouda desaigoudra super,5
ಅವರಪ್ಪ ಒಳ್ಳೆಯ ನಟ ಆಗಿದ್ರು,0
jaanu chikk magunu kelu boss andre yaaru anta,2
what a bgm yar,5
ತೂಗರಿ ತಿಪ್ಪ ಉತ್ತರ ಕರ್ನಾಟಕ ಜಾನಪದ ಹಾಸ್ಯಮಯವಾದ ಕಥೆ ತುಂಬಾ ಅದ್ಬುತವಾದದ್ದು,0
o my god,5
super r boss,0
ee boli maklige deshakoskara1 app delete madakkaglilla,4
avanu bartidane get ready,0
swamy basva seamy to,5
dhanashetty elrigoo nimtharane yochne bandre kannada top allirodhu,0
d boss ಅಭಿಮಾನಿಗಳಿಂದ all the best,0
u turn is telugu or tamil movie na,0
ನನಗೆ ಮಹಾಭಾರತ ಕಥೆ ಕೇಳಲು ತುಂಬಾ ಇಷ್ಟ ನಾನು ಮಹಾಭಾರತ ಓದಿದ್ದೆನೆ,0
ಸಾಹಿತ್ಯ ಬಹಳ ಅದ್ಭುತವಾಗಿ ಮೂಡಿ ಬಂದಿದೆ,0
hindi version yav channel alli release madidare,0
ishtu bega youtube li movie bitre theotre ge enukk hogtare jana,1
howdu howdu howdu,0
ಏನು ಮಾಡೋದು ಸರ್ ದೇಶ ಉದ್ದಾರ ಮಾಡುವಷ್ಟು ದುಡ್ಡನ್ನು ನಕಲಿ ಗಾಂಧಿಗಳು ಲೂಟಿ ಮಾಡಿದ್ದಾರೆ ಅದು ಅಲ್ದೇ ಒಬ್ಬ ವಿದೇಶಿ ಮಹಿಳೆ ಕೈಯಲ್ಲಿ ದೇಶ ಸಿಕ್ಕು ಬರಬಾರದ ಪರಸ್ಥಿತಿಯಲ್ಲಿ ಬಂದುಬಿಟ್ಟಿದೆ ಅವಳ ಬ್ಯಾಂಕ್ ಬ್ಯಾಲೆನ್ಸ್ 3 ಬಿಲಿಯನ್ ಇದೆ ಯಾರಪ್ಪನ ಮನೆ ದುಡ್ಡು ಅದು ಸ್ವಲ್ಪ ಅದರ ಬಗ್ಗೆ ಒಂದು ವಿಡಿಯೋ ಮಾಡಿ ಲೂಟಿಕೋರರ ನಕಲಿ ಗಾಂಧಿಗಳ ಬಗ್ಗೆ,3
jai d boss,5
prajwal devraj,5
abba en song superrr,0
ಹೌದು ಸ್ವಾಮಿ ಇಂತ ನನ್ ಮಕ್ಕಳಿಗೆ ಎಷ್ಟು ಉಗಿದರೂ ಬುದ್ಧಿ ಬರಲ್ಲ ನಮ್ಮಲ್ಲೇ ಹೌರೆ ಶತ್ರುಗಳು ಐ ಡೋಂಟ್ ಲೈಕ್ ಚೈನಾ,4
win 12 yello yaavdo beedhi soolege huttironu neenu ansutthe adakke nin hesru haakolde yavdo no haakondidya leay child chapati nin no ond kodu saaku nin dove na nin munde ne keaytini asht saaku nange,2
ಅವನೇ ಶ್ರೀಮನ್ ನಾರಾಯಣ ಶೆಟ್ರು,0
ಕರಾವಳಿ ಸ್ಟೈಲ್ movie nododhe ಚೆಂದ,0
100 present super bro,5
ಮಗ ಹೀಗೆ ಮಾಡು ಡ್ಯಾಸ್ ಲೈಕ್ಸ್ ಸಿಗುತ್ತೆ,1
hidden details in trailer of avane srimanarayana n,0
titan 8iokkiyhopbrfnllj,5
superrrrrrrrrrrrrrrrrrrrrrrrn songggggggggggggggn,5
super nataka togari tippa,0
china avru nan shata,3
bro i m full support u,0
nijana edhu,0
nandini parthasarathi ascar just miss n,2
yake andre d booos du kurishetra filam gay asker awold barbekittu yak kotela so d boos fens ee filam nodilla,4
pls yestto jana nodlila film innome reles maadi naan antu bigg fan of dia,0
jai d boss,5
marketing sariyaagi maadrappa istondu olle movie ge ingadre henge very imp marketing,3
w h e r e i s h i n d i,5
hate the dislikers if it is true like me,3
super song loved it,5
bro avru ellargu ista avru yavattu controversy madkondilla,4
super super super super song,0
super tippa story,0
matte release made pakka reseve madkolthare navu hoge nodthive please,0
ಚಂದನ್ ಶೆಟ್ಟಿ ಟ್ರೊಲ್ ವಿಡಿಯೋ ನೀವು ನೋಡಿ ನೆಗಡ್ಡೆ ಇದ್ರೆ ನಾವ್ ಗ್ಯಾರಂಟಿ,0
step was awesome,0
fake fake fake youtube,5
thu sooolemagane bari star madya tandido kelsa madtiralo ibru kuda nam kannada actors ibrigu nam support yavaglu irutte nimmanta soolemaklu ibru madyaadali tandidtira,2
sir modalu nam deshadali shikshana krati ag beku and nrashta chara nilbeku,0
god bless u sir,5
urkobetvre guru,1
amar prasad sir ಈ ಕೆಲವು ಅತಿ ಉತ್ತಮ ವಿಷಯಗಳನ್ನು ಗಮನಿಸಿದರೆ ನಾವು ಚೀನ ದೇಶದಿಂದ ತುಂಬ ವಿಷಯಗಳನ್ನು ಕಲಿತು ನಮ್ಮ ಜೀವನದಲ್ಲಿ ಅಳವಡಿಸಿಕೊಳ್ಳಬೇಕು ಆಗ ಮಾತ್ರ ನಾವು ನಿಜವಾಗಿಯೂ ಸಶಕ್ತ ವಾಗಲು ಸಾಧ್ಯವಾಗಬಹುದು ಎಂದೆನಿಸುತ್ತದೆ ಈ ಮಾಹಿತಿ ಗಾಗಿ ತುಂಬ ಧನ್ಯವಾದಗಳು ಸರ್,0
howdu brother nanu tv nalli nodidde evru elidnella avru elidru,0
ನೀಜಾ ಅಣ್ಣಾ ಸೂಪರ್,0
anna sakath agi mathadiddira,0
tamil fans hit like,5
ಪ್ರಪಂಚವನ್ನೇ ನಡುಗಿಸುತ್ತಿರುವ ಉಗ್ರವಾದ ಕರೋನಾಗೆ ಶಾಕ್ nರೂ 50,4
sir mate communist best antiria ndemocracy li rajakarnigalu kithadtare,3
friends un like madirooru mostly daggr fanz erbeku alaava,3
shetty lo beedhi soole magane nin prakarane belsbeku annodidre nim kade maado yakshagaana,2
suppr movie 100 days paka,0
ಚಂದನ್ ಶೆಟ್ಟಿ ಟ್ರೊಲ್ ವಿಡಿಯೋ ನೀವು ನೋಡಿ ನೆಗಡ್ಡೆ ಇದ್ರೆ ನಾವ್ ಗ್ಯಾರಂಟಿ,0
super guru ninu,0
tik tok bevarsigalanna chaina gadiyalli chaddiyalli bomb ettu chaina kade odisa beku avaga sari agutte,3
very nice very very super,5
മലയാളീസ് ആരും ഇല്ലേ ഈ പടം ഇതുവരെ കാണാത്ത മലയാളികൾ ലൈക്,5
bro super bro,5
awesome song guru ವಿಜಯ್ sir ವಾಯ್ಸ್ superb,0
ಒಬ್ಬ ನಾಯಕನ ಕಥೆಯಲ್ಲಿ ೨ ಯುದ್ದ ಬರುತ್ತೆ ಸಾನ್ವಿ ಬಂದ್ಮೇಲೆ ಒಂದು ಇನೊಂದು ಸಾನ್ವಿ ಹೋದಮೇಲೆ ಅವನೇ ಶ್ರೀಮನಾರಯನ್,0
tag it to bindu lowda avalammana thikana kheya,2
movie was amazing,5
sariyagi promotion maadade cinema haal maadtarapan hindi song elranna,3
ಹಾಡು ಚೆನಗಿ ಹೇಳುತೀರಾ,0
anjali devi hi,5
duplicate video,4
fuck tik tokrs,3
sᴛᴜᴅɪᴏ ᴍᴏᴠɪᴇs irbahudh but avn mundhe neen yavathidru baccha nnnenp idko ondh kanmada actorna nodi beliyodh kali adhna bittu avn hero ivn baccha anbeda nan dharshan fan sudheep fan yash fan rakshith shetty kannada actor ellar fan avr yaro obbaninda kannada film belyall kanale,2
ನೀವು ಹೇಳಿದ ಕಥೆ ಚನ್ನಾಗಿಯೇ ಇದೆ ಆದ್ರೆ ಅಶ್ವತ್ತಾಮ ಬದುಕಿರೋದು ಸುಳ್ಳು,3
tiktok nan shata shata,4
loude illu nim sade fans giri shuru madudra olle movie ge support everyone best in their part thu nan makla nimantavrindane innu kannada industry explore agtilla,3
ನನ್ನ ಈ ಕಾಮೆಂಟ್ ಕನ್ನಡ ಚಲನಚಿತ್ರ ನಟ ನಟಿಯರು,4
badukina vastavakke hattiravada matugalu olledagli sir,0
powerful music irbekittu annoru like madi,1
chandra,5
do you now all alwang,5
ajaneesh lokanatha sir nodiyo kaliyo arujuna janya,1
ನೀವು ಅದ್ಬುತ ಸಾಹಿತ್ಯ ತುಂಬ ಸೂಪರ್,0
anjali devi hiii,5
ಇದು ಚರಿತ್ರೆ ಸೃಷ್ಟಿಸೊ ಅವತಾರ,0
corrcet aghi baydidira doddhu hero thara adthare thu,3
super super super film i can t explain,5
d boss fans are like plzzz,5
looks promising,5
super creative kannadiga,0
super song kannada,0
ತಿಪ್ಪನ ಸ್ಟೋರಿ ಚಂದವಾಗಿದೆ,0
sharu yako sule magne sumne eroke agalva,2
nija never support communist party,5
bere singer ge ee song kettidre innu cholo keltittu,2
dia movie super,5
super anno,0
ಮಾದರಿ ಬದುಕು ಅವಕಾಶ ಕಳೆದೊಳ್ಳುವ ಕೆಲವು ನಟರು ಮಾನಸಿಕ ಸ್ಥಿಮತತೆ ಕಳೆದುಕೊಂಡು ದುರಂತ ಅಂತ್ಯ ಕಾಣ್ತಾರೆ ಮಾಡೋಕೆ ಸಾವಿರ ಕೆಲಸಗಳಿವೆ ಯಾವುದು ಸಣ್ಣಕೆಲಸವಲ್ಲ ಇದನ್ನ ಅರ್ಥೈಸಿಕೊಂಡು ಹೆಮ್ಮೆಯ ಬದುಕು ಬದಕ್ತಿರೋ ಈ ಮಹನೀಯರಿಗೆ ಅಭಿನಂದನೆ,0
ashwath avrne noddag aythu,0
ಭಾರತದ ಮೊದಲ ಪ್ರಮುಖ ಪಿಡುಗು ಭ್ರಷ್ಟಾಚಾರ ಭಾರತದಲ್ಲಿ ಭ್ರಷ್ಟಚಾರ ಯಾವಾಗ ನಿರ್ಮೂಲನೆಯಾಗುತ್ತದೆ ಅವಾಗ ಮಾತ್ರ ಭಾರತ ಪ್ರಪಂಚದ ಶಕ್ತಿಶಾಲಿ ಸೂಪರ್ ಪವರ್ ರಾಷ್ಟ್ರವಾಗಿ ರೂಪುಗೊಳ್ಳುತ್ತದೆ,0
rashmika mandannage madadang aytu,0
ಎಲ್ಲಾ ಡಿ ಬಾಸ್ ಅಭಿಮಾನಿಗಳು ಪ್ರಜ್ವಲ್ ನ ಈ ಸಿನಿಮಾ ನೋಡಿ ಆರೈಸಿ ಪ್ರಜ್ವಲ್ ನ ಈ ಸಿನಿಮಾ ದಾಖಲೆ ಗಳ ಸಿನಿಮಾ ಸಾಲಿನಲ್ಲಿ ಸೆರಲಿ,0
madhu hello bro navu tulunad navru tulu namma matru bashe aste abhimana kannada bashe melu ide,0
exelent music dance,4
nanu 2 sala nodidini,0
anna yav kaaldall iddira 2020 agutte next joke madbedi,0
super song,5
ಕೆಲಸ ಬೇಕಾncall to 8546903696,0
parthasarathi ille gotta aagta ide ninu yestu urkondu sattidiya anta yenro nimma same balegarna type nayi padu,2
pistol look like flare gun nnjai pubg,0
ಚಂದನ್ ಶೆಟ್ಟಿ ಟ್ರೊಲ್ ವಿಡಿಯೋ ನೀವು ನೋಡಿ ನೆಗಡ್ಡೆ ಇದ್ರೆ ನಾವ್ ಗ್ಯಾರಂಟಿ,0
avara sarvadhukaranu plus point adre alli sarvadhikarirana deshada heligegaagi use maadiddare,0
ಎಲ್ಲಾ ನಂಬಿಕೆ ಅಷ್ಟೇ,1
ರಕ್ಷಿತ್ ಶೆಟ್ಟಿ ಸೂಪರ್ ಆಕ್ಟಿಂಗ್ but super action in music,0
ಪ್ರಮೋಷನ್ ಕೊರತೆ ಇತ್ತು ದಿಯಾ ಸಿನಿಮಾಗೆ ಅದ್ಭುತ ಕನ್ನಡ ಚಿತ್ರ,1
ಕನ್ನಡ ಫಿಲ್ಮ್ ಹಿಸ್ಟರಿ ನಲ್ಲ್ಲಿ ಎರಡು ಕಾಲ ಘಟ್ಟ ಇರುತ್ತೆ,0
best song sooper,5
communist government better enu hagadare,5
ರಕ್ಷಿತ್ ಶೆಟ್ಟಿ ಸೈಲೆಂಟ್ ಕಿಲ್ಲರ್,0
gali matin bazaru sudi saride sumaru adu yen andre nidu charitre srustiso avatarnvijay prakash voice nice,0
ನೀನು ಹೇಳಿದ್ದೆಲ್ಲ ಕೇಳಿ ನನಗೆ ಅನಿನಿಸಿದ್ದು ನಮ್ಮ ದೇಶಾನ ಕಮ್ಮುನಿಸ್ಟ್ ದೇಶ ಮಾಡಬೇಕು ಅಂತ,0
gandu loafer jeena,1
innu aagilva tiktok ban,0
ನಾವು ಚಿಕ್ಕರಿದ್ದಾಗ ತೊಗರಿ ತಿಪ್ಪನ ಕತೆಯ ಕ್ಯಾಸಟ್ ಹಾಕಿ ಕೇಳಿ ಬಿದ್ದು ಬಿದ್ದು ನಗುತ್ತಿದ್ದೆವೆ ಅದೇ ಕತೆಯನ್ನು ಈಗ ಕೇಳಿ ದರೆ ಮತ್ತೆ ಮತ್ತೆ ಅದೇ ನಗು nಈ ಕತೆಯನ್ನು ನಮ್ಮ ಉತ್ರರ ಕರ್ನಾಟಕದ ಗಂಡು ಭಾಷೆಯಲ್ಲಿ ಅತ್ಯುತ್ತಮ ಹಾಸ್ಯ ಚಟಾಕಿಗಳೋಂದಿಗೆ ಹೇಳಿದ ಡಾ ಶಂಭು ಬಳಿಗಾರ ಅವರ ಈ ಕಾರ್ಯ ಅತಿ ಶ್ಲಾಘನೀಯ ಇಂತ ಕತೆಗಳು ಕನ್ನಡದಲ್ಲಿ ಹರಿದು ಬರಲಿ nಇಂತ ಜಾನಪದ ಹಾಸ್ಯ ಚಟಾಕಿ ಹೇಳಿದ ಡಾ ಶಂಭು ಬಳಿಗಾರ ಇವರಿಗೆ ಒಂದು ದೊಡ್ಡ ನಮಸ್ಕಾರ,0
en bgm guru chindi,0
ನಿಜವಾದ ಸಾಧಕರು ಕಾಯಕವೇ ಕೈಲಾಸ,0
super fantastic bro,5
god blees you sir hanumantana krupe nima melirali,0
jai d ಬಾಸ್,0
pogaru barthide wait madi guru,1
ಬೇಡ ನೀವು ಒಳ್ಳೆಯ ಮನುಷ್ಯ,0
nija helbekandre ee song yako sync aagtilla movie trailer type ge,4
vitthal ನಿಮ್ಮ ಅವ್ವ ಗಲೀಜ್ ಅಂತೇ,2
edu muda nabike nama jana enu betela,4
monster_kannada adikke hendhi kivi na hardu jail ge hoda sule maga yaruu,2
movie nija chanagila guru,3
spr song bro,5
rakshit shetty,5
youtube channel nalli asn release promos upload madi sir,0
ದಿಯಾ ಸಿನಿಮಾ ನಾಯಕಿಗೆ ಅತ್ಯುತ್ತಮ ನಟಿ ಅವಾರ್ಡ್ ಕೊಡಲಿಲ್ಲ ಅಂದ್ರೆ ಆಯ್ಕೆ ಸಮಿತಿಗೆ ಮೆಟ್ಟ್ ಮೆಟ್ಟಲ್ಲೇ ಹೊಡಿತೀವಿ,4
ನಿಜವಾದ ಪ್ಯಾನ್ ಇಂಡಿಯನ್ ಚಲನಚಿತ್ರ ಈ ದಿಯಾ ಅತ್ಯದ್ಭುತ ಚಿತ್ರ ಗುರು,0
ಈ ಶೆಟ್ರುಗಳ ಸಿನಿಮಾನೆ ಒಂದ್ ರೀತಿ ಚಂದ ಇರುತ್ತೆ,0
super and best film my entire life,5
super gelaya a nan sulege magalu chinadorage hutidale,3
yaar guru idnu kooda dislike maadidare,1
blockbuster hit hand s up,5
omg ಟಿಕ್ ಟಾಕ್ ನಿಂದ nಚೈನಾದ ಬೋ ಮ 7,0
super bro,5
super togare tippa,5
first like,5
ಬಸವರಾಜ ಕೆಂಚರಡ್ಡಿ g,0
chang illa movie,0
nice comment bro,5
e video nodi namma desha e stiti nodi bejar aytu nbangarada akki agidda bharatakke e paristi barabaradittu,4
ತೊಗರಿ ತಿಪ್ಪ ತುಂಬಾ ಚಂದ ಇತ್ತಪ್ಪ,0
ಚರಿತ್ರೆ ಸೃಷ್ಟಿಸೋ ಸಾಂಗ್,0
ಇದು ಕನ್ನಡಿಗರ ರೋಚ್ಚಿಗೆಳಿಸುವ ಹಾಡು,0
yaru yar fans agiri parvagilla kannada industry belibekhu annoro like madi hosa charithre barili namma industry hands up,0
u r awesome bro,5
ದರ್ಶನ್ ಸರ್ ಇಂಥವರಿಗೆ ಸಹಾಯಬೇಡ ದಾರಿದೋರಿಸಿ ಪ್ಲೀಸ್,0
kalyana karnataka ivaga,0
after 25 flops gentle man block buster,1
o my god wt a acting bro really my eyes are wet nice concept keep it up bro now a days alli avarage thumba bejar ago tara madatara jana naavu tilidu antavaru agi hag madidre hege heli naavu avara baavanegalige spandisibeku alva avaralli kuda thumba jana achive madidara tamil naadu alli oblu i p s agidale enu bala jana ne edara pls frds avarage naavu supportive agirbeku alva nice concept anna,0
pubg kooda ban agbeku guru,4
i ve heard maadeva,5
modi idare don t worry,5
ಸೂಪರ್ ವಿಡಿಯೋ ಗುರು ಇದೆ ರೀತಿ ವಿಡಿಯೋ ಮಾಡಿ ಚೀನಾ ಉರೋಕೊಬೇಕು,0
guru avrkina nine over agi adta idiya,2
slow poison song hit like if u agree,0
ee film chennagide nanu nodide neevoo nodi,0
kannada super song,0
edakke politics bittu voggattagi kelsa madidrene munde barakke sadya,0
superb rakshit sir sobg superb macking,5
good information sir but ivattu yako parokshavaģi china desha vanna hogalida hage ittu adru ade nija satya yavaglu kahiyagi irutte,0
anna shankar nag is back,0
super siri kannada suprr song,0
tiktok ದೂಳು ivathinda,1
ಈ ಕಾಲದಲ್ಲಿ ಒಳ್ಳೆತನಕ್ಕೆ ಬೆಲೆ ಇಲ್ಲ ಮತ್ತೆ ಗೆಲ್ಲುವುದು ಹೇಗೆ,0
sir eega navu uthpadane madidanna vedeshakee yavareeti procedure mulaka kalstatee yavdee lancha eladee,0
music sup company,0
d boss fan,5
movie is too good,5
dia is wonderful movie innu ee fimina hangover alle idini idu highest imdb rated kannada movie 9 4,0
anil nimmappa alvenro,4
yes agreed first time keldaga ansituu but 4 5 keldaga agoitu,4
ಅತಿ ಸುಂದರ ಹಾಸ್ಯ ಕಲ್ಪನೆ,0
vinu kanditha bro shigradalli,0
ವಾವ್ ನೈಸ್ ಸಾಂಗ್,0
tik tok bevarsigalanna chaina gadiyalli chaddiyalli bomb ettu chaina kade odisa beku avaga sari agutte,3
iam vijay devarakonda hater,5
super film dia,5
narayana song nodi bandavaru like madi,0
super jai hind,5
v c r guru edunna modlu bale fansge helu avru start madidare nau end madthivi,0
ಯೇ ಇವ್ರೇನೋ ಮಾಡ್ತಾರ್ ಕಣ್ರಪಡಬ್ಬಾ ಮೂವಿ ಮಾಡಿ ಮಾತುಮಾತಿಗೂ ನಮ್ ಮೂವಿ different different ಅನ್ನೋರ್ಗೆ ಈ ಮೂವಿ ನೋಡಿ ಜ್ಞಾನೋದಯ ಆಗ್ಬೇಕು ಇದು ಗೆಲ್ಲುತ್ತೋ ಇಲ್ವೋ ಗೊತ್ತಿಲ್ಲ but ಇತಿಹಾಸ ಬರೆಯೋದು guarantee,0
niceeeeeee vidio bro,5
super rakshith sir,0
kaltana maadoru rowdism maadoro nodi kalibaeku,1
balepete badrushyana,1
ಅಯ್ಯೇೂ ಅಲ್ಲು ಮಾಡ್ತಾರೆ tic toc ನ,3
ಚಾಲೆಂಜಿಂಗ್ ಸ್ಟಾರ್ ದರ್ಶನ್ ಅಭಿಮಾನಿಗಳ ಕಡೆಯಿಂದ all the best,0
yar guru neenu awesome,0
ಅಯ್ಯೇೂ ಅಲ್ಲು ಮಾಡ್ತಾರೆ tic toc ನ,3
ganesh bhat ಬೆಡುವ ಅವಶ್ಯಕತೆ ನನ್ನಗೆ ಇಲ್ಲಪ್ಪಾ ಬೆಕಾದರೆ ನಿನೆ ಬಾ ಪ್ರಿ ಅಗಿ ಉಟ ಹಾಕತಿನಿ,2
nivu helidu sari nanu follow madthini,0
bro i am your big fan,5
pakka mas nam kannada movie,0
guru eno heludri but sakkatag heludri super guru,0
music superaagi kottidiya guru,0
balepete badrushyana,1
ಚಂದನ್ ಶೆಟ್ಟಿ ಟ್ರೊಲ್ ವಿಡಿಯೋ ನೀವು ನೋಡಿ ನೆಗಡ್ಡೆ ಇದ್ರೆ ನಾವ್ ಗ್ಯಾರಂಟಿ,0
super song,0
asn release in nkannada dec 27ntelugu jan 1stntamil malayalam jan 3rdnhindi jan16thnnastaralli ella mobile nalli nodi mugsirtaare aaga release maadi aden record create maadtaro n300 koti beku anta tweet maadidre saaladu ondu cinemana janagalige yav reethi talupisodu anta gottirbeku kurukshetra ide reethi promotion ilde haalagi hoytu innoo idunnoo hange maadtidaare,1
b s ayyo sulemaklu,1
aadu nane broo soul naa replacement maddee bere body gee antha aansthidee,4
bega movie release madrappa buildup amele kodi,3
ye movie hindi mein hogi k nahi,5
ಮಹಾನ್ ವ್ಯಕ್ತಿಯ ರಕ್ತ ಅಲ್ಲವೇ,0
nayak flop yaavdu antha karnataka ge gottu bidi,1
shetty jai,5
igun kaldalli 60 years badkodhe kasta 5000 varsa irtara yakro janara inocentna use madkotira,3
neen super guru,0
ನಮ್ಮ ದೇಶದಲ್ಲಿ ಎಲ್ಲದಕ್ಕಿಂತ ಮೊದಲು ಭ್ರಷ್ಟಾಚಾರ ನಿರ್ಮೂಲನೆ ಆಗಬೇಕು,0
ಅವನೇ ಶ್ರೀಮನ್ನಾರಾಯಣ asn,0
v ninna luccha ige modale kaddi swalpa body madkond baralu helu olle baavali haage eddane mattu omdu hit movie kodoke helu madirodella flop,3
yakale dbooos bagi matadtya,1
nodarappa yaro heludrala ban yak madbeku antha,0
ಕನ್ನಡ ಸಿನಿಮಾವನ್ನು ಎತ್ತು ಕೊಂಡಾಡುವಂತೆ ಮಾಡಲು ಬರುತ್ತಿದೆ nಅವನೇ ಶ್ರೀಮನ್ನಾರಾಯಣnnಜೈ ರಕ್ಷಿತ್ ಭಾಸ್ nನಮ್ಮ ಕನ್ನಡದ ಹೆಮ್ಮೆ,0
urkond sai beku,1
super togare teppa,0
ಏನ್ ತುಕಾಲಿ ಫ್ಯಾನ್ಸ್ ಮರ್ರೆ ಟ್ರೈಲರ್ ಬಗ್ಗೆ ಕಾಮೆಂಟ್ ಮಾಡೋದು ಬಿಟ್ಟು ಆ ಫ್ಯಾನ್ಸ್ ಕಡೆಯಿಂದ ಅಲ್ ದಿ ಬೆಸ್ಟ್ ಈ ಫ್ಯಾನ್ ಕಡೆಯಿಂದ ಆಲ್ ದಿ ಬೆಸ್ಟ್ ಥು ಇವ್ರ ಜನ್ಮಕ್ಕೆ,3
tik tok badebagan tiktok henda maklu uta hodala,0
anna game yavdu,0
nys cmnt gagana mem,5
nim uru yavdu,0
illi like madidhre chenagiro movie barallanduud kottu encourage madi movie nodidre barathe,0
nimman kelu adna,2
ಪ್ರೀತಿಗೋಸ್ಕರ ಪ್ರಾಣನೆ ಬಿಡ್ತಾರೆ,4
ತುಂಬಾ ಚೆನ್ನಾಗಿ ಮತಾಡ್ತಿಯ,0
ಅವನ ಲೆವಲೇ ಬೇರೇ,0
ನೀ ಬೆಳಿಬೇಕು ರಸ್ಮಿಕ ನಿನ್ನ ನೋಡಿ ಉರ್ಕೋಬೇಕು,2
super duper movie kananda movie industry no1 movie,0
yad ustad ali comedy,5
ರಿಕ್ಕಿ ಬಾಸ್ ಇದು ಚರಿತ್ರೆ ಸೃಷ್ಟಿಸೋ ಅವತಾರ ಹಾಗೆಯೇ ಈ ಶ್ರೀಮನ್ನಾರಾಯಣನಾಗಲಿ ಗಗನದಲಿ ಲಾಂಛನ,0
ಸ್ವಾಭಿಮಾನಿ ಶಂಕರ,0
ಸಾರ್ ಇದೆ ತರಹದ ಜಾನಪದ ಚಟಾಕಿ ಹೆಸರುಗಳನ್ನು ತಿಳಿಸಿ ದಯವಿಟ್ಟು,0
gta 5 bro,5
nam mane gu bandida,1
ಯಾದಗಿರಿ ಜಿಲ್ಲಾ ಶಾಪುರ್ ತಾಲ್ಲೂಕು ಡಿ ಬಾಸ್ ಅಭಿಮಾನಿಗಳು ಕಡೆಯಿಂದ ಪ್ರಜ್ವಲ್ ದೇವರಾಜ್ ಮೂವಿ ಜೆಂಟಲ್ಮ್ಯಾನ್ all theಬೆಸ್ಟ್ ಸೂಪರ್ ಟ್ರೈಲರ್,0
film super tumba kaaduva cinema,1
luv u rakshith shetty sir,5
yelru mobile nalli nodidare theater hogi nodrapoa plz,0
yenri sullu heltira fake fake fake fake fake,2
sonu ಅಭಿನಂದನೆ,0
yella ok iee aroygyake hankaraka bidi yake,1
super song asn bgm,0
ಸೂಪರ್ ಜೈ ಡಿ ಬಾಸ್,0
continue 8 sali kelide song bejare aglilla chindi song and music,0
super i ತರಹದ song ಕೇಳಿ ತುಂಬಾ ದಿನ ಆಯ್ತು,0
15 days inda bari dia movie status akthaedini bro awesome movie bro,0
ajneesh lokanath,5
1 on trending,5
views got struck,5
ondu varshakke 1or2 film madodkintha entha ondu olle film madidre kannada industry ellige ogutthe,4
hands up,5
ಸೂಪರ್ ಗುರು ಗುರು ನಿಮ್ಮೂರು,0
guru avrkina nine over agi adta idiya,2
anjali devi b avinash achari,5
namdu mind set hege andre,1
kannada industri proud to dia movie,5
seems like they are sallu muvi fans,3
sᴛᴜᴅɪᴏ ᴍᴏᴠɪᴇs neen huttidh yav kuttige,2
s b ಪಕ್ಕಾ ಹೇಳ್ದೆ ಗುರು ಈ ಗೂಬಾಡ್ ನನ್ಮಕ್ಳು,0
ನಿಮ್ಮ dedication ನಿಜಕ್ಕೂ ಅಧ್ಬುತ,0
neo curreat bro true,5
bro tiktok ban agide adhre barute ide swalpa settings ge hogi language change madi barute,4
supper i love my kannada,0
telugu version upload madurri,0
edu public mistake alla bidi evara mistake edu one week ga 11 films release adre jana yavdanta nododu its totally mistake of film makers planning,3
ಯಾಕೋ ತುಲ್ಲೇ ತುಲ್ಲಲ್ಲಿ ಕಡಿತಾ ಇದಿಯಾ ಬೋಳಿಮಗನೇ ಬಂದ್ರೆ ತುಲ್ಲರೆ ಹಾಕ್ತಿನಿ ನಿಮ್ಮ ಅವ್ವುನ್ ತುಲ್ಲಿಗೆ,1
movie good but climax i cried,5
super taxi vali baby,5
balepete badrushyana,1
swamake or remake,0
bro ಬಹುದಿನಗಳ ಆಸೆ ಫಲಿತಿ ಸಿತಮ,0
ನಾರಾಯಣ ಬಂದ ದಾರಿ ಬಿಡಿ,0
monster_kannada ಲೋ ಬೀದಿ ಸೂಳೆ ಮಗನೆ ನಿಂಗೆ ಅಷ್ಟು ತಾಕತ್ ಇದ್ರೆ ನೀನು ಒಬ್ನೆ ಅಪ್ಪನಿಗೆ ಹುಟ್ಟಿದ್ರೆ ನೀನ್ ಹೇಳೋ ನಿನ್ ತುಣ್ಣೆ ನಿಂಗೆ ಗಟ್ಟಿಗೆ ನಿಂತಿದ್ರೆ ನನ್ ಅಡ್ರೆಸ್ ಕೊಡ್ತೀನಿ ಬಾರೋ ಪಾರ್ಥಸಾರಥಿ,2
ಈ ರೀತಿ ಬೇಧ ಭಾವ ಬೇಡ ಇಡೀ ರಾಜ್ಯದಲ್ಲಿ ಅವರನ್ನು ಇಷ್ಟ ಪಡುವ ಅಭಿಮಾನಿಗಳು ಇದ್ದಾರೆ,1
all the best n yella kannadigana paravagi nyella nataru nammavare,0
super bro huge video madu anna,0
dubbing madidare song agodilaa 100 million,1
yakri janagalna dari tapso kelsa madtira,3
i hate tiktok mobile thagondagindanu install made illa i hate this,4
ಸಾಹಿತ್ಯ ಓದಿ ಹಾಡು ಕೇಳಿ ಆನಂದಿಸಿ,0
i love ರಕ್ಷಿತ್,0
gowda neen anbeda bidolo,2
supper p boss yar unlike madidhare nodi urkondu saytor anta,3
ದೀಯಾ ಗೆ ಮೊದಲ ಪ್ರೀತಿಯ ಮಧ್ಯಾಂತರ ಶಾಕ್ ಕೊಟ್ಟರೆ ಎರಡನೇ ಪ್ರೀತಿಯು ಕೊನೆಯಲ್ಲಿ ಶಾಕ್ ಕೊಡುತ್ತದೆ ಕಥೆ ಚಿತ್ರಕಥೆ ಸಂಭಾಷಣೆ ನಿರ್ದೇಶನ ಸೂಪರ್ 4 ಜನರು ತುಂಬಾ ಚೆನ್ನಾಗಿ ನಟನೆ ಮಾಡಿದ್ದಾರೆ ಇಬ್ಬರೂ ನಟರು ಸೂಪರ್ ನಟಿಯೂ ಸೂಪರ್ ಪವಿತ್ರ ಲೋಕೇಶ್ ಅವರ ನಟನೆ ಅದ್ಬುತ ಒಂದೊಳ್ಳೆ ಅದ್ಬುತವಾದ ಸಿನಿಮಾ,0
ಮೋಸ ಮಾಡಿ ಹೋಗುವ ಹುಡುಗಿರಿಗೆ ಇದೇ ತರ ಬುದ್ದಿ ಕಲಿಸಬೇಕು rakshithsheety come back,3
yavdu nodtidira adar bagge aste madi adu bittu avara fan ivara fan ninda all the best anta bogalbedi,3
ನಂಬರ್ ಒನ್ ಟ್ರೆಂಡಿಂಗ್ ಸಾಂಗ್,0
sir nem no kodie plz plz,0
stupid fans buildup raaja neen est janunna nodidya choolnanmagne,2
super roast but e pubg vedios yake sink madi roast madtira change madi,3
ಬ್ರೋ ಟಿಕ್ ಟೊಕ್ ಬ್ಯಾನ್ ಮಾಡ್ಬೇಕು,0
le kelly yak guru yella kade negative agi matadtidiya yaake avr ella wish maadtidare aste if u gonna watch its upto u just dont trigger evrone at no reason,0
superb movie i love this movie very much,5
nimma customer reactionna video maadi youtube channel open maadi upload madi sir,0
parthasarathi ನಿಮ್ಮ ಅಮ್ಮನ್ ಕಳುಸ್ತೀಯ,2
sir nivu superb sir,0
v ccc gihkhj,5
dubbing madidare song agodilaa 100 million,1
pavan nanu ivag nodidnalla adakke hakide 383k like hagiddo adakke comment madide tapputilkobedi okk naaaa,0
ennu madu guru eee sule magllu du troll na,3
i like it kanta ni like it,5
rock song rs boss,0
dislike yav mahanbhavru madiradu guru looks like promising trailer,1
nijavaglu kannadiga agiddakke hemme agtide guru,0
ಎನ್ ಇಡಿಟ ಮಾಡಿದಿರಾ ಗುರುವೆ,0
ಮಾಡಿದ್ದೀರಾ ಅನ್ನುವುದು ಕ್ರಿಯಾಪದ nಅದಕ್ಕೆ ಕೇಳುಗ ಯಾವ ರೀತಿ ಯೋಚನೆ ಮಾಡ್ತಾನೆ ಅದರ ಮೇಲೆ ಅರ್ಥ ಡಿಪೆಂಡ್ ಆಗುತ್ತೆ nnನಿಮ್ಮ ಮನಸ್ಸಲ್ಲಿ ಇರುವುದನ್ನ ಜನಕ್ಕೆ ತಿಳಿಸಿದ್ದು ನಿಮ್ಮ,0
pakka hit movie,5
super song,0
full roast madiddiya e somberigalige,3
vishwajeet chauhan ok da cool,0
nanu 999999999999999999999999999999999999999999999999999999999999999999999999999999999999999999999999999999999999999999999999999999999999999999999999999999999999999999999999999999999999999999999999999999999999999999999999999999999999 sala ee songaanu keele dini,0
good massage broooo lv u,0
super brother rajakiya laba yenidide ano yochane,3
sanskrit language bro,5
neevu varshkke ondu cinema madru supper 1varshkke 34cinema madobadalige intha ondu cinema saku,0
basavaraj tambak lol peddha,2
yavdu nodtidira adar bagge aste madi adu bittu avara fan ivara fan ninda all the best anta bogalbedi,3
pakka bro 100 nija,0
100 days pacca,0
sir ye song tamil language me hai,5
any non kannadiga here,5
ಒಳ್ಳೆಯ ಟೇಸ್ಟ್ ಅನ್ನೋದು ಎಲ್ಲರಿಗೂ ಇರೊಲ್ಲ ಕೆಲವರಿಗೆ ಮಾತ್ರ,0
ayyo guru yelli tanka jana moodnambke bidalvo alli tanka inta shatnayakru useless videos haktane irrtare guru nmahabharata tumba olle moral story jeevanakke bekagiro tumba paata ide idralli adunella use madkondu olle jeevna madbeku aste,1
thika urkondu dislike madbittidira already nsuper song asn nnam shettru steps anthu,3
really diya karnataka crush agbitidare nija taane love u diya,0
kelly hinge matad tidre adne madtini,2
cindi song repeat mode unlimited,0
kelta kelta finally idu kick kodtu excellent,0
tumba kushi aythu e video nodi devru nimmanna chennage edli sir,0
e video nodi namma desha e stiti nodi bejar aytu nbangarada akki agidda bharatakke e paristi barabaradittu,4
please upload drama song,5
thandage thakka maga mado kelsa hemmenda madi all the best,0
raj arya nija kananna,0
promotion ond bittu mikid ellanu chanag madtidira,3
hemme aagutte sir neevu nijakku great,0
say say say sayta,5
ಅವನೇ ಶ್ರೀಮಾನ್ ನಾರಾಯಣ ಕುಡುಕನ ವರ್ಷನ್ nnಹೇ ನಿಮ್ಮನ್ನೆಲ್ಲ ಯಾರೋ ಒಳಾಗ್ ಬಿಟ್ಟಿದ್ದೂ nnನನ್ ಮುಖ ನೋಡಿ ಕೇಳ್ತಿದೀಯಾnnಬೋರ್ಡು ಕಾಣುಸ್ತಾ ಇಲ್ವಾ,4
s reddy 1,5
jai asn njai karnataka,0
odeya film yeng edhe nodudra,0
super roast but e pubg vedios yake sink madi roast madtira change madi,3
ಸೂಪರ್ ಸಾಂಗ್ ಹುಲಿಯ,0
v looo thikamuchkondu hogi nim balegara sudeep helu bari kannada movei thegiyokke mangdhulle,0
rashmika andre yaru guru nthukali sule edalala avle erboda,2
ಲಾಸ್ಟ್ ಅಲ್ಲಿ fork ಎಸೆದಿದ್ದು shaanvi aka lakshmi ಇರಬಹುದಾ ಅನ್ನೋರು like ಮಾಡಿ,0
ನಗು ಬರಲ್ಲ ಅಂತ ಹೇಳಿ ನಗುಸ್ತಿರಲ್ಲ ಬ್ರೊ,0
ಚಂದನ್ ಶೆಟ್ಟಿ ಟ್ರೊಲ್ ವಿಡಿಯೋ ನೀವು ನೋಡಿ ನೆಗಡ್ಡೆ ಇದ್ರೆ ನಾವ್ ಗ್ಯಾರಂಟಿ,0
mostly nimma mate keli tic tok ban agirbeku ಅಣ್ಣ ಏನಾದ್ರು ಆಗ್ಲಿ ನಮ್ಮ ಅಸೆ ನೆರವೇರಿತು tq u ಮೋದಿಜಿ,0
below average songs,1
ಸೂಪರ್ ಆಗಿ ಹೇಳ್ದೆ ಗುರು,0
ರಕ್ಷಿತ್ ನಿಮ್ಮ ಕೈಯಲ್ಲಿ ಕನ್ನಡ nಸುರಕ್ಷಿತ,0
swag ka baap rakshit shetty,5
super bro,5
ಹೆಮ್ಮೆಯ ಕನ್ನಡಿಗ,0
awesome,0
le ganduntikamucchunnee tara worst song nin kayalli madakke agutta,4
ಒಳ್ಳೆ ಸಿನಿಮಾ ಮಾತ್ರ,0
jai d boss,0
dislike madiroru pakka rashmikha kadeyavare,3
ಈ ಸಾಂಗ್ ಎಷ್ಟು ಅಡಿಕ್ಟ್ ಆಗಿದೆ ಅಂದ್ರೆ ಡೈಲಿ ಮಿನಿಮಮ್ 5 ರಿಂದ 6 ಸಲ ನೋಡ್ಬೇಕು ಅನ್ಸುತ್ತೆ ನೀವೇನ್ ಅಂತೀರಾ,0
yaru boss alla,0
super super boss,5
super super super,5
salute you sir i met once you i am happy,5
promotion chennagi nadtilla,3
asn kgf,1
tamil telugu and malayalam song galalli rakshith and yash avarige compare madidira,0
k le nin dagar bandli agtavne modlu kudlu olskoloke yelu ella nin avnu musodilla,2
tiktok ದೂಳು ivathinda,1
ಪ್ರೀತಿಗೋಸ್ಕರ ಪ್ರಾಣನೆ ಬಿಡ್ತಾರೆ,4
1 3k unlikes madiruvavru rashmika fans irbahoda super song shetre slow poison song,3
mp3 osm bro,5
kiccha fans kade inda congratulations pajju,0
promotion chennag madilla,1
description alli insta link akiddini nodi guruve,0
suspen movie prajaval,5
reamke king d boss,0
trailer barii ide nodlebeku,3
nija helidri sir nimma video nodi admele kuda namma bhatiyaru badalali antha pray madtini,0
ಸೂಪರ್ ಸಾಂಗ್ ರಕ್ಷಿತ್ ಶೆಟ್ಟಿ ಸರ್ nನಮ್ಮ ಉಡುಪಿ ಜಿಲ್ಲೆಯ ಹೆಮ್ಮೆ,0
friends un like madirooru mostly daggr fanz erbeku alaava,3
೨೫ ವರ್ಷಗಳ ಹಿಂದಕ್ಕೆ ಕರೆದೊಯ್ದು ಬಿಸಾಕಿ ಬಿಟ್ಟಿತು ಈ ಕಥೆ,0
sir nimm mathininda navu kalibeku agirodu ennu thumba ede ntqq u so much nhelth na channagi nodkoli sir ngod bless you,0
anna e game yavudu,0
ultimate kannada movie super,5
ಏನು ಅಂತ ಗೊತ್ತಿಲ್ಲ,1
lyrics super guru,0
ಅದ್ಭುತವಾದ ಚಿತ್ರ ಆದ್ರೆ ಚಿತ್ರ ಮಂದಿರದಲ್ಲಿ ನೋಡಲಿಲ್ಲ ಆ ನೋವು ತುಂಬಾ ಕಾಡುತ್ತಿದೆ,0
siddu c ramannavar,5
super more enjoyable,5
kiran kumar same here,5
trueley fact true man love you sir,5
setty illi gojjekesari yash du nayinu musalla,2
fuck u bollywood,5
jain gottu bidu maga ningu avna bagge sumne yake bildup,2
ಈ ಸಿನಿಮಾ ಚರಿತ್ರೆ ಸೃಷ್ಟಿ ಮಾಡಲಿ,0
promotion heg madodo anta kaliri,3
nyc trailer praju,0
avane shriman narayana,0
ऊ आह क न ह n nह ह ह हहह,5
unique actor super maga,0
super sir,5
full havli idona bidi bro kannadigaru navinnu idivavala,0
evnoba sade banda illi,2
dislike mado tukaligalu ond movie screen madli saku adestu kasta anta gottagutte all the best for this move,4
nivu heliddu nija,0
super annaa,0
vinu ಇವ್ನು ಯಾರ್ ಗುರು ನಂದೆಲ್ಲಿ ಇಡ್ಲಿ ಅಂತವ್ನೆ,1
idu 100 nija nija,0
jai asn rakshith shetty,5
well said bro,5
bangalore ಗೆ ಬನ್ನಿ ಕಾಲ್ ಮಾಡಿ 9743436877,0
ಈ ಸಾಂಗ್ movie ಅಲ್ಲಿ ನೋಡುವಾಗ ಫೀಲ್ ಬೇರೆನೇ ಇತ್ತು,0
allow illo kelid nenapu,0
super song lovely,0
bindu lowda hidko ba nan lowda,2
ನಿಜವಾಗ್ಲೂ ಇದು ಚರಿತ್ರೆ ಸೃಷ್ಟಿಸೊ ಅವತಾರ song rakshith sir all the very best,0
idu charitre srustisuva avataranme,0
sir super matadidre,0
video sir,5
ಇಲ್ಲಿಂದ ನಿಮ್ಮ ವಿಜಯ ಯಾತ್ರೆ ಪ್ರಜ್ವಲಿಸಲಿ,0
hands up for asn,5
supe togari tippa,5
for bollywood,5
actually ಇದು ಇದು song ಅಂದ್ರೆ ಏನಂತೀರಿ ಗೆಳಯರೆ,0
video 18 min innu video upload maadi 12 min agide complete video nodade dislike madthirallo,3
super song r s fans,5
ಇದು ಚರಿತ್ರೆ ಸೃಸ್ಟಿಸೋ ಅವತಾರ,0
ಸರ್ ನಾವ್ ಬೇಜಾರ್ ಆದಾಗ ಇಂತಹ ಕಥೆ ಕೇಳ್ತಿನಿ,0
e video nodi namma desha e stiti nodi bejar aytu nbangarada akki agidda bharatakke e paristi barabaradittu,4
pranjali raj nija boglu ninu kannadiga alva,2
soundarya hi,5
ಪೃಥ್ವಿ ಅವ್ರು ಕಾಸರಗೋಡಿನವರು ಅಂತ ಕೇಳಿ ತುಂಬಾ ಖುಷಿಯಾಯ್ತು,0
love u team,5
e bevrcgal maneli yavandru sathidre sari erodu,4
y boss yaro sade,1
ಚಂದನ್ ಶೆಟ್ಟಿ ಟ್ರೊಲ್ ವಿಡಿಯೋ ನೀವು ನೋಡಿ ನೆಗಡ್ಡೆ ಇದ್ರೆ ನಾವ್ ಗ್ಯಾರಂಟಿ,0
super songs,5
naik nide beda anta helodu,0
yenelbeko gothagtilla nim swabimanakke ondu salam sir,0
hands upn tamil nadu,5
music ಅಂತು supperrrr ಸರ್ ನಿಮಗೆ handsap,0
thu dabba movie sulemagand,4
mutturaj melageri and,5
super guru,0
ಈ ಚಿತ್ರದಲ್ಲಿ ಯಾವ್ ರೇಂಜ್ ಗೆ ಗ್ರಾಫಿಕ್ಸ್ ಮಾಡಿದ್ದಾರೆ ಅಂತ ಮತ್ತೊಬ್ಬ vfx ಆರ್ಟಿಸ್ಟ್ ಗೆ ಗೊತ್ತಾಗೋದು,0
namma tande nu heege sir,0
unique tune ade thamte,1
superb bro ever green,5
seems like they are sallu muvi fans,3
report him,5
2019 utter flop in sandlewood,3
waa madiddare hige madbeku pan indian film ge,0
anna intha kachada nahigallna roast madodralli tapenilla asn dialogue daritapdhorna kshamisbodhu thap daari hiddhornallla nim jothe iddhivi anna,4
suvarna chanle nemge studio elva yvdo gujari jagadali madidira ade star actors agidre hege madtidra,3
super hit song in kannada,0
prajwal devaraj sir,5
cult guru ellaa actors ade halkaa kelsaa maadodu bidappa raaja,0
link share madi,0
bro super broo,5
yalru hands up madi avane srimannarayana,0
he need break,5
steps r just lit,5
i like ur all videos,5
13 karnataka dalle bere bhashe movie nodor jaasthi aagidare,0
ಸೂಪರ್ ಗುರು,0
nayak flop yaavdu antha karnataka ge gottu bidi,1
dislike kon kiya re m 0d,4
rashmika dagar munde,0
masthmaga na duplicate madbitaru amar sir,2
vp sir super singing,5
bere movie trailer nodi,0
kittod nanmaklu maarayya,4
best song,0
bindu gowda lofer avlu,2
ನಿಮ್ಮ ನಾಯಕರಿಗೆ ಹೇಗೆ ಬೇಕಾದರೂ ಹೊಗಳಿಕೊಳ್ಳಿ ಆದರೆ ಇಲ್ಲಿ ರಶ್ಮಿಕಾ ಮಂದಣ್ಣನವರನ್ನು ಎಳೆದು ತರುವುದು ಏಕೆ,2
vn kannadalli helu bro gothagalla english idu remake a,1
what a movie superb,0
guru chaines apps yavyavu antha ondhu list kodi avna nam mobile ali instal madala,4
ಬಹಳ ಸೂಪರ್ ಗಿ ಬೈದ್ದಿದ್ದಾರ ಅಣ್ಣ,0
ನಿಮ್ಮ ತಂದೆಯ ನಾನು ಫ್ಯಾನ್ ಹಾಗೆ ನಿಮ್ಮ ಫ್ಯಾನ್ ಸೂಪರ್ ಸರ್,0
yes agreed first time keldaga ansituu but 4 5 keldaga agoitu,4
ದೇಶಧ್ರೋಹಿಗಳು ಡಿಸ್ ಲೈಕ್ ಮಾಡಿದರೆ ನೀವು ನಿಜವಾದ ದೇಶ ದ್ರೋಹಿಗಳು ನಾಚಿಕೆ ಆಗಬೇಕು ನಿಮ್ಮ ಜನ್ಮಕ್ಕೆ ಇಂತಹ ಅದ್ಭುತವಾದ ವಿಡಿಯೋ ಗಳಿಗೂ ಡಿಸ್ ಲೈಕ್ ಮಾಡಿದ್ರಲ್ಲ ನಿಮಗೆ ನಾಚಿಕೆ ಆಗಲ್ವಾ,3
s islam ಎಲ್ಲ ದೇಶಗಳಿಗೂ ಮಾರಕ,1
superb song,0
ಸೂಪರ್ ಸರ್ ಈ ಸಾಂಗ್ ನನಿಗಂತೂ ತುಂಬ ಈ ಆಡು ದಿಫ್ಫ್ರೆಂಟ್ ಅಂತ ಅನಿಸಿದರೆ ನನ್ ಫೇವರೆಟ್ ಸಾಂಗ್ ಆಗಿದೆ ಕಣ್ರೀ ವಿಜಯ್ ಪ್ರಕಾಶ್ ಸರ್ ವಾಯ್ಸ್ please more then peples watch this song super ಅವನೇ ಶ್ರೀಮನ್ನಾರಾಯಣ ಇಷ್ಟ ಆದ್ರೆ ಲೈಕ್ ಮಾಡಿ ಇಷ್ಟ ಆಗಲಿಲ್ಲವಾ ಸುಮ್ನೆ ಕುತ್ಕೊಳ್ಳಿ ಯಾಕ್ ಸುಮ್ನೆ ಡಿಸ್ ಲೈಕ್ ಮಾಡ್ತೀರ,0
nijavaagalu charithre srishtisida avathaara ee rakshtitha shettaradu hatsup,0
guru e badyav heltirod bari sulu,2
super song bro,5
song matra lit agide,0
rudragouda marigoudra super,5
tiktok byan agiddu olledu aythu anna,0
diya thumba chennagide ondu olle prayathna movie kone vargu sinimada ondu bhagavagi ondu olle feeling nalli movie na nodthidde but kone seen nijakku ishata aglilla tragidi ishtondu bekitta ellara manisige ishta ada adi na sayisbekitta so last seen nodida thakshna alliyavaregu idda feel pat antha maya agi edenu heeg madudru ansuthe,3
idu charitre srustisuv avatar,0
ಬ್ರೋ ಅವರು ಗೆ ದೇಶದ ಬಗ್ಗೆ ಅಭಿಮಾನ ಇಲ್ಲಾ ಬಿಡಿ,4
nimdu bari ide aagoythu telegu avaru copy maadudre tm movie nodthira kannada davru own aagi maadudru kyathe thegithira,4
dub it to malayalam,5
ಸೂಪರ್ ತೋಗರಿ teppa,5
yen clarity guru nivu madiro video,0
nambike eruvavaru nodi,4
ಕನ್ನಡ ಕೈ ಇಟ್ ಮೇಲೆ ಎಲ್ಲಾ ಬೆಂಕಿನ,0
movie was legendary ninu itihasa baryoke bandirodu maga kannada indutry history baredre eradu part irutte ondu rakshit baroku munche mattondu rakshit bandadmele,0
movie dekh li kya,5
ರೋಮಾಂಚನ ಅದ್ಬುತ ಹಾಡು,0
insta link akiddini nodi brother,0
oooo super sir,0
thogari tippa super,0
ಸರ್ ಕೆಲವು ಸತ್ಯಗಳನ್ನ ಜಾಸ್ತಿ ಹುದುಕಿ ತಗಿಬರ್ದು ಆದ್ರೆ ಅದು ಸತ್ಯವೇ ಆಗಿರುತ್ತದೆ,2
ಏನ್ ಪ್ರಾಸ ಗುರು ನಿಂದು nnkn deng devru madu tiktok na,0
enta super song,0
hit like for dboss,5
chiki chiki chiki chikapa nidde madidu saaku swalpa helapa wowwwwwwwwww mastuuuuuuu,0
ಅದ್ಬುತವಾಗಿದೆ ಅವನೇ ಶ್ರೀಮನ್ನಾರಾಯಣ ಚಿತ್ರದ ಹಾಡು ಹ್ಯಾಂಡ್ಸಪ್,0
alla darshan fans,0
super sir namge thumba istavada kathe nam parents ge kelisbeku aadastu bega idanna,0
one man armye,0
nanu tiktak ballisilla avivekialu youtub nu kuda almadutidira nimmantorinda aellu agutte,3
anjali devi hi,5
nice,0
blast full,5
super jai d boss,5
guru kiccha matte puneet matte shivanna boss anta yaaru annala guru,2
agreed virat kohli looks,5
shetty ಯಾವನ್ ಗುರು ರವೀಂದ್ರ,0
ಕನ್ನಡ ಸಿನಿಮಾ ದ ಅವತಾರ ಶುರುವಾಯಿತು,0
ಯದ್ದಮಾಡಬೇಕು ಓದಬಾರದು ಕಟುಕರಮುಂದೆ ಭಗವತ್ಗೀತೆ ಅದ್ಬುತ ರಚನೆ,0
motour ಹಸಿರುವಾಸಿ,0
nija super movie please re release maadi,0
dislikers dagar rashmika fan,2
super answer s,5
சூப்பர் சாங்க் அண்டு விசுவல் எபக்ட்,5
plz dayvitto kannada film industry yali ivrgge film gallali chence koddi yappa,0
4 19 srk pose,5
ಸರ್ ಅಶ್ವತ್ಥಾಮ ಆ ವೈದ್ಯರ ಮನೆಗೆ ಬರುತ್ತಿದ್ದ ಅಂತ ಹೇಳುದ್ರಿ ಅವನಿಗೆ ಹೇಗೆ ಗೊತ್ತು ಅವರು ವೈದ್ಯರು ಅಂತ ಮತ್ತೆ ಮುಖ್ಯವಾಗಿ ಮಹಾಭಾರತ ಕಾಲದಲ್ಲಿ ಹಿಂದಿ,1
gulama movie tarah ondd movie maadu nin hesrru maate kellsutte,0
mistake is done in promotion ee movie ge nan hogiddu flook alli coz nan friends yavdo ond movie ge hogonnan ankond yavdu show ilde idyavdo olle review idyalla movie antha hodvi but ee movie sakkath feel kodthu later nam friends ge heli kalsdvi,1
super movie i like it,5
pramod not pamod,5
shivu m hikkangutti v,1
ಹೌದು ಹುಲಿಯಾ,0
disappoint agide song keli ishtu hype kottu song bidbardu,4
ಸಾಂಗ್ ಫಸ್ಟ್ ಲೈನ್ ಮ್ಯೂಸಿಕ್ ಸ್ವಲ್ಪ ಡಲ್,4
ನಮ್ಮ ದೇಶದಲ್ಲಿ ಓತ್ಲಾನೆ ಜಾಸ್ತಿ,0
ultimate movie love thiz,0
sachien karnatakada cinemadalli adbuta nata ivara tande nanu bala ista pado vekti abarigondu nanna abhinandane,0
ಇಂಡಿಯಾದಲ್ಲಿ ಚೈನಾಗೆ ಹುಟ್ಟಿರೋ ಚಕ್ಕಗಳ ತಿಕದಲ್ಲಿ ಇನ್ನು ಸ್ವಲ್ಪ ಕಾರಪುಡಿ ಆಕ್ಬೇಕಿತ್ತು ಅನ್ಸುತ್ತೆ ಬ್ರಾ,4
yes hange kick kodta hogutte ಒಳ್ಳೆ synch ಮಾಡಿದ್ದಾರೆ,0
en ugdde guru adru nam janake budi barala bro tiktok elde edre saytivi antare thoo,0
ಡಿ ಬಾಸ್ ಅಭಿಮಾನಿಗಳ ಕಡೆಯಿಂದ all the best,0
ur super sir but ಒಂದ hit movi kodi sir navu adakoskara kaetidivi,4
vijay prakash sir,5
please all dislike this video,1
anil nimmappa alvenro,4
en song guru fidha agode idhu charithre srustiso avatharaaa signature step shuruhachkoli inna,0
rakshit macha time togondrunu sakath agi bandide,0
bhal varshada nantra keli tumba khushiyatu,0
e bevrcgal maneli yavandru sathidre sari erodu,4
ಈ ಸಿನಿಮಾದಿಂದ ಗೊತ್ತಗುತ್ತೆ ಸಿನಿಮಾಕ್ಕೆ ಕಥೆ,0
masthmaga na duplicate madbitaru amar sir,2
ittheechige nodida movie dia and love mocktail 2 movie janake olle movie correctaagi thalupisbeku illandre heege nelakacchutthe promotion maadoke social media use maadkondu janaranna thalupabeku innaadru industry avru yecchetthbeku,3
dhananjay kinyaje ಇಲ್ಲ ಮಲಯಾಳಂನಲ್ಲಿಯೂ ಈಗ ಮೂವಿ ಓಡ್ತಾ ಇಲ್ಲ ಅಲ್ಲಿ ಏನಿದ್ರೂ ಸೂಪರ್ ಸ್ಟಾರ್ ಗಳ ಮೂವಿಗೆ ಡಿಮಾಂಡ್ ನಾನು ಎಷ್ಟೋ ಮೂವಿ ಯನ್ನು ಟಿವಿಯಲ್ಲಿ ನೋಡಿದ್ದೇನೆ ತುಂಬಾ ಚೆನ್ನಾಗಿರುತ್ತೆ ಆದ್ರೆ ಥಿಯೇಟರ್ ನಲ್ಲಿ ಓಡಿರೋದಿಲ್ಲ ಕನ್ನಡದಲ್ಲಿ ಹೊಸಬರಿಗೆ ಇರುವಷ್ಟು ಸ್ಪೇಸ್ ಬೇರೆ ಭಾಷೆಯಲ್ಲಿ ಇಲ್ಲ,1
ಒಳ್ಳೆಯದಾಗಲಿ ತುಂಬಾ ಚೆನ್ನಾಗಿದೆ ಕೋಟಿಗೊಬ್ಬ 3 ಅಭಿಮಾನಿ ಕನ್ನಡಿಗರ ಮನ,0
ಅವನು ಚಿರಂಜೀವಿ ಅದಕ್ಕೊಸ್ಕರ ಸಾಯದೆ ದೇಶವನ್ನು ಸುತ್ತಾಡುತ್ತಾ ಇರ್ತಾರೆ,0
below average songs,1
ಬೇಡಾ ಈ ಕಚಡ ಶೋ ಗೇ ಬರೋದು ಬೇಡಾ ಸರ್,1
super guru song,0
super bhai nice comments nsuper voice anna nedu,0
2019 utter flop in sandlewood,3
trailer super ide sir edu hindi nalli kuda release madi please,0
ಇದೊಂದು ದುರದೃಷ್ಟ ವೇ ಸರಿ ಇಂತ ಮ್ಯೂಸಿಕ್ ಇಂತ ಲಿರಿಕ್ಸ್ ಇಂತ ಬ್ಯಾಗ್ರೌಂಡ್ ಎಡಿಟಿಂಗ್ ಎಲ್ಲ ವಿಭಿನ್ನ ಸುಂದರ ವಾಗಿದ್ದರು 6 ದಿನ ಕಳೆದರು ಕೇವಲ 2 2m ಅಂದ್ರೆ ಬೇಸರದ ಸಂಗತಿ nಯಾವುದೋ ಪರಭಾಷಗಳಿಗೆ ತೋರಿಸೋ ಪ್ರೀತಿ ನಮ್ಮ ಕನ್ನಡ ಚಿತ್ರಗಳ ಮೇಲಿಲ್ಲ,4
mallikarjun mallikarjun 300nn super,5
jai d boss,0
ನೋಡಿ ಸರ್ ಯಾವದನು ಅಲೆಗಳಗಿಲ್ಲ ನಾನು ದೇವರನ ನಂಬಲ ಅಂದರೆ ಕೃಷ್ಣನ ಖಂಡಿತಾ ನಂಬತಿನಿ,4
pakka super hit,5
ಬಸವರಾಜ ಕೆಂಚರಡ್ಡಿ asaraj,0
kachada nan nagini gane,4
rakshit shetty fans ondhu like madi,0
super,5
super video,5
superhit different kannada movie super super super,0
origin but grown up in kapu nimge kannada barutta wow,0
i mgm million 0pp0,5
ಅರೆ ಜನ ಕುಣಿದು ಕುಪ್ಪಳಿಸುತಿದ್ದಾರೆ ಅಂತ tik tok ban ಮಾಡಿಲ್ಲ ಇದನ್ನು ಬಳಸುವ ಬಹಳಷ್ಟು ಜನಾ ಕೇಂದ್ರ ಸರಕಾರದ ವೈಫಲ್ಯ ಎತ್ತಿ ತೋರಿಸಿ,3
maneli appa amma na chennagi nodkondilla andru tirke shoki beku ivarigella bro,3
we are all ready serrender settre,5
bro tik tok gottlla but entertanment ge roast video nodtidde istu dina avrge roast madiro videos ginna idralli niv avrge use madiro words hudgiro style superb repeat madi madi nodbitte ee video,0
hlo bro even i uninstalled at stupid app,4
best film ide sirr love u alla ಯಾಕೆ ಇ film ಇಷ್ಟ ಅಂದ್ರೆ ಇದರಲ್ಲಿ ಬರುವ ಪಾತ್ರ ನಮ್ಮ್ಗ ಎನೂ link ಇದೇ ಅನ್ನೋ ಥರ ಇದೆ supper sir,3
ಎಲ್ಲಿ ಮಂಗಳ ಗ್ರಹದವರು ಅನ್ಕೊಂಡಿದ್ದೆ,0
ದೊಡ್ಡಬಳ್ಳಾಪುರ ದ ಸೌಂದರ್ಯ ಮಹಲ್ ನಲ್ಲಿ ಹವಾ ಪಕ್ಕ n ಕಿರಿಕ್ ಪಾರ್ಟಿ after,0
dont appset sir plz,0
wow masth music,5
abaa yen song guruu fabulous bgm hollywood range le ayte guru,0
kgf chapter 2,5
big boss kannada dalli ententa kachda jana haktare inta olle janrana haki,4
13k dislikes frm jealous bollywood fans,3
ಮೊದಲು ನೋಡಿದಾಗ ಓಕೆ ಓಕೆ ಅನ್ನಿಸ್ತು nನಿಧಾನವಾಗಿ ಮನಸಿನೊಳಗೆ ಆವರಿಸುತ್ತಾ ಹೋಗುತ್ತೆ nnನಿಜ ತಾನೆ,0
nkn ಬೆಂಕಿ song guru,0
eddane annodu nanna nambike aadre ashvataamanige kannadada bartita anodu davtu,0
ಕೆಜಿಎಫ್ ಒಂದು ದೊಡ್ಡ ಸಾಮ್ರಾಜ್ಯ ಕಟ್ಟಿದೆ nಅವನು ಅದಕ್ಕಿಂತ ದೊಡ್ಡ ಸಾಮ್ರಾಜ್ಯ ಕಟ್ಟುತ್ತಾನೆ ಪಕ್ಕ n,0
idu talent,0
parthasarathi ಬಂದ್ರೆ ತಿಕಾ ದೆಂಗ್ತಿನಿ ಎಷ್ಟೇ ನಿನ್ ರೇಟು ಹಡ್ಬಿ ಸೂಳೆ ಆ ಲುಚ್ಛನ್ ಫ್ಯಾನ್ ಅಂತೇ ಅವುಂದು ತುಣ್ಣಿ ಉಣ್ಣು ಹೋಗಿ ಲೋಫರ್ ಸೂಳೆ,2
remake ka baap prajwal is back with remake,5
ಮೊದ್ಲು ಡಿಲೀಟ್ ಮಾಡ್ರೋ ಯಾವನು ಯವಳು ಹಾಕೊಂಡಿದೀರಾ tiktok ಲೇ ದೇಶದ್ರೋಹಿಗಳ ಡಿಲೀಟ್ ಮಾಡ್ರಲಾ ಚಪ್ಪರ್ಗಳ ಚೀನಿ ಆಪ್ ಗಳು ಯಾವು ಇದಾವೆ ಎಲ್ಲಾ ಮಾಡ್ರೋ ಈ ವಿಡಿಯೋ ದಲ್ಲಿ ಕೆಲವೊಂದು ಕಚಡಗಳು ಮಾತಾಡಿದವಲ್ಲ ಅವು ದೇಶದ್ರೋಹಿಗಳು ಸುಟ್ಟಾಕ್ರೋ ಅವರ್ನೆಲ್ಲ,0
tumba olle kathe,0
lots love from kannadigas,0
super song bro tik tok virus ban full happy,5
howdu promotion illa ee tara movie ide anta gotte irlilla,0
gentleman sir nevu,0
bhimsen baburao waghe bhimsen waghe,5
ಹೌದು ಹುಲಿಯಾ,1
guru super evarige chenaag ittidiyaa,0
e nayi nann makkalage thiliyode illa,1
ದಿಯಾ ಸಿನಿಮಾ ನಾಯಕಿಗೆ ಅತ್ಯುತ್ತಮ ನಟಿ ಅವಾರ್ಡ್ ಕೊಡಲಿಲ್ಲ ಅಂದ್ರೆ ಆಯ್ಕೆ ಸಮಿತಿಗೆ ಮೆಟ್ಟ್ ಮೆಟ್ಟಲ್ಲೇ ಹೊಡಿತೀವಿ,4
nimdu bari ide aagoythu telegu avaru copy maadudre tm movie nodthira kannada davru own aagi maadudru kyathe thegithira,4
le bindu thudugi,2
ಇದು ಚರಿತ್ರೆ ಸ್ರಷ್ಟಿಸೋ ಅವತಾರ,0
ondu likes ella,1
all celebrities handsup challenge avane srimannarayana movie handsup song kannadan,5
yen dialog hoditiya guru super,0
ondu likes ella,1
ganeshakar xxx,5
nine sriman narayana,0
adre ivaga beda ee covid 19 ella mugibeku,0
kannadiga idhu idhu namma nijavaada kannadigana maathu,0
namana kudlada rakshith shetty innu orsbeku rashmikage thu avla janmake,2
kannadad nijvad hero,0
super song i am d boss fan,0
wt a song,5
super bgood d boss s like hear,5
wt abt devarkonda,5
please upload vol 2,5
guru ninge naanu dodda fan,0
parthasarathi ನಂದಿನಿ ನಂದಿನಿ ನಿನ್ ತುಲ್ಲು ಕೆಂಗೇರಿ ಮೋರಿ,2
well said that s an amazing idea like kgf did,5
kudla andh dani,5
please all dislike this video,1
rashmika elliddeyakka nnnrakshith shetty rockzzzzzzz,0
super anna ಆದ್ರೆ ನಮ್ ಹತ್ರ ಏನ್ ಇದ್ದೆ yala ದೊಡ್ಡ ದೊಡ್ಡ ಹಣ್ಣ ಇದ್ದವರು ಕೈ ನಲಿ ಇದೆ ಏನ್ ಮಾಡೋದು,0
d boss ennu release aagila bro,0
tiktok sule makkla papa thumbs hurt agidri sadee nan gandu galuu,3
ಹತ್ತು ವರ್ಷ strict president rule ಬರಬೇಕು,0
super song guru,0
dodda dodda natarella ellodro thu you are really great sir,0
blockbuster agli annovru like madi,0
don t worry sir kayakave kailasa,0
ಬಂದ ಬಂದ ಬಂದಾ nಬೇಟೆಗಾರರ ಬೇಟೆಗಾರ asn ಅವನೇ ಶ್ರೀಮನ್ನಾರಾಯಣ nತಲೆ ಗಿಮ್ಮ್ ಅನ್ನೋ music ಕೊಟ್ಟಿದಿಯ ದೇವ್ರು ಅಜನೀಶ್,0
t sorry guru nangu avlu adre agalla adke solpa campare mad de,2
s tara ide,5
nija helbekandre ee song yako sync aagtilla movie trailer type ge,4
movie chenagide hogi nodi,0
kannada industry ali estu dodda dodda nayakaru edira nimana nivu nima work ali nivu busy agodu bittu e kannada natanana mathe ondu chance kodsi avarge help madi hale natarana maribedi plzzz,0
ಯಾರೇ ಆಗಲಿ ನನಗೆ ನನ್ನ ದೇಶದ ವಸ್ತು ಬೇಕು ಬೇರೆ ದೇಶದ ವಸ್ತು ಎಷ್ಟೇ ಕಮ್ಮಿ ಬೆಲೆಗೆ ಸಿಕ್ಕರೂ ನಾನು ಕೊಂಡು ಕೊಳ್ಳುವುದಿಲ್ಲ ಅಂತ ಮನಸ್ಸು ಮಾಡಿದರೆ ಯಾರು ಏನು ಮಾಡಲಾಗಲ್ಲ,0
rs haadugalella haagene bro,0
hawdale thugari tippa,0
ನಮ್ಮ ಸಾಂವಿದಾನ ಕಾನೂನು ಕಾರಣ,0
ಇದು ನಮ್ಮ ಉತ್ತರ ಕರ್ನಾಟಕದ ಶೈಲಿಯಲ್ಲಿ ಸಿನಿಮಾ ಆಗಬೇಕು,0
super talking yar,5
ನಿನ್ ಅಡ್ತಿರೋ pubge ನು ಚೈನ ದೆ ಅದನ್ನು uninstall madu,2
akbar dhannur malayalam film,5
s r very nice,5
na gentleman tiktok banu super guru,0
bro adhu hage alla yenu ilde ondhu life start madidre yenu ansolla yella iddu kalkondu hege life lead madidre novvu agutte so adhunna artha madkoli aste bcz avr best life nodi e life ge bandirtare n avrge acting bittu bere barolla adru ivru drive madtidare so great alva,0
asn movie na 1st day 1st show nodoru like maadi,0
hands up ಇವ ಚರಿತ್ರೆ ಸೃಷ್ಟಿಸೋ ನಾರಾಯಣ,0
boss mania kaili aagde iro shandru mai paruchkotave nnadak naav tale kedskolalla nndagar na nam karnataka dalle yavangu gottilla inna other state,3
kantirava avn heldange 1st time hange ansodhu,0
super song guru,0
dagar sule munde bindu,2
diya and love mocktail ಮತ್ತೆ release aagbeku ಥಿಯೇಟರ್ li nodbeku,0
olle singer brw ninu,0
amazing song mind blowing,5
ಈ ಹಾಡು ತುಂಬಾ ಇಷ್ಟವಾಯ್ತು,0
ಕನ್ನಡವನ್ನು ಇನ್ನೊಂದು ಹಂತಕ್ಕೆ ಕೊಂಡೊಯ್ಯುವುದರಲ್ಲಿ ಸಂದೇಹವೇ ಇಲ್ಲ nರಶ್ಮಿಕ ಕಕ್ಕ ಅವರೇ ನೋಡಿ ಉರ್ಕೊಳ್ಳಿ,4
super means super,0
ee time ge wait madtidde,0
b howda mam enge,0
i love you sir,5
ಸಾಹಿತ್ಯಗಾರರ ಕನ್ನಡನಾಡಿನಲ್ಲಿ ಸಾಹಿತ್ಯವನ್ನ ಅಚ್ಚ ಕನ್ನಡದಲ್ಲಿ ಬರೆದಿರುವ ಅ ಸಾಹಿತ್ಯಗಾರ ಯಾರು ಅಂತ ನನಗೆ ಗೊತ್ತಿಲ್ಲ ಆದರೆ ತುಂಬಾ ಸೊಗಸಾಗಿದೆ ಸಾಂಗ್,0
houdu ashvatama 5000 varsha dinda idre krista shaka 2000 anta yak aktaidare hindu galu munche inda idane navu idannu pratipadisabeku i,1
eshttu sari kellidaru besaramudada haddu,0
sandalwood all dairecters legends,0
maneli appa amma na chennagi nodkondilla andru tirke shoki beku ivarigella bro,3
keep rocking bro,5
actually point point nu bidsi supper aagi helidiya supppppppppeeeerrrrrbbb,0
ಚಂದನ್ ಶೆಟ್ಟಿ ಟ್ರೊಲ್ ವಿಡಿಯೋ ನೀವು ನೋಡಿ ನೆಗಡ್ಡೆ ಇದ್ರೆ ನಾವ್ ಗ್ಯಾರಂಟಿ,0
super guru love you,0
hands up,5
ನಾನುಗ್ ತುಂಬಾ ಇಷ್ಟ ಆಯ್ತಾ,0
yen helda guru super,0
sakath guru avan amman innu rost madri broooo navarella nam india dalle erbardu hag rost madri guru,3
vishal movie remake,5
avara ಕಷ್ಟ keloke ಹೋಗ್ತಿರೋ ಕಣ್ಣೀರೊ ಅಕ್ಸೋಕೆ ಹೋಗ್ತಿರೋ ನಿಮ್ trp ಗೋಸ್ಕರ ಹೋಗ್ತಿರೋ gotte ಆಗಲ್ಲ nim ಮಿಂಡ್ರಿ ge ಹುಟ್ಟಿರೋ ನ್ಯೂಸ್ ಚಾನೆಲ್ ಬುದ್ಧಿ,0
next song gu kuda alru andre evaga yar comment madidera alla alrru like madi share madi nam industry na next level ge togond hogaona,0
punyathma andre evare,0
shanvi_srivatsava rakshit_shetty best pari forever rashmika_mandanna,0
ಟಿಕ್ ಟಾಕ್ ಸೆಡೆಗಳು,3
sir nanu driver kelsa madidininnevu acting maddanta amar akbar antony cinema dallinreally great sir nevu nanu tumba adrustavanta nimjote edadu,0
vivek g side ge hogro nim,3
superrrr i like it,0
guru i love you sakkathagi hugithiya maga,0
appu boss prajwal sir,5
nice tiger tipn,5
sakkath guru luv luv luv,0
ನಮ್ಮ ದೇಶದಲ್ಲಿ ಎಣ್ಣೆ ಗೆ ಇಂಪಾರ್ಟೆಂಟ್ ಕೊಡ್ತಾರೆ,4
sar nim len nodida mele nim nija madthbeku sar plz call madi,0
muje to ratsasan ka part 2 laga super movie,5
yuvaratnaa coming soon,5
hindi version yelli,0
dislikers are rashmika fans maybe,3
yes re release madbeku,0
ನನ್ನ ಪ್ರಕಾರ ಸಿನಿಮಾ ನೋಡೋದಕ್ಕೆ ಬಂದವರಿಗೆ ಒಂದೊಂದು ಈರುಳ್ಳಿ ಉಚಿತ ಅಂದ್ರೆ ಜನ ಸಾಗರವೆ ಬರಬಹುದು,0
trailer looks interesting feel like to watch,5
ravi chandra ಸಂಗ ಸ,5
ಕುಮಾರವ್ಯಾಸ ಅಂದರೆ ಗದುಗಿನ ನಾರಣಪ್ಪ ನವರ ಬಗ್ಗೆ ಅಭ್ಯಾಸ ಮಾಡಿ,0
ನನ್ನ ಗೆಲ್ಲೋದು ಊಹೆಗೂ ಮೀರಿದ ಸಾಹಸnosm line,0
ಚಿನಾ ಎನನಾ ಉತ್ಪಾದನೆ ಮಾಡಲಿ ನಿನು ನಿನದೇಶ ಉತ್ಪಾದನೆ ಮಾಡಿದ ವಸ್ತುಗಳು ಉಪಯೊಗಿಸು ನಮ್ಮ ಗಿಂತ ದೊಡ್ಡದೆನು ಅಲ್ಲ ಭಾರತೀಯರನ್ನು ನಿನ್ನ ಅತಿ ಬುದಿವಂತಿಕೆಯಿಂದ ಕಿಂಚಪರಿಚಬೆಡ,2
ಸೂಪರ್ ಕಾಮಿಡಿ ಸ್ಪೀಚ್ ಬ್ರದರ್,0
vijay prkash singing in super song nsinging vijay prakash sir,5
monster_kannada nnimm todeya release gu modale damaar,3
tandhege takka maga,0
kichha fan s kade enda chithra sathadina nadiyali yendu haraisuttene,0
yakebdre krishnana shapa aduke,0
ಏನ್ ತುಕಾಲಿ ಫ್ಯಾನ್ಸ್ ಮರ್ರೆ ಟ್ರೈಲರ್ ಬಗ್ಗೆ ಕಾಮೆಂಟ್ ಮಾಡೋದು ಬಿಟ್ಟು ಆ ಫ್ಯಾನ್ಸ್ ಕಡೆಯಿಂದ ಅಲ್ ದಿ ಬೆಸ್ಟ್ ಈ ಫ್ಯಾನ್ ಕಡೆಯಿಂದ ಆಲ್ ದಿ ಬೆಸ್ಟ್ ಥು ಇವ್ರ ಜನ್ಮಕ್ಕೆ,3
super duper lyrics,5
rango cartoon movie nice movie,1
fun rs,5
dubbing madidare song agodilaa 100 million,1
ಸೂಪರ್ ಅಣ್ಣಾ ಚನ್ನಾಗಿ ಹೇಳಿದಿರ ದೇಶ ಅಭಿಮಾನ ಅಂದ್ರೆ ಇದು ಗುರು,0
avinash bere language movies na beggers thara nodo kachda janagal irovargu kannada movies ge bele iralla bro,4
sir nimmannu naanu 1st nodiddu manethana annuva 2 30 serial nalli sir 20 years before sir but adra nanthara evagle nodtha erudu sir,0
karthick s i said dislikers,0
ಚೆರಿತ್ರೆ ಸೃಷ್ಟಿಸೊ ಅವತಾರ ಯಾಕಂದ್ರೆ 5ನೇ ದಿನನೂ trending no 1ನಲ್ಲಿದೆ,0
bro ninge roost madakke baralla rc ge nodi kali,2
kumar sasthana madbeku intha kachada galana,3
bro nim maath keli china app hogli indian app nallu video madalla bidi,0
ಗುರುವೇ ಅದು gta5 pubg ಅಲ್ಲ,0
joshi bhai kannada language me dekh mujhe konsi kannada aati prr samaj aa gyii,5
varshkond beda pa nidanake ne agli ee tara olle movie kotre saaku,0
best movie in kannada,0
yakappa yenaytu movie swalpa length jasti adre movie chennagide,0
mettu tagand hodibeku soolemaklige soolerge avren chinadalliro mindrige hunttidira nimmoun t u,4
film yavaga release,0
super nice bro,5
kannada ಚಿತ್ರರಂಗಕ್ಕೆ signature movie agutte avane ಶ್ರೀಮನ್ನಾರಾಯಣ,0
ninv super agi video madtira bro,0
a anna car gema yavadu,0
lyrics artha adoru kay kaal aadsrappa,0
please movie na re release madi,0
super sir,0
of india ನಾವೂ ಬ್ರಹ್ಮಣರು ಆಗುವುದಿಲ್ಲ ಏಕೆಂದ್ರೆ ಅವರು ಅಂಧಕಾರಲಿ ಬದುಕುತಾರೆ ನಾವು ಗಳೂ ಹಿಂದೂಗಳೇ ಆದ್ರೆ ಹಿಂದೂಗಳೂ ಹಿಂದೂಗಾಳ ಮೇಲೆನೆ ಅನ್ಯಾಯ ಮಾಡ್ತಾರೆ ಅಧೋಸ್ಕರ ನಾವು ಹಿಂದೂ ಧರ್ಮ ಬಿಟ್ಟು ಪವಿತ್ರಾ ಬೋವ್ದ ಧರ್ಮಕೆ ಬುಧನ ದಾರಿಯಲಿ ನಡೆಯುತ್ತೇವೆ ನಾವು ನಡೆದೇ ನಡೆಯಿತೇವೆ ಭಾರತ ಬುದ್ಧ ರಾಗುತ್ತೆವೆ,3
hanna neve super,0
hands up 308k likes nbelageddu 308k likes,4
my fevareta song,5
mass video music link send,5
vitthal ದಬಾಂಗ್ ಆಲ್ಸೋ ಏನು ಆಲ್ರೆಡಿ ಫ್ಲಾಪ್,3
ನೀನು ಒಳ್ಳೆಯದೇ ಮಾತನಾಡಿದಿಯಾ ಗುರು ನಿನ್ನಗೆ ಧನ್ಯವಾದ ಗುರು,0
kannadalli bandiro yella cinema december 27 kke hands up yidu charitre shrushtisu avatar annovru like madi,0
ತಂಡಕ್ಕೆ ಶುಭವಾಗಲಿ nರಕ್ಷಿತ್ ಎಂಬ ಪಿಸ್ತೂಲ್ nಸಚಿನ್ ಎಂಬ ಟ್ರಿಗರ್ nಅಜಿನೀಶ್ ಬುಲೆಟ್ ಸೌಂಡ್ nಅಬ್ಬರಿಸಿ ಬೊಬ್ಬಿರಿದಿದೆ nnಇದು ಚರಿತ್ರೆ ಸೃಷ್ಟಿಸೋ ಅವತಾರ nಶುಭವಾಗ್ಲಿ,0
parthasarathi mars venus inda bartira,5
ಸರಿಯಾದ planning ಇರಬೇಕು ನಮ್ಮ ರಾಜ್ಯದವರು business ನಲ್ಲಿ improve ಆಗ್ಬೇಕು,2
superb chennag heludri frnd nam hatra tik tok app illa,0
rashmika haters like madi,3
ತುಂಬಾ ಒಳ್ಳೆ ಚಿತ್ರ,0
guru ell idde guru istu dina,0
odeya avane srimannarayana nrakshit shetty likendarshan dislikenjai dboobs dagarshan,0
manjunath hm bobby ಸರ್ ಇದು ಉತ್ತರ ಕರ್ನಾಟಕದ ಭಾಗದಲ್ಲಿ ನಡೆದ ನೈಜ ಘಟನೆ ಆಧಾರಿತ ಕಥೆ,5
movie release aadmele matte pickup aaguthe,0
hai neel prithvi wonderful movie dia,5
2 36 2 52 epic music,5
ಪ್ರಜ್ವಲ್ ದೇವರಾಜ್ ಅಭಿನಯದ e ಇ ಚಿತ್ರ ಅವ್ರ ಲೈಪ್ ನಲ್ಲಿ ಒಂದು ಮೈಲಿಗಲ್ಲು ಆಗುತ್ತೆ,0
b ade,0
bari shocki wala mosale kanniru,4
music ನಿಂದ ಇ ಸಿನೆಮಾ 100 ದಿನ teater ನಲ್ಲಿ ಇರತ್ತೆ,0
vijaya prakasha voice is amazing song super,5
ह न द म कब र ल ज ह ग इ तज र कर रह ह,5
yaaru film nodkobandu keltiroru like maadi,0
ಹೌದೋ ಹುಲಿಯಾ ಹಾಡು ಸೂ ಪರ್,0
ಸಾಂಗ್ ಸೂಪರ್ nಮ್ಯೂಸಿಕ್,0
nambike eruvavaru nodi,4
nagu ನಾನು ಹೇಳ್ತಿರೋದು ಇಷ್ಟೇ ಥಿಯೇಟರ್ ಅಲ್ಲೂ ನೋಡಲ್ಲ atleast ಮೊಬೈಲ್ ಆದ್ರು amazon ಅಲ್ಲಿ ನಿಯತ್ತಾಗಿ ನೋಡಿ npiracy telegram ಅಲ್ಲಿ ನೋಡ್ಬೇಡಿ ಅಂತಾ,3
ಇದು ಚರಿತ್ರೆ ಸೃಷ್ಟಿಸೊ ಅವತಾರ,0
ಇದನ್ನೂ ಕೂಡ ಡಿಸ್ಲೈಕ್ ಮಾಡ್ತಿರಲ್ಲರೊ ಏನ್ರೊ ಎಲ್ಲಿಂದ ಬರ್ತೀರೊ ನೀವೆಲ್ಲಾ,3
vitthal ಲೋ ನಿಮ್ಮ ಲುಚ್ಛನ್ ದಬಾಕ್ 3 ದಬಾಕೊತಲ್ಲೊ villian,2
idu nijvaaglu cinema na illa sum sumne naa,3
first song kelide,0
nice movie,0
hindi song bittilva,0
nan nodidini mobile li,0
ಸಾಂಗ್ ಸೂಪರ್ ಆಗಿ ಆಡಿದಿರ ಅಣ್ಣ,0
best heroine n shanvi likenrashmika comment,5
e movie name enu paka hitttt e a,0
bindu gowda idko nan lowda,2
12 dislikes by gandu nanmakalu,4
duplicate video,4
kumar thankyou sir,5
ನಮ್ಮ್ ಪ್ರಜ್ವಲ್ ಬೋಸ್ ಗೇ ಒಂದ್ ಒಳ್ಳೇ ಯಶಸ್ಸು ಅನ್ನ ಕೊಡ್ಲಿ ಈ chitra,0
super song guru,0
ಈ ಹಾಡಿಗೆ ಅಚ್ಚ ಕನ್ನಡದಲ್ಲಿ ಸಾಹಿತ್ಯ ಬರೆದಿರುವ ನಾಗಾರ್ಜುನ ಶರ್ಮಾ,0
s shetty appreciate madtaidane guru,2
420 tik tok 420 china,4
ಡಿ ಬಾಸ್ ದಶ೯ನ್ ಸರ್ ಅಭಿಮಾನಿಗಳ ಕಡೆಯಿಂದ ಆಲ್ ದಿ ಬೆಸ್ಟ್,0
ಲಾಸ್ಟ ಟಿಕ್ ಟಾಕ್ ಬಾಯಿ ಇಲ್ದಿರೋ ಎಮೋಜಿ ಒಡೆದು ಹೋಗಿರೋ ಹಾರ್ಟ್ ಮಿಸ್ ಯು ಆಲ್ ಎಂಗೆ ಗುರು ಇದು,0
miikaaaaa instagramers roast next anna,3
acchaa kannada soopr song,0
shetty boss na nodi urkobeku aste yenu nithkolake agalla,2
ದರ್ಶನ್ ಅವರ ಜಾಮೀನು ಅರ್ಜಿಯನ್ನು ನ್ಯಾಯಾಲಯ ನಮಸ್ಕಾರ ನಮಸ್ಕಾರ,0
ತೊಗರಿ ತಿಪ್ಪ ಸ್ಟೋರಿ ಸೂಪರ್,0
proper promotion maadila sir,2
eee song naa eeega nodthiroru like maadi,0
actually iedu iedu channagirodu,0
ರಾಜವಂಶದ ಅಭಿಮಾನಿಗಳಿಂದ ಶುಭ ಹಾರೈಕೆಗಳು,0
ಚಿಂದಿ movie ಗುರು,0
ನಮ್ಮ ದೇಶದಲ್ಲಿ ರಾಜಕೀಯ ದಲ್ಲಿ ಗೆಲ್ಲಲು ಈಗ ದುಡ್ಡು ಬೇಕಾಗಿಲ್ಲ ಪಾಕಿಸ್ತಾನ ಅಥವಾ ಇಸ್ಲಾಂ ಮೇಲೆ ಅವಾಜ್ ಹಾಕಿದರೆ ಅವನಿಗೆ ಪ್ರಧಾನಿ ಪಟ್ಟ ಕೊಡುತ್ತಾರೆn ನಮ್ಮ ಮೋರಿಗೆ ಮುಸಲ್ಮಾನರನ್ನು ಸಾಯಿ ಸೋದೆ ಅವರ ಅಭಿವೃದ್ಧಿ,1
ಡಬ್ಬಿಂಗ್ ಪ್ರೋತ್ಸಾಹಿಸುವವರು ಲೈಕ್ ಮಾಡಿ,0
super agi helidiya guru,0
daily hakri nim video super agirutte,0
d boss fanzzz in sakaleshpur,0
houdu ashvatama 5000 varsha dinda idre krista shaka 2000 anta yak aktaidare hindu galu munche inda idane navu idannu pratipadisabeku i,1
chinddi guru,0
sir ennond sala re release madi dabba nan maklu movie na teligram nalli online nalli bitre yar theater ge barthare sir first film industry navru yalru seri ban madsi film release agi 6 months yalli oragade sigbardhu avagaga nim kasta pattu madiro kelsakke prathipala sigutte movie release agi next day ne mobile nalli bandre jana theater ge hogodilla soo sad,1
ಅದ್ಭುತವಾದ ಹಾಡುnಹಿನ್ನಲೆ ಸಂಗೀತ ಇನ್ನೂ ಅದ್ಭುತ,0
ರಕ್ಷಿತ್ ಶೆಟ್ಟಿ ಗೂ ಮತ್ತು ಉಳಿದ ಹೀರೋ ಅಥವಾ ಡೈರೆಕ್ಟರ್ಗಳಿಗೆ ಇರೋ ವ್ಯತ್ಯಾಸ ಇದೆnnಅವನೇ ಶ್ರೀಮನ್ನಾರಾಯಣ ಓರ್ವnಮಿಕ್ಕವರೆಲ್ಲ ಒಂದು,0
ನಿಜವಾಗ್ಲೂ ತುಂಬಾ ಒಳ್ಳೆ ಫಿಲ್ಮ್ ತುಂಬಾ ಇಷ್ಟ ಆಯಿತು,0
solpa beat jor madbekagittu,0
sir movie bagge eradu matilla adre ivatu multiplex jasti agi bittive rate kooda bhayankara ondu nominal price idre hogbahudu tumba janru kooda primenalli,1
naik tale mel hodiyoda ond kudlunu kithkollok agalla,2
್ಕಸ ಬೇಟೆಗಾರ u nailed it,5
super guru munduvarisi,0
ಅದ್ಬುತವಾದ ಸಂಗೀತ,0
ವಾಹ್ trailer ಅದ್ಭುತವಾಗಿದೆ n,0
pakka365 day percent,5
rakshit shetty,5
dia 2 madi plz,0
ಸಾರ್ ಕಾಯಕವೇ ಕೈಲಾಸ ಹ್ಯಾಟ್ಸ್ ಆಫ್ ನಿಮ್ಗೆ ನಿಮ್ಮಿಂದ ಒಂದು ಪಾಠ ಕಲಿತೆ ಅದು ಕೆಲ್ಸ ಯಾವುದೇ ಆಗಲಿ ಅದನ್ನು ಶ್ರದ್ಧೆಯಿಂದ ಮಾಡ್ಬೇಕು ಅನ್ನೋದು ಧನ್ಯವಾದ ಸಾರ್ ನಿಮ್ಗೆ,0
chutiyaa ganesh gintaa olle movie irutthe bidu guru idu ganesh ge olle swamake maadoke helu modlu,2
keli kaadiruva baandavaarenbhuviyalli avana arithavaarenyaarila bidinmunnudiniddaradondu dantakathennalku dikkinalu bekavanunbanduku hidida manavanunthale melide keeretanviraatanguri bennato netaaranungalli maatina bazaarunsuddi saaride sumaarunpaatrada parichaya irovrunee badukige ide ghana hesarunhands up idu anavaraatanhands up na agnyata nhands up ide vedanta nidu charithre srushtiso avataara,0
ಚಿತ್ರ ಗೆದ್ದಿದೆ ಆಧರೆ nಪ್ರೇಕ್ಷಕ ಸೋತಿದ್ದಾನೆ,1
super cool nice,5
ಒಂದೊಳ್ಳೆ ಚಿತ್ರಕ್ಕೆ ಈ ರೀತಿ ಚಿತ್ರಮಂದಿರ ಸಮಸ್ಯೆ ಆಗಬಾರದು,1
ಈ ಚಿತ್ರದಲ್ಲಿ ಯಾವ್ ರೇಂಜ್ ಗೆ ಗ್ರಾಫಿಕ್ಸ್ ಮಾಡಿದ್ದಾರೆ ಅಂತ ಮತ್ತೊಬ್ಬ vfx ಆರ್ಟಿಸ್ಟ್ ಗೆ ಗೊತ್ತಾಗೋದು,3
ab we need more people like u,5
nanage ಅನ್ಸುತ್ತೆ ಈ ವೀಡಿಯೋ ವನ್ನು ರಶ್ಮಿಯ ಮಂದಣ್ಣ ಫ್ಯಾನ್ಸ್ deslike ಮಾಡಿರಬಹುದು,0
e video na unlike madoru nijavaglu kannads davaru ala,3
super anna jai hind,0
as a d boss fan i support all kannada actors kannada movies,5
love you boss super,0
vpn hakondu tiktok use madtidare nam soldier sattirodu lekkka ellla janakkke,3
hands up,5
nejwad deushya torishi eg heliddu,3
yaryaru matte nodtiddira like madi,0
good job bro,5
ಚಂದನ್ ಶೆಟ್ಟಿ ಟ್ರೊಲ್ ವಿಡಿಯೋ ನೀವು ನೋಡಿ ನೆಗಡ್ಡೆ ಇದ್ರೆ ನಾವ್ ಗ್ಯಾರಂಟಿ,0
superr bhaii songs,0
super movie dai,5
ಇದು ಚರಿತ್ರೆ ಸೃಷ್ಟಿಸೊ ಸಿನಿಮಾn1st day 1st show booked,0
bro starting baruttalla adu game name yaavdu plz heli bro plz,0
i love you sir,0
manogna nnhaaaaaaa,5
en super movie sir edu ond ond seen kuda mans mutto tara ede,0
bro e tiktok madovrna modlu thuldu sayisbeku nbari bildup kodo sedegale erodu bvrc galu,4
ಕಥೆ ಅರ್ದ ಅಗಿದೆ ಅಶ್ವತ್ತಾಮ ತನ್ಣಗಾಯಗೊಂಡ ದೇಹವನ್ನು ಗುಣಪಡಿಸಿದ್ದು ಕಲ್ಲಡ್ಕ ಪ್ರಭಾಕರ್ ಭಟ್ ನಂತರ ಅಶ್ವತ್ತಸಮ ತನ್ನ ಹೆಸರು ಬದಲಾಯಿಸಿ ನರೇಂದ್ರ ದಾಮೋದರ ಮೊಲದಿ ಎಂಬ ಹೆಸರಿನಿಂದ ಬಾರತದ ಪ್ರದಾನಿಯಾಗಿ ಅತನ ಅನುಯಾಯಿಗಳೇ ಮೋದಿ ಭಕ್ತರೆಂಬ ಕೌರವರು ಇವಾಗ ಮುಸ್ಲಿಂ ಎಂಬ ಪಾಂಡವರ ವಿರುದ್ದ ಕುತಂತ್ರ ಯುದ್ದ ಮಾಡುತ್ತದ್ದಾರೆ,3
hollay hrudhayawantha ashwath sir hawra maganigey heee sthithi noowu,0
ಇದು ಒಳ್ಳೆಯ ಹಾಡು ಒಳ್ಳೆಯ ಹಾಡುಗಳು ಕೇಳ್ತಾ ಕೇಳ್ತಾ ಇಷ್ಟ ಆಗುತ್ತವೆ,0
ಇದು ಚರಿತ್ರೆ ಸೃಷ್ಟಿಸೊ ಅವತಾರ ನಮ್ಮ ನಾರಾಯಣ,0
ನಮ್ಮನೆಗು ಬಂದಿದ್ದ ನಾನು ಅವನಿಗೆ ಹೇಳಿದೆ ನಿನ್ನ ಬಗ್ಗೆನೇ ಟಿವಿಯಲ್ಲಿ ತೋರಿಸುತ್ತಿದ್ದಾರೆ ಅಂದೆ ಅದಕ್ಕೆ ಅವನು ಹೇಳಿದ ಹೆಣ್ಣು ಕೋಡಬೇಕಂತ ಎಲ್ಲಾ ಕಡೆ ಹೋಡಕೋತ್ತಿದ್ದಾರೆ ಅಂತ ಹೇಳಿದಾ,0
ಶ್ರೀ ಮನ್ ನಾರಾಯಣ ಡಬ್ಬ ಸಿನಿಮಾ,1
super ntogari tippa comody,0
bharatadalli skill idru experience illade kelsa kodolla chinadalli nivu helo hage hosa pratibegalige aavkasha kodatre aste vyatyasa china gu namgu,0
avanilade enu illa ee bhoomimele,0
ellar mobile alli dia movie ide kanri theatre ge jana yake barthare heli yake online alli leak aythu movie nonline alli movie nosbodu andre jana bidthara heli neeve,3
supper trailer i like,5
slow poison song,5
uttara pradeshada lakkinpura dalli shiva pooje madtidda,0
ಕನ್ನಡ ಭಾಷೆ ಸಿನಿಮಾ ಯಾವುದಕ್ಕೂ ಕಡಿಮೆ ಇಲ್ಲ ಎಂದು ನಿಮ್ಮ ಸಿನಿಮಾದ ಮೂಲಕ ಗೊತ್ತಾಗುತ್ತಿದೆ,0
inta best movie na theatre nalli nodakaglilla ade bejaru,0
guru chaines apps yavyavu antha ondhu list kodi avna nam mobile ali instal madala,4
yak sir interview ge yav studios irlilva or e movie gella yake antha a jagadalli kursidira,2
i love rakshit anna super movie sule rasmika mandan ge chappali le hodibeku,2
ನಮ್ಮ ಹೆಮ್ಮಯ ಸಿನೆಮಾ,0
ಸೂಪರ್ ಸಾಂಗ್ ಹುಚ್ಚೆಬ್ಬಿಸುವ ಸಾಂಗ್,0
rao bari inta comments maadkond koothkoli thuu inta cinema na kannadadalli prothsaha maadilla anta naachike aagbeku,4
ಪ್ರಜ್ವಲ್ ಹೊಸ ತನದ ಸಿನಿಮಾ ಇದೆ ಅನಿಸತ್ತೆ,0
loo nim makha muccha e video gu dislike yenro nim hendti munde haga avr character nodi kaliro life andre yenu antha thu nanmakla,4
pranjali raj nija boglu ninu kannadiga alva,2
last ತನಕ ನಕ್ಕಿ ನಕ್ಕಿ ಹೊಟ್ಟೆ ನೋವು ಬಂತು,0
parthasarathi ಸುಮ್ನೆ ಸೈಡ್ ಗೇ ಹೋಗು ಗೊತ್ತಲಾ ನಾನು ವಿಶಾಲ್ ಶೆಟ್ಟಿ ಅಲ್ಲಾ ಮಿಂಡರುಗಾಳಿ,0
karavali king rakshith shetty fans frm uttara kannada,0
kannada matte remake film,1
ನಮ್ಮ ದೇಶದಲ್ಲಿ ರಾಜಕೀಯ ಮಾಡಿ ಸಾಯಿತಾರೆ ಸೊ ರಾಜಕೀಯ ಇಲ್ಲ ಅಂದ್ರೆ ದೇಶ ಬೇಗ ಉದ್ದಾರ ಆಗುತ್ತೆ ಇಲ್ಲ ಅಂದ್ರೆ ಅಷ್ಟೇ,3
xxxx i 444is,5
kannadadha abimani jai karnataka all tha best comeback,0
chiki chiki chikappa nidhe madidh saku helappa,2
ಈ ಯುಗದ ಶಂಕರ್ ನಾಗ್ ಗುರು ನೀನು all the best from dboss fans,0
swalpa aerial tara ide,0
super bro naanu tik tok maadtidde aadre adenu nam desha kintluu hechenalla namge nam desh beku adke yella chinaa apps na in install maadidini,0
god bless you sir,5
like for singer vijayprakash,5
shankar ashwath sir devaru olledu madli sir nimge,0
ಅಶೋಕ್ ಅವರು ಕನ್ನಡದ christopher nolan,0
super singer vijay prakash sar,0
yella shatti gale,1
nice movie love from tamil,5
awsme songs sir,5
ajaneesh ka music kuch hatke hain,5
super guru hodi hodi channagi ti hodi e tiktok kagegalge,0
so good song,5
ನಿಜಕೂ ಈದು ಆಚರಿನೇ,1
top star in sandalwood d boss,0
parthasarathi yar kandha ninu,2
nambike eruvavaru nodi,4
song was awesome i hope movie too,5
yava game name,0
ಯುದ್ದ ಮಾಡಬೇಕು ಓದಬಾರದು ಕಟುಕರ ಮುಂದೆ ಭಗವದ್ಗೀತೆ nnnಇದು ಚರಿತ್ರೆ ಸೃಷ್ಟಿಸೊ ಅವತಾರ,0
song maatra chindi,0
neen build up films nodkindu irappa illi yake bande,1
inspired from korean movie midnight runners,0
ಪ್ರೀತಿಗೋಸ್ಕರ ಪ್ರಾಣನೆ ಬಿಡ್ತಾರೆ,4
ಚಂದನ್ ಶೆಟ್ಟಿ ಟ್ರೊಲ್ ವಿಡಿಯೋ ನೀವು ನೋಡಿ ನೆಗಡ್ಡೆ ಇದ್ರೆ ನಾವ್ ಗ್ಯಾರಂಟಿ,0
flower cbv,5
nanu iga bekantale alisoke bande shakuntale mis u poo,0
diya a awesome film jana barodakke idraddu prachara swalpa kammi aythu annisthide istu olle movie ge jana baralla andre bere reason yenide kelavu films olledildidru kaali pracharadindle hit agatthe,3
waiting for hindi nlike,5
ಉತ್ತರ ಕರ್ನಾಟಕ ಶೈಲಿಯ ಕಲೆಯನ್ನು ಉಳಿಸಿ,0
ನಿಮ್ಮ ದ್ವನಿ ಹೀಗೆ ಬರಲಿ ಸರ್ ಟ್ರೈಲರ್ ಅದ್ಭುತವಾಗಿದೆ,0
ತುಂಬಾ ಅದ್ಭುತ ಕತೆ,0
ಹಾಡು ತುಂಬಾ ಚೆನ್ನಾಗಿ ಬರೆದಿದ್ದೀರಿnಹಾಡಿಗೆ ಸಂಗೀತ ತುಂಬಾ ಚೆನ್ನಾಗಿ ಮೂಡಿಬಂದಿದೆnಹಾಗಾಗಿ ಈ ಹಾಡು ಕೇಳಿದಾಗ ತುಂಬಾನೇ ಖುಷಿ ಆಯ್ತು,0
yava game idu,0
moon ಚಂದ್ರ ಇಲ್ಲ ಅಂದ್ರೆ,1
i too join,5
ಚಂದನ್ ಶೆಟ್ಟಿ ಟ್ರೊಲ್ ವಿಡಿಯೋ ನೀವು ನೋಡಿ ನೆಗಡ್ಡೆ ಇದ್ರೆ ನಾವ್ ಗ್ಯಾರಂಟಿ,0
hands up,5
sakat agide song music,0
ಆಗೇ ಆಗತ್ತೆ 50 million just wait,0
sakath guru,0
preethi ge praana bidovru idara,1
boss mania bhrame nalli baduktidiya chinna nnmodlu darshan ye boss ge bucket hidadu beladirodu adunna taleli itko nndarshan antha 100 jana na industry boss belsavrennavryako innobban ge bucket hiditare bucket nan magne,1
ಚಿತ್ರಮಂದಿರ ಒಳಗೆ ಜನ ಬರಬೇಕು ಅಂತರೆ ಇದು ತಮಷೆ ಅಲ್ಲ ಮೊದಲು tik tok ban ಆಗಬೇಕು ಸಿನಿಮಾ ನಟ ನಟಿ tik tok ಮಾಡಬಾರದು ದೋಡ್ಡ ದೋಡ್ಡ ಸ್ಟಾರ್ ನಟರು tik tok ಬಗ್ಗೆ ದಂಗೆ ಎಳೆಬೇಕು ಸರ್ಕಾರ ಕ್ಕೆ ಮನವಿ ಮಾಡಿ tik tok ಬ್ಯಾನ್ ಮಾಡಿ ಅಂತ ಇಷ್ಟು ಕೆಲಸ ಮಾಡಿಲ್ಲ ಅಂದರೆ ಮುಂದೆ ಒಂದು ದಿನ ನಿಮ್ಮ ಸಿನಿಮಾ ನೀವೇ ನೋಡಬೇಕು,3
ur brilliant neevu helida haage fb twitter alli comments hakta kuthkobek aaguthe,0
urkond sai beku,1
eh tiktok ela andre nimanatha troller kooda mundhe bartirlilia,2
sariyagi degidiya guru all the best desha abhimana elade ero sule makkali ge sariyagi deggg bekuuu,3
ಏನು ಗುರು ನೀನು ಹಾಲಿವುಡ್ ಫಿಲ್ಮ್ ಥರ ಮಾಡಿರ ನಿಮ್ಗೆ ಒಂದ್ ಸಲಾಂ,0
prakash bhagoji x tc chngood,5
ಅತ್ಯುತ್ತಮ ಹಾಡು,0
very nice togari tippa na story,0
anna tumba channag madtiraa super,0
super song shetty,0
yella ok iee aroygyake hankaraka bidi yake,1
bro super,5
ಸೂಪರ್ ಲಿರಿಕ್ಸ್,0
super movie guru,0
manu baligar avaru gadag jille shirahatti taluk shigli gramadavaru nanu ade gramadavanu,0
song ista adaro illi like madi,0
super maga,0
well said sir,5
god bless you sir,5
k k jail boy d boobs wig star,5
super boss idu actually bekagiddu tik tok madavruru sari yagi thodineku,0
who is after howdu huliya,5
ಕನ್ನಡ ಸಾಹಿತ್ಯಕ್ಕೆ ಯಾವತ್ತೂ ಸೋಲಿಲ್ಲ ಒಳ್ಳೆಯ ಸಾಹಿತ್ಯ ಹೌದು ಇದು ಚರಿತ್ರೆ ಸೃಷ್ಟಿಸೊ ಅವತಾರ,0
ಕೊಳ್ಳುತ್ತಿರುವ ಕೊಬ್ಬರಿ ಮಿಥೈ ಮುಖದವಳು nnಚೆನ್ನಾಗಿ ಬೈತೀರಾ ಸರ್,0
en guru nim video ge fan agode aitu nimge namma kade inda subscribe,0
rashmika shetty fans irbekun,0
rakshit shetty sir super,5
guru super,0
rakshit shetty,5
ಕೆ ಜಿ ಎ ಪ್ ಮುಗಿದ ಮಾೄಲ ಇದ ಕನಡದ ಛರಿತ್ರೇ ಸಿನಿಮಾ,0
pakka flop movie,5
monster_kannada le sakat dialouges kanla next nim boobs film ge neene ide dialouges na haakolli hengidru ade thaane yelru maathadodu film nodkondu yella fans galu obrann obru baikond iri,2
ನಾವು ವಾಕ್ ಸ್ವಾತಂತ್ರ್ಯದಲ್ಲಿ ಸೂಪರ್ ಪವರ್ ಆಗಿದ್ದೇವೆ ಎಲ್ಲಿ ಪ್ರಜೆಗಳಿಗೆ ರಾಜನ ಭಯ ಇರೋದಿಲ್ಲವೋ,0
ಕಥೆ ಅರ್ದ ಅಗಿದೆ ಅಶ್ವತ್ತಾಮ ತನ್ಣಗಾಯಗೊಂಡ ದೇಹವನ್ನು ಗುಣಪಡಿಸಿದ್ದು ಕಲ್ಲಡ್ಕ ಪ್ರಭಾಕರ್ ಭಟ್ ನಂತರ ಅಶ್ವತ್ತಸಮ ತನ್ನ ಹೆಸರು ಬದಲಾಯಿಸಿ ನರೇಂದ್ರ ದಾಮೋದರ ಮೊಲದಿ ಎಂಬ ಹೆಸರಿನಿಂದ ಬಾರತದ ಪ್ರದಾನಿಯಾಗಿ ಅತನ ಅನುಯಾಯಿಗಳೇ ಮೋದಿ ಭಕ್ತರೆಂಬ ಕೌರವರು ಇವಾಗ ಮುಸ್ಲಿಂ ಎಂಬ ಪಾಂಡವರ ವಿರುದ್ದ ಕುತಂತ್ರ ಯುದ್ದ ಮಾಡುತ್ತದ್ದಾರೆ,3
yaru tension agbede yakandre dislike madiravru mindrika kadeyavru,3
rakshit yake ista gotha friend s na jote yalli yavagllu ittikondiru thare,0
mastu mastu idu idu bekagirodu,0
most liked video song agutte ee kannada film industry li year,0
super video bro l am support your channel,5
rashmika fans nd devarkonda fans urkondirtarea,3
100 million agalla bro,1
rakshit rishab,5
edalla corona havali mugid mele e film na re release madbeku,0
r nim amman akkan bagge baidna loude suvar gandu andre neenu adkke baide ella nim dbabes thara ne,2
s m duet,5
super agi baidry anna good talking,0
sir nimage devru nimjote erta,0
ಆಲ್ ದಿ ಬೆಸ್ಟ್ ಫ್ರಮ್ ಡಿಬಾಸ್ ಫ್ಯಾನ್,0
unlike kottiroru ramshakkana fanse erbeku,3
sari guru nan rc nodod irli ninu illi bandiro cmnts nodu ninge gotthagutthe,2
bazaar annodu kannada padana guru,0
i like it,5
सर आप ल ग स न व दन ह आप छत त सगढ़ मध य प रद श इस तरफ़ ख द क ट क ज खर द ल ज य ज सम स र फ स उथ क डब म व ह चल ग आपस र क व स ट ह आप प स इन व स ट करक द ख छत त सगढ़ द र ग म तर ण ब ग स न म ख ल ह रह ह आप द र ग म इन व स ट कर सकत ह nफ र क य आप ल ग ध र ध र प र हर ज ल म 1 स न म घर आप अल ट करत ज न फ र द खन आपक हर म व क हम द ख सकत ह और अच छ ब जन स भ कर सक ग,5
olledu ond pan india movie madro sumne yak eneno madkondu,3
ramayana agiye 500 varsha ayeetu indu sullu yakandre 5000yer back hege,1
super movie,0
urkond sai beku,1
alla ri valmiki real life na khate bardidaro real khate bardidaro avnu ganeshana hattira barsiridu avaga ramayana mahabharata nadide ella haganta ashvataama badkidane anta hege nambtira astukku adu nadidide elvo namg gotte ella adu hege aahvataama badkidane anta heltira edu bidi nivu avna nodidira bandu kate helda anta ede alla nivu hogi kelidira avaru buildope ge helirbodu edu yarige esta agidiyo avru like madi,2
i like rakshith shetty,5
hindi dubbed movie download link hd,5
ittheechige nodida movie dia and love mocktail 2 movie janake olle movie correctaagi thalupisbeku illandre heege nelakacchutthe promotion maadoke social media use maadkondu janaranna thalupabeku innaadru industry avru yecchetthbeku,3
super song anna,0
ಚಂದನ್ ಶೆಟ್ಟಿ ಟ್ರೊಲ್ ವಿಡಿಯೋ ನೀವು ನೋಡಿ ನೆಗಡ್ಡೆ ಇದ್ರೆ ನಾವ್ ಗ್ಯಾರಂಟಿ,0
superb song liked it,0
super aagide trailer 6th film nododu pakka,0
love story bandidde adre e tara yavdu illa,3
e game yavadu bro,0
dia movie is super,5
kakka is ossm lol,0
thank you so much dhevru,0
basavaraj gurikar,5
all the best gentlemen team from all dboss fans,5
ivru helirodu antalla namma dharma shashtra helide ashwathhama chranjivi endu adre avru doctor manège hogidru adu doubt,1
yapppaaaa yak guru istond hype e song ge,2
super guru nenu,0
movie needs recognition,5
ramayana agiye 500 varsha ayeetu indu sullu yakandre 5000yer back hege,1
jasti commets madirodhu d,0
mutturaj melageri nkanti,0
ಬಿಟ್ಟ ಸ್ಥಳ ತುಂಬಿ __ ಶಟ,3
ಶಂಕರ್ ನಾಗ್ ಅವರ ಅಭಿನಯದ ಸಾಮ್ಯತೆ ರಕ್ಷಿತ್ ಶೆಟ್ಟಿ ಅವರಲ್ಲಿ ಕಾಣಬಹುದಾಗಿದೆ,0
ಓಳ್ಳೆ ಕಥೆ ಬಹಳ ವರ್ಷ ಆಗಿತ್ತು ಕೇಳಿ,0
film super tumba kaaduva cinema,1
nijvaglu e song kelthidre kushyaguthe,0
sakkataag baididiya guru,0
omg so good song,5
elli vabba mhana kalavidan maga annodu menation agutte yakendre cinirangakke avarakoduge tunbaede yavadadaru poshaka pataragalanna kodabahudu aste,0
super bro love india,5
i like it sr good job,5
t urkondu sayri sulemakalla 1 year 3 blockbuster boss,2
ha sir kanada movie nam janane nodthaila,4
bere level asn hands up,0
god bless u sir,5
adhunika shankar nag,0
super vp sir,5
togari tipppa story super,5
ಕಿರ್ಯಾಕ್ ಕಿಂಗ್nಸೂಪರ್ ಡೂಪರ್,0
ದಿಯಾ ತಂಡಕ್ಕೆ ನನ್ನ ಕಡೆ ಇಂದ ಕ್ಷಮೆ ಇರಲಿ ಇಂತ ಮೂವೀನ ಥೀಯೇಟರ್ ಗೆ ಹೋಗಿ ನೋಡಿಲ್ಲ ಅಂತ ಬೇಜಾರ್ ನನ್ನ ಕಾಡ್ತಾ ಇದೆ nplease sir ಮತ್ತೇ ರಿ ರಿಲಿಜ್ ಮಾಡಿ,0
ur super sir but ಒಂದ hit movi kodi sir navu adakoskara kaetidivi,4
stupid fans war ge antha bandre nimmakkan minda naanu samskrutha innu start madilla ninge beku andre helu start madona,2
ಬ್ರೋ ಅವರು ಗೆ ದೇಶದ ಬಗ್ಗೆ ಅಭಿಮಾನ ಇಲ್ಲಾ ಬಿಡಿ,4
u r great sir,5
good one in kannada feel great,0
tumba satyavada mathu kanri sakath bejar aguthe nav yargu mosa anyaya madilla adru inu olleyade agtilla bega eladralu struggle agtide,0
powerful music irbekittu annoru like madi,1
kumar ನೀನಮ್ಮನ್ ಯಾಕೋ ಗಾಂಡು ತಿಕ್ ಊರಿನ,2
same feeling bro,5
wow prajwal looks is awesom ಈ ಮೂವೀ ಆದ್ರೂ ಹಿಟ್ ಆಗ್ಲಿ ಕನಪ್ಪ ದೇವ್ರೇ,0
bro hindi song sigthila,0
ಸೂಪರ್ ಅಜನಿಷ್ ಲೋಕನಾಥ್ ಬೆಲ್ ಬಾಟಮ್ ನಲ್ಲಿ ಏತಕೆ ಬೊಗಸೆ ತುಂಬಾ ಇಂದು ಹೆಂಡಸಾಪ್ yuwar music ಸೂಪರ್,0
srinidhi ಶ್ರೀ w,0
shetruuu superrruuuu ಇದು ಚರಿತ್ರೆ ಸೃಷ್ಟಿಸೊ ಅವತಾರ,0
ಪ್ರಾಣಿಯ ಶಿಕಾರಿ ಅಲ್ಲ ಅಂತ ತಿಳಿಯುತ್ತೆ ಯಾವ ಶಿಕಾರಿ ಕಾದು ನೋಡಬೇಕಾಗಿದೆ superb trailer,0
ನೀವು ಹಳ್ಳಿಯ ಭಾಷೆಯ ಶೈಲಿಯಲ್ಲಿ ರೊಷ್ಟ್ ಮಾಡುವುದೇ ನಮಗೆ ಅತ್ಯುತ್ತಮ ಮನರಂಜನೆ,0
ರಾತ್ರಿ ಫುಲ್ ನ್ಯೂಸ್ ಗಾಗಿ ಕಾಯುವ ಉಡುಪಿ,0
i m big kiccha rakshith shetti fanzz,0
osm music,5
spr kannadiga,0
ನನ್ನ ಗೆಲ್ಬೋದು ಅನ್ನುತ ನಿಂದನು ಒರ್ವ ರಾಕ್ಷಸ,0
ಮುಚ್ಚಲೇ ಆ ತುಲುಗು ನವರಿಗೆ ಹುಟ್ಟಿರೋರ್ ಥರ ಯಾವಾಗಲೂ ಸೌಂದರ್ಯ ಸೊಬಗುಲಿ ಅವರದ್ದೆ ಹಾಕಿರುತ್ತಾರೆ ರಾಜ್ ಕಮಲ್ ಒಂದ್ರಲ್ಲೆ ಕನ್ನಡ ಹಾಕೋದು,3
ಇದು ಚರಿತ್ರೆ ಸೃಷ್ಟಿಸೋ ಅವತಾರ,0
ಸೂಪರ್ ಸೂಪರ್ ಸೂಪರ್ ಸೂಪರ್ ಸೂಪರ್ ಸಾಂಗ್,0
ಶ್ರೀಮನ್ನಾರಾಯಣ ದೇವರ ದರ್ಶನ ಮಾಡಲೇ ಬೇಕು,0
video 18 min innu video upload maadi 12 min agide complete video nodade dislike madthirallo,3
promotion heg madodo anta kaliri,3
b s ayyo sulemaklu,1
kannada cinema nimma antha budhijeevi na ullaskollalike agilla antha tumbaa bejaar aagute,0
ನಾವ್ ಕನ್ನಡ ಚಿತ್ರ ಸರ್ಪೊಟ್ ಮಾಡ್ತಿವಿ ಅನ್ನೊರು hands up,0
correct agi helidera super,0
howdu 100 percent,0
making ತುಂಬಾ ಚನ್ನಾಗಿದೆ lyrics not good,3
raj ಲೊ ತಮ್ಮಾ ನಿನಗೆ ಏನು ಅರ್ಥ ಆಗಿಲ್ವವಂತ ಗೊತಾಯ್ತು ಬೇರೆ ಕೆಲಸ ನೋಡ್ಕೋ ಸುಮ್ನೆ ಮರ್ಯಾದೆ ಹೋಗೋದು ಬೇಡ,0
ಈ ಚಿತ್ರದಲ್ಲಿ ಯಾವ್ ರೇಂಜ್ ಗೆ ಗ್ರಾಫಿಕ್ಸ್ ಮಾಡಿದ್ದಾರೆ ಅಂತ ಮತ್ತೊಬ್ಬ vfx ಆರ್ಟಿಸ್ಟ್ ಗೆ ಗೊತ್ತಾಗೋದು,0
bro super video bro eglaaaa adru buddhi barli namm e janagaligi,0
nayak ಅದಿಕ್ಕೆ ನಿಮ್ಮ ಲುಚ್ಚಾ ಹೆಂಡ್ತಿ ಮೇಲೆ ಅನುಮಾನ ಪಟ್ಟು ಡೈವರ್ಸ್ ಮಾಡೋಕೆ ಹೋಗಿದ್ದ ಯಾರೋ ಬುದ್ದಿ ಹೇಳಿದರೆ ಗಂಡರ ಗಂಡ ಜಗ ಮಿಂಡ ನಿಮ್ಮ ಕಾಮಣ್ಣ ಲುಚ್ಚಾ ಬಳೆಗಾರ,2
oille thana olleyavrige eegina kaladalli nijwaglu bele illa enidru anyaya,0
1,5
good movie re realse sir,5
le tiktok huchhu sulemakle,4
num mane ge bandidru,0
first time kannada movie film video song full bittirodu,0
naveen raj d boss,5
manogna hospital na olage itkondidra doctor,0
just wow,5
parthasarathi ಎಷ್ಟು ರೇಟು ಒಂದು ರಾತ್ರಿ ಬ ಸಾಕು,2
ತುಂಬಾ ತ್ರಿಲಿಂಗ್ ಇರೋ ಹಾಗೆ ಇದೆ ಬೇಗ ರೇಲಿಜ ಮಾಡಿ,0
super bro,5
kithodnan maklu galu alli saytha edare elli yak madbeku uninstall madbeku anthare gandu galu,4
super bro ujji innu ujji,0
ಎರಡನೆ ಬಾಗ ಅಪ್ಲೋಡ್ ಮಾಡಿ,0
please darshan fans dislike madbedi nim hero ne great but please ee movie ge dislike madbedi,0
vn nani gentle men,2
hoooo tik tok ban,4
ಹೌದು ಅವನು ನನಗೆ ರಾತ್ರಿ ಬೇಟಿಯಾಗಿದ್ದ ಕಣ್ಣು ಮುಚ್ಚಿ ತೆಗೆಯೋದರೂಳಗೆ ಬೆಳಕಾಗಿತ್ತು,0
ಅಂತಾ ದೊಡ್ಡ ಮನುಷ್ಯನ ಹೊಟ್ಟೆಲಿ ದೊಡ್ಡಮನುಷ್ಯಾನೆ ಹುಟ್ಟೋದುಶ್ರಮ ಜೀವಿ ಸರ್ ನೀವು,0
like goskara ivella beka,1
sir ನಮಸ್ಕಾರ ಕಲಿಯುಗದಲ್ಲಿ ಅಶ್ವತ್ಥಾಮ ಇದ್ದಾರೆ ಅಂತ ಹೇಳಿದರು ಎಲ್ಲಿ ಇದ್ದಾರೆ ಅವರು ನಾವು ನೋಡಬಹುದ ನನು ನೊಡಬೇಕು ಅಂತಾ ಇದೇ ಅಗತ್ತ sir,0
ಪ್ರಪಂಚವನ್ನೇ ನಡುಗಿಸುತ್ತಿರುವ ಉಗ್ರವಾದ ಕರೋನಾಗೆ ಶಾಕ್ nರೂ 50,4
nise share everone,0
bollywood ki aukaat is movie ke aage kuch bhi nhi h it,5
super video madiddira,0
ನಿಮ್ಮ ಅನುಭವದ ಮಾತುಗಳು ನಮಗೆ ದಾರಿದೀಪಗಳು,0
guru nin heliddu super nija adre e bindu lowda avn ammun tukali sule maklige uriyutte ade indiyadalli gst jasti madidre strick madthare ade tik tok madi chinage amount hodre kushi agthare ivrella bharatiyaralla chinise tunnege uttdoru,2
nijavaglu satya sir,0
i m waiting,5
nambike eruvavaru nodi,4
kayakave kailasa sir,1
ಪ್ರಪಂಚವನ್ನೇ ನಡುಗಿಸುತ್ತಿರುವ ಉಗ್ರವಾದ ಕರೋನಾಗೆ ಶಾಕ್ nರೂ 50,4
e mathu,0
ಲವ್ ಯು ಬಾಸ್ ಸೂಪರ್,0
kv ya happy sunday,0
ಈ ಹಾಡಿಗೆ ನನ್ನ ಕಡೆಯಿಂದ hands of,0
nayak ನಿಮ್ಮ ಅಮ್ಮ ಕಂಡೋರಿಗೆ ಹಡಿಲಿ,2
ನನ್ನ ಪ್ರಕಾರ ಈ ಟೆಲಿಗ್ರಾಂ ಅನ್ನೋ ಆಪ್ ನಲ್ಲಿ ಎಲ್ಲ ಸಿನಿಮಾಗಳ ಲಿಂಕ್ ಹಾಗೂ hd ಸಿನಿಮಾಗಳು ಸಿಗುತ್ತಿವೆ ಇದನ್ನೂ ನಿಲ್ಲಿಸಿದರೆ ನಿಜವಾಗಿಯೂ ಎಲ್ಲ ಕನ್ನಡ ಸಿನಿಮಾಗಳು ಹಾಗೂ ಬೇರೆ ಸಿನಿಮಾಗಳು ಕೂಡಾ ಬೆಳೆಯುತ್ತದೆ ನನ್ನ ಸ್ನೇಹಿತರು ಕೂಡಾ ಇದೆ ತರಹ ನಿಮ್ಮ ಸಿನಿಮಾ ನೋಡಿದ್ದಾರೆ ಹಾಗೂ ಅವರು ಕೂಡಾ ಬೇರೆ ಅವರಿಗೆ ತುಂಬಾ ಚೆನ್ನಾಗಿ ಇದೆ ನೋಡಿ ಅಂತ ಮೊಬೈಲ್ ಅಲ್ಲಿ ಕಳುಸ್ತಾ ಇದ್ದರೆ ಇದು ನನಗೆ ತುಂಬಾ ಬೇಜಾರಾಗಿದೆ ಆದರೆ ದಿಯಾ ಸಿನೆಮಾ ತುಂಬಾ ಅಂದ್ರೆ ತುಂಬಾ ಚೆನ್ನಾಗಿ ಇದೆ ನನ್ನ ಕಣ್ಣಲಿ ನೀರು ತುಂಬಿದ್ದು ನಿಜ ಅದೀ ಪಾತ್ರ ಹಾಗೂ ದಿಯಾ ಪಾತ್ರ ತುಂಬಾ ಚೆನ್ನಾಗಿ ಮೂಡಿ ಬಂದಿದೆ ನನ್ ಮಾತಾಡಿದ್ದು ಸರಿ ಎನಿಸಿದರೆ ಕಮೆಂಟ್ ಮಾಡಿ ಧನ್ಯವಾದಗಳು,3
hatrale akige bindu gowda ge,2
who is here after 17 million nಕನ್ನಡ ಸಿನಿಮಾ ಬೆಳೆಯುತ್ತಿದೆ,0
super ri bro,0
awesome,5
i saw ashwathama,5
ನಮ್ಮ ಕನ್ನಡ ಹೀರೋಗಳ ಲೆವೆಲ್ change agide after kgf,0
brother u r awesome,5
super guru,0
super bro,5
super movi nanu nodidini,0
జ డ బ స అభ మ న,5
keli kadiruva bandhavarenbhuviyalli avana aritavarenyarilla bidi,0
m hlo bro,5
kannadadalli mado badlu hindinalli madidre superrhit agodhu,1
superrr shettrrre,0
ವಾವ್ ಸರ್ ನಿಮ್ಮ ಮಾತು ನೂರಕ್ಕೆ ನೂರು ಸತ್ಯ ಸೂಪರ್ ಸರ್,0
appu fan,5
ವಿಡಿಯೋ ನೋಡ್ತಿರುವ ಎಲ್ಲ ಕನ್ನಡಿಗರು ಲೈಕ್ ಮಾಡಿ,0
mallad beliyodu shata,2
haageye e onedu shikariya kathege nannadondu like erlapa,1
super super super sir,5
raja vishnuvardhana it s available only in kannada on amazon prime,0
yen sakkathagi helidri guru,0
malayalam singer,5
kumar guru nan movie na first week theater nalli nodde i liked movie and referred my friends to see movie ಯಾರು ನೋಡಲಿಲ್ಲ ಅಂಥ ಅಂದ್ರೆ ನಾನ್ ನೋಡಿಲ್ಲ ಪ್ರೋತ್ಸಾಹ ಕೊಟಿಲ್ಲ ಅಂಥ ಅಲ್ಲ ದಯವಿಟ್ಟು ನೋಡ್ಕೊಂಡ್ ಮಾತಾಡಿ ನಮ್ಗೂ mathadokke ಬರುತೆ,1
nija helbekandre ee song yako sync aagtilla movie trailer type ge,4
465 lashmika fans found,5
idu charitre shrustiso avatara rakshit shetty,0
those 850 dislikes are frome rashmika mandanna fans,3
d boss movie henge irli fans hatrikk maadtare pakka,0
nkn chindi rost guru,0
yalla sule makkalu jasti thu,4
music ultimate guru estu saari keldru kelbeku ansuthe,0
lv u rrr shetty super,5
ban tik tok,1
ಅಚ್ಚ ಕನ್ನಡ ಹಾಡಿಗೆ handsup ಎಂಬ ದೃಷ್ಟಿ ಚುಕ್ಕೆ,0
est movie li ede tara ede same scenes,1
full benki video,0
nanu film nodilla,1
ಈ ದರಿದ್ರ ಬಡ್ಡ್ಯತವ tiktok ನೋಡಿಯೆ ನಮ್ಮ ಮೋದಿಯವರು ಬ್ಯಾನ್ ಮಾಡಿದ್ದು ಗುರು,4
tiktok ben agbek bro,0
ರಶ್ಮಿಕ ರಕ್ಷಿತ್ ಶೆಟ್ಟಿ ಬೆಳವಣಿಗೆ ನೋಡಿ,4
so good boss,5
sᴛᴜᴅɪᴏ ᴍᴏᴠɪᴇs munde gottagutte,0
its miss guide,5
haaa nivu super bro i am big fan your voice,0
nija helbekandre ee song yako sync aagtilla movie trailer type ge,4
nayak ನಿನ್ ತುಲ್ಲಗೆ ಬಕಾರ್ಡಿ ಬಿಯರ್ ತುರ್ಕಾ,2
bjp jorapur ybsbjdis,5
ಶಾಸನ ವಿಧಿಸಿದ ಎಚ್ಚರಿಕೆ nಈ ಹಾಡು ನಿಮ್ಮ ಡೇಟಾ ಗೆ ಹಾನಿಕಾರಕ,1
kumar e ondu mathu saku bro kannada industry ge support,0
superb bro,5
nayak ನಿಮ್ಮ ಅಮ್ಮ ಹಾದರಗಿತ್ತಿ,3
song olle creze ide ivagle karaoke song uplode madi hadorige help agli sir,0
anna aa game yavdu,0
monster_kannada ಲೋ ಬೀದಿ ಸೂಳೆ ಮಗನೆ ನಿಂಗೆ ಅಷ್ಟು ತಾಕತ್ ಇದ್ರೆ ನೀನು ಒಬ್ನೆ ಅಪ್ಪನಿಗೆ ಹುಟ್ಟಿದ್ರೆ ನೀನ್ ಹೇಳೋ ನಿನ್ ತುಣ್ಣೆ ನಿಂಗೆ ಗಟ್ಟಿಗೆ ನಿಂತಿದ್ರೆ ನನ್ ಅಡ್ರೆಸ್ ಕೊಡ್ತೀನಿ ಬಾರೋ ಪಾರ್ಥಸಾರಥಿ,2
ಎಷ್ಟೇ ಆಗ್ಲೀ ಚಾಮಯ್ಯ ಮೇಷ್ಟ್ರ ಮಗ ಅಲ್ವ,0
ಇದೇ ತರ ಮೂವಿ ಬರಲಿ nಕನ್ನಡ ಚಿತ್ರರಂಗದಲ್ಲಿ nಬೆಳವಣಿಗೆ ತರಲಿ ಅನ್ನೋರುnಲೈಕ್ ಮಾಡಿ,0
super anna full gicha gili gili,0
super anna,0
songs are not needed,5
sakatag ede video brooo,0
alagi hogali bidu,1
yako le bartya baro takat idya,2
सर आप ल ग स न व दन ह आप छत त सगढ़ मध य प रद श इस तरफ़ ख द क ट क ज खर द ल ज य ज सम स र फ स उथ क डब म व ह चल ग आपस र क व स ट ह आप प स इन व स ट करक द ख छत त सगढ़ द र ग म तर ण ब ग स न म ख ल ह रह ह आप द र ग म इन व स ट कर सकत ह nफ र क य आप ल ग ध र ध र प र हर ज ल म 1 स न म घर आप अल ट करत ज न फ र द खन आपक हर म व क हम द ख सकत ह और अच छ ब जन स भ कर सक ग,5
nija 100 but aswastama antta heg kandiditare,1
sir avrudu bhashe yavdu a doctor bali yav bhashe matanadid,0
jai jawan jai hind,5
e story kelidre yent dukha kuda maribahudu very nice story,0
a new milestone in kannada movie,0
focus karnataka howdhu,0
rumble onde ond sari kelde nfirst time ashtond ishta aglillanmatte matte kelta idre nishta agta ide slowpoison,4
first karnataka dalli tamil and telugu cinema galile bedike kadime agbeku avarinda ne nam kannadakke e paristithi,1
ninnantha mabb sulemaklige intha film artha aagalla bido nimmouna,2
guru big fan agbitte nin logic nodi,0
kumar jaathi naayi banthu helu,2
soori anba song nodi bandavru like maadi,0
super duper song,5
super song,0
ನೀ ತುಲ್ಯ,2
ಸತ್ಯವಾಗಲು ಸರ್ ನನಗೂ ಕೂಡ ಹಾಗೆ ಅನಿಸುತ್ತಿದೆ ಕಂಡಿತ ನಾವು ಈ ಸಿನಿಮಾ ಥಿಯೇಟರ್ ನಲ್ಲಿ ನೋಡಲಿಲ್ಲ ಅನ್ನೋ ಬೇಜಾರು ತುಂಬಾ ಆಗಿದೆ,1
supper guruve liricys,0
according to my kannada hitttttttttttt song,0
tik tok nan shaaataaaaa,4
ನಾಲ್ಕು ದಿನಗಳಾದರೂ no 1 trendingನಲ್ಲಿ ಇದೆ ಈ ಜಾಗವನ್ನು ಯಾರಿಗೂ ಬಿಟ್ಟಿಲ್ಲ ಅಂದ್ರೆ ಅವ್ನ power ಹೇಗಿರಬಹುದು ಹೇಳಿ everybody now hands up,0
ಚಿನಾ ಎನನಾ ಉತ್ಪಾದನೆ ಮಾಡಲಿ ನಿನು ನಿನದೇಶ ಉತ್ಪಾದನೆ ಮಾಡಿದ ವಸ್ತುಗಳು ಉಪಯೊಗಿಸು ನಮ್ಮ ಗಿಂತ ದೊಡ್ಡದೆನು ಅಲ್ಲ ಭಾರತೀಯರನ್ನು ನಿನ್ನ ಅತಿ ಬುದಿವಂತಿಕೆಯಿಂದ ಕಿಂಚಪರಿಚಬೆಡ,2
kelly kannada da bagge sumne matadidre includes people too adu namgu naatutte,1
ಕೇಳಿ ಕರುನಾಡ ಬಾಂಧವರೆ,4
ಮೊಸರು ನನ್ನ ಮಗನ ಫಸ್ಟ್ ಟ್ರೋಲ್ ಮಾಡಿ ಬ್ರೋ ಮತ್ತೆ ಈ ಟಿಕ್ ಟಾಕ್ ಸೂಳೆಮಕ್ಕಳು ನ ತಿಕಹೊಡಿ ಬ್ರೋ,0
plz sir u r great,5
anna super aaegi magadheera videos entertainment new folder,0
superb song,0
indian no 1 bgm,5
ಅಭೀನಯ ಚಕ್ರವರ್ತಿ ಕರುನಾಡ ಕನ್ಮಣಿ ಅಭೀನಯ ಭಾರ್ಗವ ಕನ್ನಡ ಕಲಾ ಕುಸುಮ ಕರುನಾಡ ಸಿಂಹಾ ಬಾದ್ಷಾ ಕಿಚ್ಚಾ ಸುದೀಪ ಅಣ್ಣನ ಅಭೀಮಾನಿಗಳಿಂದ ಈ ಸಿನಿಮಾ ಶತದಿನೋತ್ಸವ ಆಚರಿಸಲಿ,0
parthasarathi,5
super bro agi roast madidira,0
oohegu meerida saahasa,0
p hwdu,0
nkn last dialogue lit,0
ಚಂದನ್ ಶೆಟ್ಟಿ ಟ್ರೊಲ್ ವಿಡಿಯೋ ನೀವು ನೋಡಿ ನೆಗಡ್ಡೆ ಇದ್ರೆ ನಾವ್ ಗ್ಯಾರಂಟಿ,0
guru e badyav heltirod bari sulu,2
devre olle avrge yak kasta kodtiya,0
yena lyrics guru,4
jaa dhinchak pooja ki songs dekh bollywoodiya,4
my favorite song,0
ivru helirodu antalla namma dharma shashtra helide ashwathhama chranjivi endu adre avru doctor manège hogidru adu doubt,1
uff kedu,3
super songs,0
gandu loafer jeena,1
k patil,5
super song great song,0
our kannada song on 1trending again,5
super bro,5
namma manigu banndidda ashwathama,1
namdu mind set hege andre,1
ನಿಜ್ವಗ್ಲೂ ಇದು ಸತ್ಯ ನಾ,0
jeevanadalli navu chenagiddaga baro sambandakkinta navu novinnali eddaga namma na a novinninda ache baro hage maduva sambandakke bele kodbeku so ninge ega arta aytu ankotini,2
estu dena yelli eddru guru e music director nsuper duper music,0
ರಿಮೇಕ್ ಮಾಡಿ ವರ್ಷಕ್ಕೆ ನೂರು ಸಿನಿಮಾಗಳನ್ನು ಮಾಡುವ ಬದಲು ವರ್ಷಕ್ಕೊಮ್ಮೆ ಸ್ವಮೇಕ್ ಸಿನಿಮಾ ಮೂಲಕ ಬರುವುದು ಉತ್ತಮ ರಕ್ಷಿತ್ ಶೆಟ್ಟಿ,0
ಮಸ್ತ್ ಇದೆ ಗುರೂ,0
chindi broiiii e munde maklige naman desha bakthi kammi sayor yelo saythare e bevrcgalige tiktok mukya anthe,4
ಯಪ್ಪಾ ನನ್ನ ಒಂದು ಕಾಮೆಂಟ್ 3ಕೆ ಲೈಕ್ ತಗೊಳ್ಳುತ್ತೆ ಆದರೆ ನನ್ನಂತ ಸಾಮಾನ್ಯ ಯೂಟ್ಯೂಬ್ ಚಾನಲ್ 3ಕೆ ಫಾಲೋವರ್ಸ್ ಮಾಡೋಕೆ ಕಷ್ಟ ಪಡ್ತಿದ್ದಿನಿ ನನ್ನ ಚಾನಲ್ ಅಭಿವೃದ್ದಿ ಮಾಡ್ತೀರಾ,0
jivanakke ondu holle adaara e togari tippana kate always anna nanu kuda sumatra baari kelta idde youtob nali nodi rumba santosha ayhatu anna,0
super bro sari yagi heldde,0
ಜೈ ಜೈ ಹೋ ಶ್ರೀಮಾನ್ನಾರಾಯಣ nnnn,0
ತುಂಬಾ ಅನುಕೂಲ ವಾದ ನಟರಿದ್ದಾರೆ ನಮ್ಮ ಇಂಡಸ್ಟ್ರಿ nallinಸುದೀಪ್sir ಪುನೀತ್ sir ಶಿವಣ್ಣ ಧರ್ಶನ್ ಸರ್ nಇಂತಹ ಹಿರಿಯ ಕಲಾವಿದರಿಗೆ ಬಿಸಿನೆಸ್ ಗೆ nಹೆಲ್ಪ್ ಮಾಡಿದ್ರೆ ಚೆನಾಗಿರೋಧು ಇನ್ಕ್ಲೂಡಿಂಗ್ syedh ಇಂದ್ರಜಿತ್ ಅವರಿಗೂ kooda ಸಹಾಯ ಮಾಡಬಹುಧಾಲ್ಲವೇ,4
i ll lol lo,5
ಅವನೇ ಶ್ರಿಮನಾರಾಯಣ ಸಿನಿಮಾಗೆ ಭಾರತದೆಲ್ಲೆಡೆ ಗೆಲುವು ಸಿಗಲಿ ಕನ್ನಡ ಸಿನಿಮಾ ಇನ್ನು ಬೆಳೆಯಲಿ ಜೈ ಬಿಗ್ ಬಾಸ್,0
ಎಷ್ಟು ಕೇಲ್ಲಿ ಗುರು ನಾನು ಇನ್ನೂ ಕೇಳಬೇಕು ಅನಿಸುತ್ತೆ all the best ಶೇಟ್ರೆ,0
i hv one doubt gay gu ivarigu en difference heli,4
ಬಾಯ್ ಬಡ್ಕೊಬೇಕು ಹಾಡು ಕೇಳಿದರೆ,0
kannada industry dodd actors ge tagolri film ge bere industry yavarna jasti dudd kott karkond bartira ellargu shame annsalva ede muttkond heli entavar est jana idaare,0
ah boss ee boss antha group katobadllu simple jeevna ne super,0
badekilla pradeep voice,5
super bro well said,5
ಬೇಡಾ ಈ ಕಚಡ ಶೋ ಗೇ ಬರೋದು ಬೇಡಾ ಸರ್,1
d vhhhk,5
ಗುರು ಉಪೇಂದ್ರ ಅವರ dialog super,0
love u shettre,0
evergreen song listalli idhu yavglu iratthe doudte illa,0
gangadhara mallurahalli n9980961172,5
supperb broo sakathagi helidira,0
heliro prati ondu point super brooo adrallu yaro obba yallo eno agidakke tiktok ban madavre anta helidnalla avnige saryagi uttara kottidira super nivu,0
rip to those 28k dislikers,3
yena editing guru,2
ಟ್ರೈಲರ್ ನೋಡುದ್ರೆ ಕ್ಯುರ್ಯಾಸಿಟಿ ತುಂಬಾ ಇದೆ ಸಿನಿಮಾ ನೋಡಬೇಕು ಚೆನಾಗಿರುತ್ತೆ ಅಂತ ಭಾವಿಸ್ತಿನಿ ಆಲ್ ದಿ ಬೆಸ್ಟ್ ಯಶ್ ಬಾಸ್ ಫ್ಯಾನ್ಸ್ ಕಡೆಯಿಂದ,0
i love you,0
bro yaarnu bidbedi tiktok uninstall aagovargu rost maadi prathiyobrunnu,3
entha song na dislike madtiralla loafer nan makkala thu nim janumakke,3
ಏಳ ನಿನ್ ಅಕ್ಕುನ್ ತಿಕಾ ನ ಕೈಯಾ,4
ನನ್ನ ಈ ಕಾಮೆಂಟ್ ಕನ್ನಡ ಚಲನಚಿತ್ರ ನಟ ನಟಿಯರು,4
song s1 idena,0
kannadadalli ee tara cinematography iro movies innu barli,0
thank you bhai,5
sholay makalu china,4
bh cu vg,5
s g mathapati tx fdxffxtzzxxxzsrf a su zh it doesn t sg it tsczdcgcxxdfc eats a cz dr suite dr se cz dr rtd cz xx rd x can could do tcx ft xxx zxxzzztsefxs dr se dr xdr de se d ctc rd xxyfxfxxxx ft the x dr zxxzzztsefxxs xttrzssz xxyfxfxxxx xx dr zzzzda xy 88888i xzxd xzxfzz ft xx tr regaxxrxfdcd dr xdzxcdd dr xx dxd ft xxx sxsw it c a xzx dr xxtx tx t xx xx ee xcx,5
promotion madilla guru adke jana bandilla,3
d yatheesh good job bro,5
dabba movie soo sad,4
duplicate video,4
seems like they are sallu muvi fans,3
modalella yellogidde ninu,0
up,5
pwoli saanam my,5
v p super voice,5
bro so nice videos,5
thank you bro,5
h jagavar 777 charlie barutte next,5
ಟ್ರೈಲರ್ ನೋಡಿ ಮೈಯೆಲ್ಲ ರೋಮಾಂಚನವಾಯಿತು ಪ್ರಜ್ವಲ್ ದೇವರಾಜ್,4
bindhu lowda na enu rost madu guru,2
akbar dhannur by jn in,5
prajwal devaraj,5
namma deshadalli somberigalu jaasthi,3
delete tiktok your details are also hacking chinese,4
dislike madiroru pakka rashmikha kadeyavare,3
anjali devi very nice,5
sir kudlard ereg yanna namskara and salute,0
kumar khare heldi,0
below average songs,1
thu sooolemagane bari star madya tandido kelsa madtiralo ibru kuda nam kannada actors ibrigu nam support yavaglu irutte nimmanta soolemaklu ibru madyaadali tandidtira,2
guru mast agi helidira,0
ಪ್ರೀತಿಗೋಸ್ಕರ ಪ್ರಾಣನೆ ಬಿಡ್ತಾರೆ,4
historynbefore sanvinafter shanvi,5
nijvaglu nivu tumbha great sir nimma antha ollevyakthi nodi devru idana antha prashne baruthe,0
nannu nimma fan sir,0
ಏಳ ನಿನ್ ಅಕ್ಕುನ್ ತಿಕಾ ನ ಕೈಯಾ,4
nee super guru,0
anna nin padha xerox kodanna,0
parthasarathi haa,5
i love u sir,0
gta 5 bro,5
ರಾಕಿಂಗ್ ಸ್ಟಾರ್ ಯಶ್ ಅಭಿಮಾನಿಗಳಿಂದ ಶುಭ ಹಾರೈಕೆಗಳು,0
hands up ಇದು ಚರಿತ್ರೆ ಸೃಷ್ಟಿಸೋ ಅವತಾರ althe best asn simple star ನ ಅದ್ಧೂರಿ ಅವತಾರ ಅವನೇ ಶ್ರೀಮನ್ನಾರಾಯಣ,0
bro ee devru yallru india davre na athava india bittu ogallva,4
ameer humza beldhaythu bro,0
unique signature step,5
sir madam ninmna once aldru meet mada beku,0
ಡಬ್ಬಿಂಗ್ ಡಬ್ಬ ದಬಾಂಗ್ ಬದಲು ಇಂತಹ ಅಪ್ಪಟ ಕನ್ನಡ ಚಿತ್ರಗಳಿಗೆ ಬೆಂಬಲ ಕೊಡಿ ಅಪ್ಪಟ ಕನ್ನಡ ಪ್ರೇಮಿಗಳೇ,0
barli guru innondu video sakaglilla begaaaaaaaaaaa,0
super song,0
ಮೆಲ್ಲನೆ ನಶೆ ಎರಿಸೊ ಹಾಡು,0
re release maadi matthe gellutthe,0
kannada chitrarangada hemme,0
hands up aadmele best songnn,0
e guru desapande ge remake bittu swamake madoke baralla nvishal mathu lakshmimenon tamil movie idu,2
tik tok ban agiddu,0
beautiful song,5
nija helbekandre ee song yako sync aagtilla movie trailer type ge,4
super agi akidya guru step nange eshta aithu dance nimge eshta aitha friends n,0
super entertainment movie,0
ultimate guru tik tok ಅವರ ಭವಿಷ್ಯ ನೇ ಹೇಳ್ಬಿಟ್ಟೆ,0
wow boss sariyagi helidhira but use madorige sariyagi heli next video,0
ನೀವೇ ಹೇಳಿರುವುದು100 ಪರ್ಸೆಂಟ್ ನಿಜ ಆದರೆ ಅಸಭ್ಯವಾಗಿ ಹೇಳದೆ ಸಭ್ಯವಾಗಿ ಹೇಳಬಹುದಿತ್ತು,0
ನಿನ್ನೆ ಅಷ್ಟೆ movie ನೋಡಿದೆ movie,0
parvagilla bidi bejar ilannam sandalwood navara manassu nim samudrakkinta vishalavagidenadakke we welcome you n like younwe like all culture,3
parthasarathi ಹಡಿತೀನಿ ಬಂದ್ರೆ ತುಲ್ಲರೆ no ಹಾಕೆ ಬೇವರ್ಸಿ,2
ondu muttinantha kathe iruva cinema,0
ಇನ್ನೊಂದು ಚರಿತ್ರೆ ಸೃಷ್ಟಿ ಸೋ ಸರ್ದಾರ,3
hoooo tik tok ban,4
ಈ ಸಾಂಗ್ ಕೇಳಿ ರಶ್ಮಿಕಾ ಮಾದಣ್ಣ ಎಷ್ಟು ಹುರ್ಕೊಂಡಿದಾಳೊ ಅವ್ಳಿಗೆ ಒಂದು ಐಸ್,2
china govt super fast agi land,0
manjumani yes really sure,5
waste of tym tiktok ban madbidbek,0
ಇವನೊಬ್ಬನ ಮುಂದೆ ಕನ್ನಡದ ಎಲ್ಲಾ ಟೀವಿ ಚಾನಲ್ ಗಳು ಮಂಡಿ ಯೂರಿ ಕುಳಿತು ಕಲಿತುಕೊಳ್ಳಬೇಕು,0
monster_kannada nim maneg bande iru ning hosa tengi sigtale 4monts admele soo be happy bro nim amman sule magne,2
making ತುಂಬಾ ಚನ್ನಾಗಿದೆ lyrics not good,3
gowda ninanthra elllide kithakoke mathe trimer chahrge ulsakke ee gimicks sule magne,2
ha sir kanada movie nam janane nodthaila,4
ellar mobile alli dia movie ide kanri theatre ge jana yake barthare heli yake online alli leak aythu movie nonline alli movie nosbodu andre jana bidthara heli neeve,3
ನಮ್ಮ ಕನ್ನಡ ಚಿತ್ರರಂಗದಲ್ಲಿ ಇರುವಷ್ಟು ಹೊಟ್ಟೆಕಿಚ್ಚು ಜನಗಳು ಬೇರೆ ಯಾವ ಭಾಷೆಯಲ್ಲೂ ಸಿಗುವುದಿಲ್ಲ ಎಂಥ ದೊಡ್ಡ ವ್ಯಕ್ತಿ ಮಗ ಇವರು ಅಶ್ವಥ್ ಸಾರ್ ನಮ್ಮ ಕನ್ನಡ ಚಿತ್ರರಂಗದ ಮೇರು ನಟರು ಅವರ ಮಗನಿಗೆ ಇದೆಂಥಾ ಪಜಿತಿ ನಮ್ಮ ಕನ್ನಡ ಚಿತ್ರರಂಗದಲ್ಲಿ ಯಾರಿಗೆ ಯಾರೂ ಸಹಾಯ ಮಾಡುವುದಿಲ್ಲ ನೂರಾರು ಕೋಟಿ ಹಣವಿದ್ದರೂ ಅವರು ಸ್ವಾರ್ಥಿ ಗಳಾಗಿರುತ್ತಾರೆ ಇದೇ ಕಾರಣಕ್ಕೆ ರಜನಿಕಾಂತ್ ಅರ್ಜುನ್ ಸರ್ಜಾ ರಂತಹ ಮೇರು ನಟರು ನಮ್ಮ ಭಾಷೆ ಬಿಟ್ಟು ಪರ ಬಾಷೆಗೆ ಹೋಗಿರುವುದು,0
slow poison song annoru like madi,0
ಇದು ಖಂಡಿತ ಚರಿತ್ರೆ ಸೃಷ್ಟಿಸೋ ಅವತಾರ,0
ur super sir but ಒಂದ hit movi kodi sir navu adakoskara kaetidivi,4
rocking kannada movie,0
song ಹೆಂಗೆ ಹೌದು ಹುಲಿಯಾ,0
tik tok sadegalu,4
where is hindhi song plz upload hi dhi version,0
manjunatha manju,5
yes you are gentlemen,5
rumble story ge ee song relevantag idya nee song bekagitta anta,1
hands up naaney sriman narayanan just felt like saying i am bond,0
ಈ ಹಾಡು ನೋಡ್ತಾ ಇದ್ರೆ ಶಂಕ್ರಣ್ಣ ನೆನಪಾಗ್ತರೆ,0
remake mado herogaliginthane thara swamake madoru bekunnam industry genremake yella wastenswamke is best,3
elru phone le nodthare manele adke yaru takis ge bandu nodthilla nanu kuda phone le nodiddu tam tam app inda ella new films dwld madkondu manele nodthare so adke yaru takis ge barthilla ansuthe,4
good content yaaradru parvagila,0
ಚಂದನ್ ಶೆಟ್ಟಿ ಟ್ರೊಲ್ ವಿಡಿಯೋ ನೀವು ನೋಡಿ ನೆಗಡ್ಡೆ ಇದ್ರೆ ನಾವ್ ಗ್ಯಾರಂಟಿ,0
modalu ninu pubj band madu nanu tik tok down load madilla nanu use made ella please delete from pubj,0
ಇದು ಚರಿತ್ರೆ ಸೃಷ್ಟಿಸೋ ಅವತಾರ,0
ಭಾವನಾತ್ಮಕವಾಗಿ ಕಾಡುವ ಸಿನಿಮಾ nಥಿಯೇಟರ್ನಲ್ಲಿ ಈ ಸಿನಿಮಾ ನೋಡಲಿಲ್ಲ ಎಂಬ ಬೇಜಾರು ಇದೆ,0
nabilal s ಕಗಬಜ,0
cp pls movie nodi ondu olle movie na mis madkolbedi,0
dislike madidavaru dagar rashimka fans,3
ನನ್ನ ಪ್ರಕಾರ ಈ ಫಿಲ್ಮ್ ಅನ್ನು re release ಮಾಡಸಬೇಕು,0
pu adu acchhagannada,0
ಕನ್ನಡ ಸಾಂಗ್ ಚರಿತ್ರೆ ಸೃಷ್ಟಿಸೊ ಅವತಾರ,0
olledu ond pan india movie madro sumne yak eneno madkondu,3
all industries are going hands up 27kke avanu bandaga,0
dana alla ok,0
yalla sule makkalu jasti thu,4
muccukondiro neenu ninna labaskoskara bogalbeda kendra sarakara mannu tinnuttiddara modige takattu ilva byan madakke,2
i am waiting bahi,5
superb song,0
rakshit shettre adbhuta kannada pada balike devara haage bandu kannada chitrarangavannu badukisuttiddiri,0
sorry sir nim yella video nan nodidini yeno manku badidu nodona hantha download madidde e video nodi delete madidini sir thanks,0
fan from andhra,5
you are true,5
yava game bro edu,0
vijaya prakash voice is superb just i cont yappa super super,5
ಪ್ರಪಂಚವನ್ನೇ ನಡುಗಿಸುತ್ತಿರುವ ಉಗ್ರವಾದ ಕರೋನಾಗೆ ಶಾಕ್ nರೂ 50,4
ajaneesh lokanatha sir nodiyo kaliyo arujuna janya,1
suprb acting yaar,5
ಬಿಟ್ಟ ಸ್ಥಳ ತುಂಬಿ __ ಶಟ,3
ಟ್ರೈಲರ್ ತುಂಬಾ ಚೆನ್ನಾಗಿದೆnಜೈ ಡಿ ಬಾಸ್,0
thankz bro troll alla bro roast,0
kannadada saaalugalu sakkatagiddave all the best natayana,0
nija bro kolithiro kobbari mukha ne inthavrinda ne first minus india ge,0
haageye e onedu shikariya kathege nannadondu like erlapa,1
ಈ ಸಿನಿಮಾ ಹೊಸ ಚರಿತ್ರೆ ಬರೆಯುತ್ತೆ ಅನ್ನೋರು ಲೈಕ್ ಕೊಡಿ,0
supar sir nevu,0
sir albede life enjoy madbedi mahabharata odi,0
nkn benki song asn,0
idu charitre shrushtrisuva avatara idu charithre shrushtusuva haadu,0
rip tik tok,0
parthasarathi gaandu sule magne hogi bucket du gaygf nodu adu bittu illi dboss annnabeda cheeti kalla fan,2
kachada nan nagini gane,4
200 ne like nande,5
tune at 2,1
views tumba kadime ide,1
ಚಿತ್ರತಂಡದ ಕಾರ್ಯ ಅದ್ಬುತವಾಗಿದೆ nಕನ್ನಡದ ಮೇರು ಚಿತ್ರಗಳ ಸಾಲಿನಲ್ಲಿ ಈ ದಿಯಾ ಚಿತ್ರ ನಿಲ್ಲಲಿದೆ nಎಲ್ಲಾ ನಟರು ತಮ್ಮ ಪಾತ್ರಕ್ಕೆ ಜೀವತುಂಬಿದ್ದಾರೆ,0
super anna,0
number 1 movie,0
gaali maathina bajaaru sudhi madide sumaaru,0
ಚಂದನ್ ಶೆಟ್ಟಿ ಟ್ರೊಲ್ ವಿಡಿಯೋ ನೀವು ನೋಡಿ ನೆಗಡ್ಡೆ ಇದ್ರೆ ನಾವ್ ಗ್ಯಾರಂಟಿ,0
sexy song guru,0
ನಮ್ಮ ದೇಶದಲ್ಲಿ ರಾಜಕೀಯ ದಲ್ಲಿ ಗೆಲ್ಲಲು ಈಗ ದುಡ್ಡು ಬೇಕಾಗಿಲ್ಲ ಪಾಕಿಸ್ತಾನ ಅಥವಾ ಇಸ್ಲಾಂ ಮೇಲೆ ಅವಾಜ್ ಹಾಕಿದರೆ ಅವನಿಗೆ ಪ್ರಧಾನಿ ಪಟ್ಟ ಕೊಡುತ್ತಾರೆn ನಮ್ಮ ಮೋರಿಗೆ ಮುಸಲ್ಮಾನರನ್ನು ಸಾಯಿ ಸೋದೆ ಅವರ ಅಭಿವೃದ್ಧಿ,1
parthasarathi ಎಷ್ಟು ರೇಟು ಒಂದು ರಾತ್ರಿ ಬ ಸಾಕು,2
film nodidmele ee song ge addict aadavaru like maadinyalllrigu thanks for 1000 likes,0
k k nimmayyi tulla hattava,2
who is pavan kalyan,5
its a swamake movie not remake,5
ಎಷ್ಟ್ ಜನ asn ಸಿನಿಮಾ ನೋಡಿದ್ದೀರಾ ಹೇಳಿ nಜೈ ಕನ್ನಡ,0
nayanappa s book,5
yes bro avaga song ajneesh sir voice alli ittu,2
bro niv helladu nija,5
ದಿಯಾ ರೀ ರಿಲೀಸ್ ಮಾಡಿ,0
joshi njaake karam johar ko pooch,2
le gubad likes inda aden sigutto nimgella olle bhikshukara thara like maadi like maadi andkondu,1
ನನಗೆ ನೀವ್ ಮಾತಾಡೋ ಸ್ಟೈಲ್ ತುಂಬಾ ಇಷ್ಟ ಅಣ್ಣ ಅದ್ರಲ್ಲು ಮಂಡ್ಯ ಭಾಷೆ ಉಪಯೋಗಿಸ್ತೀರಲ್ಲ ಮಸ್ತು ನಿಮಗೆ ಜಾಸ್ತಿ ಸಬ್ ಸ್ಕ್ರೈಬರ್ಸ್ ಆಗಲಿ ಹೀಗೆ ಅಚೀವ್ ಮಾಡಿ ಅಣ್ಣ ನಮ್ಮನ್ನು ಹೀಗೆ ನಗಿಸಿ ಧನ್ಯವಾದಗಳು ಅಣ್ಣ nಅಣ್ಣ ಆಂಗ್ಲ ಪದ ಬಳಕೆ ಗೆ ಕ್ಷಮಿಸಿ ಆಮೇಲೆ ನನ್ನ ಕಾಮೆಂಟ್ ನಾ ಹಾಕೊಂಡ್ ರುಬ್ಬುಟೀರ,0
sanjukuamar chatnale ಲಷಣ,0
basavaraj tambak lol peddha,2
ondu trailer cut madak saryag baralla trailet nodokke kasta agthide,3
super super super song,5
hands up with ಅವನೇ ಶ್ರೀಮನ್ನಾರಾಯಣ,0
super song bro,5
ayoo super annaaaa,0
thuu nachike annodhe elwa yella vishaya galu bare joke madkonde erthiralla loo change aagro ennu time edhe,3
ಅವನೇ ಶ್ರೀಮನ್ನಾರಾಯಣ ಚಿತ್ರವು ಶತದಿನ ಆಚರಿಸಲೆಂದು ಅಖಿಲ ಕರ್ನಾಟಕ ಪವರ್ ಸ್ಟಾರ್ ಅಪ್ಪು ಬಾಸ್ ಅಭಿಮಾನಿಗಳ ಕಡೆಯಿಂದ ಶುಭ ಹಾರೈಸುತ್ತೇವೆ ಕೆ ಮಂಜು ಆದಿವಾಲ,0
ಮೆರೆಯಲಿ ಗಗನದಲ್ಲಿ ನಿಮ್ಮದೇ ಲಾಂಛನಾ,0
extradnary talent from raksit setty e movie enadru kannada industrige hosa sandesha kodutte annoru like madi,0
ಸಾಹಸಸಿಂಹ ಅಭಿಮಾನಿಗಳ ಇಂದ ಆಲ್ ದ ಬೆಸ್ಟ್,0
aa bindu gowda nad innitar support madovrge hilieghtag troll madi bro life nal tiktok bagge matadbardu,2
nan tik tok account ne delete madi uninstall madidhini bro,0
ಈ ಸಿನಿಮಾ ರಿಲೀಸ್ ಆದ ಸಮಯ ಸರಿಯಿಲ್ಲ ಈ ತರ ಸಿನೆಮಾ ಸ್ಟೂಡೆಂಟ್ ಹಾಗೂ it ವಲಯದವರಿಗೆ ಹೆಚ್ಚಾಗಿ ಇಷ್ಟವಾಗುತ್ತಿತ್ತೇನೋ,3
ತಿಪ್ಪ ತಿಪ್ಪ ತೊಗರಿ ತಿಪ್ಪ,0
yentha shoot madbeka,1
ansodenu avrdu love merrid soo life ali obrigobru arta madkondu nambke na beliskondu prethina uliskondu chanagiri,0
ಇದು ಚರಿತ್ರೆ ಸೃಷ್ಟಿಸೋ ಅವತಾರ n ಕಲಿಯುಗದಲ್ಲಿ ಕನ್ನಡಿಗನೇ ಸಾರ್ವಭೌಮ,0
ಸೂಪರ್ ಅದ್ಭುತವಾದ ಸಿನೆಮಾ,0
devru guru neenu nsuper kannada da carry minati,0
super video,5
gauri keshav thookada mathu,0
ethu guru song endare,0
spr bro,5
nice super ತೊಗರಿ ತಿಪ್ಪ,0
super song,0
e movie pakka charitre shrustisuttade,0
ರಕ್ಷಿತ್ ಶೆಟ್ಟಿಯವರು ಎರಡನೇ ಕನ್ನಡದ ಕನಸುಗಾರ,0
superb song nange esta aytu,0
ಕೆಲವರು ಟಿಕ್ ಟಾಕ್ ಅಲ್ಲಿ ಫಿಲಂ ಡೈಲಾಗ್ಸ್ ಮಿಕ್ಸ್ ಮಾಡಿ ಸ್ವಾಮಿ ವಿವೇಕಾನಂದ ಎಪಿಜೆ ಅಬ್ದುಲ್ ಕಲಾಂ ಜಿ ಥರ ಆಡ್ತಾರೆ ಅವರನ್ನ ಹೀಗೆ ಬಿಟ್ಟಿದ್ದರೆ ಕಲಿಯುಗದ ಸರ್ವಜ್ಞ ಹಾಗಿ ಬಿಡುತ್ತಿದ್ದರು ಥ್ಯಾಂಕ್ಯೂ ಮೋದಿಜಿ ಟಿಕ್ ಟಾಕ್ ಬ್ಯಾನ್ ಮಾಡಿದ್ದಕ್ಕೆ,1
ಡಿ ಬಾಸ್ ಅಭಿಮಾನಿ nಸೂಪರ್ ಅಣ್ಣ,0
alagi hogali bidu,1
sachin tika yak urkolona swami swalpa naga bantu nakde tale mele yard hodidu buddi helona ankondde,0
ondu varshakke 3 movie tegyodu dod dalla mattu adralli ondu movie li hit kottu innerdu movie li flop adavara jothe hudugi hodi hogodalla 3 varshakke ondu super hit kottu avra personality ge dakke tarde hodre adunne success antha helboudu that is rakshit shetty love u bro olle time ittu ansutte innu olle hudugi sigli nimge haagodella holledakkenindirect yake helodu direct agi rashmika ge heliddu idu,2
anjali devi ಊಟ,1
vitthal ಹೋಗಿ ಸುದೀಪ್ ಹಳೆ interview ನೋಡು ಯಾರಿಗೆ ಫ್ಯಾನ್ following ಜಾಸ್ತಿ ಇದಾನೆ ಅಂತಾ ಅವ್ನೆ ಹೇಳಿದನೇ ಷಂಡ ಬಳೆಗಾರ,2
super bro l love song,5
bgm is superbb,5
ವಿಕಾಸ ನಾಟಿಕಾರ ಇವರು ಹರನಾಳದವರು ವಳ್ಳೆಯ ಕಥೆ,0
yaru thuldeepanna,2
super togari tippa,5
ಒಂದ ಮೂವಿ ಮಾಡೋಕೆ 7 ವರ್ಷ ಅದಕ್ಕೆ ಸರಿಯಾಗಿ ಆಗಿದೆ ಮುಂದೆ ಬೇಗ ಮಾಡಿ ಬಿಡಿ ಇನ್ನೂ ಇದನ್ನೇ analyse ಮಾಡ್ಕೊಂಡು 7 ವರ್ಷ ಕುತ್ಕೊಬೇಡಿ ನೋಡಿದ ಜನ anacin ಅಂತ ಇದಾರೆ ಆಬ್ಬ ಆಡಿಷನ್ ದಿಯಾ ಅಂತ ಒಂದು ಕಥೆ ಮಾಡಿ,1
ಇದು ಚರಿತ್ರೆ ಸೃಷ್ಟಿಸೋ ಅವತಾರ ಸೂಪರ್ ಸಾ೦ಗ್ ರಕ್ಷಿತ ಅಣ್ಣ ಸೂಪರ್ ಆಲ ದಿ ಬೆಸ್ಟ್ ಕಿಚ್ಚ ಸುದೀಪ್ ಅಭಿಮಾನಿಗಳ ಕಡೆಯಿಂದ,0
dance steps,5
kushi avare nimma mele thumba love aagide great acting,0
tiktok nan shata shata,4
ರಕ್ಷಿತ್ ಶೆಟ್ಟಿ ಪಿಲ್ಮ ಯಾರಿಗೆ ಇಷ್ಟಯಿಂದೆ ಅವರು ಲೈಕ್ ಮಾಡಿ ಪ್ಲೀಸ್,0
ಪಕ್ಕಾ correct ಆಗಿ ಹೇಳಿದಿರಿ ಅಣ್ಣ,0
hands up ಇದು ರಕ್ಷತ್ ಅವತಾರ,0
ನಮ್ಮ ದೇಶದ ರಾಜಕಾರಣಿಗಳು ಚಿಲ್ಲರೆಗಳು ನಿಜಕ್ಕು ಸತ್ಯ,3
back burn rashmika,3
bro superb keep doing,5
sir navu kannadadavru asn moviena nale release madidru nodthivi kgf rangege bere bhashelu promote madi modlu kannadadallanthu hit,0
prince yenu illa bro,0
kachada no 1 film thu nim mukakke taste ye illla badkobeku,3
bro nanage tumba bejar agide namm sainikar savinind china davargi buddi kalsek bro,0
ಸೂಪರ್ ಏತ ಆಗಿನ ಕಾಲದಲ್ಲಿ ಸೂಪರ್ ಸ್ಟಾರ್ ತೋಗರಿ ತೀಪ,0
avanesrimannarayana du background music bgm release madi sir,0
r u tok tok girl,0
ಕನ್ನಡ ಸಿನಿಮಾಗಳಿಗೆ ದಯವಿಟ್ಟು ಸಪೋರ್ಟು ಮಾಡಿ,0
ನಾನು ನೋಡಿ ಸತತವಾಗಿ 30 ನಿಮಿಷ ಕಣ್ಣೀರು ಹಾಕಿದ ಸಿನಿಮಾ,0
tik tok bevarsigalanna chaina gadiyalli chaddiyalli bomb ettu chaina kade odisa beku avaga sari agutte,3
sir nimm number kodi 2 minit matadabeku,0
jeevana channagi arta madkondeedare nnshankar ashwath avar nnice,0
menezes yes,5
very true bro,5
parthasarathi ನಂದಿನಿ ನಂದಿನಿ ನಿನ್ ಕೊಜ್ಜೆ,2
love you sir,5
promotions madro illa 3 varsha kasta pattiro du waste sgbardu,0
yes bro avaga song ajneesh sir voice alli ittu,2
idu idu 1 56 actually bekagiddu osm music,0
parthasarathi ಉರ್ಕೊಂಡು ಊರ ಬಿದ್ದರು ಅಂದ್ರೆ ತಿಕ ಕುಡ್ಕೊಂಡು ಕಾಮೆಂಟ್ ಮಾಡಕ್ ಬಂದಿದ್ದೀರಾ,2
like kiccha fans,5
don t dislike,5
comedy aggie nodorige comedy nee,4
gowda tan q sister,5
ಯುದ್ಧ ಮಾಡಬೇಕು ಓದಬಾರದುnಕಟುಕರ ಮುಂದೆ ಭಗವದ್ಗೀತೆ nnಇದು ಚರಿತ್ರೆ ಸೃಷ್ಟಿಸೋ ಅವತಾರ ರಕ್ಷಿತ್ ಅವರದ್ದು,0
ನೀವು ಈ ತರ ಪ್ರಯೋಗಾತ್ಮಕ ಮೋವಿಗಳನ್ನೆ ಮಾಡಿ ನಿಮ್ಗೆ ಈ ತರನೆ ಸೆಟ್ ಆಗೋದು,4
sup bro,5
ಬಿಂದು ಗೆ ಹೂಡಿ ಮೇಟ್ನಗೆ ಟಿಕ್ಟಾಕ್ ಗೆ ಹುಟ್ಟಿದ್ದುಅನ್ನೂಗೆ ಹೇಳ್ತ್ತಳೆ ಸೂಪರ್ ಗೆ ವಿಡಿಯೋ ಮಾಡಿದ್ದಿಯಾ ಗುರು i love india,2
super song,0
hindi de re baba,5
ಸೂಪರ್ ನಾಯಕ,0
ಚಂದನ್ ಶೆಟ್ಟಿ ಟ್ರೊಲ್ ವಿಡಿಯೋ ನೀವು ನೋಡಿ ನೆಗಡ್ಡೆ ಇದ್ರೆ ನಾವ್ ಗ್ಯಾರಂಟಿ,0
we support swamake movies,5
ಆತ ಬರುತ್ತಾ ಅಲ್ಲಾ,0
ಹಲೋ ಸರ್ ಅಪ್ಪಾಜಿ ತರ ಅದ್ಭುತ ಪಾತ್ರಗಳನ್ನು ನಿರ್ವಹಿಸಿ ಖಂಡಿತ ಯಶಸ್ವಿ ಆಗ್ತೀರಾ,0
happy to ban china app bloody tiktok,5
super song anjanish lokanath vijaya prakash rashkit shetty,0
tag it to bindu lowda avalammana thikana kheya,2
nandini parthasarathi ascar just miss n,2
thanks ellakade link sher madi ntukali kushmikage hattiro kobbanna elisi,4
sharanappa hosur ঐযয,5
nim dhesh bakthi ge sallut bro i like you,0
super movie i like it,5
super movi yallru nodi tumbba tumbba istavada movi,0
ರಕ್ಷಿತ್ ಶೆಟ್ಟಿ nಅವನೇ ಶ್ರೀ ಮನ್ನಾರಾಯಣ,0
hindi yalli distribution madore illa ouda,5
ramesh snakannanavar wey,5
y gdeepak,5
ಅಭಿನಯಚಕ್ರವರ್ತಿ ಕಿಚ್ಚಾ ಸುದೀಪಣ್ಣ ಫ್ಯಾನ್ಸ್ ಸಪೋಟ್ ಇನ್ ಅವನೇ ಶ್ರೀ ಮನ್ನಾರಾಯಣ ಮೂವಿ,0
pranjali raj nija boglu ninu kannadiga alva,2
ಚಂದನ್ ಶೆಟ್ಟಿ ಟ್ರೊಲ್ ವಿಡಿಯೋ ನೀವು ನೋಡಿ ನೆಗಡ್ಡೆ ಇದ್ರೆ ನಾವ್ ಗ್ಯಾರಂಟಿ,0
gouli baya yake bro follow madi astondu kettoralla navu,0
anil nimmappa alvenro,4
ವಾವ್ ಶೆಟ್ರೇ ಅದ್ಭುತ,0
ದೂಳು ಮಗಾ ಸಾಂಗ್,1
ಟಿಕ್ ಟಾಕ್ ceo n ಭಾರತದಲ್ಲಿ ಅತಿ ಹೆಚ್ಚು ಸೋಮಾರಿಗಳಿದ್ದಾರಾ ಹಾಗಾಗಿ ಟಿಕ್ ಟಾಕ್ ಅನ್ನು ಬಳಸುತ್ತಿದ್ದಾರೆ ಅಂತn ಸೊಕ್ಕಿನಿಂದ ಅತಿ ಕೇವಲವಾಗಿ ಮಾತಾಡಿದರೂ ಕೂಡ ನಾಚಿಕೆಗೆಟ್ಟ ನಮ್ಮವರಿಗೆ ಬುದ್ಧಿ ಬಂದಿಲ್ಲ,3
ಹಾಡು ತುಂಬಾ ಚೆನ್ನಾಗಿ ಇದೇ ಹುಲಿಯ nಇದೇ ಡಿಸೆಂಬರ್ 27 ಕ್ಕೆ ಮೂವಿ ತೆರೆಗೆ ಬರ್ತಿದೇ ಯಲ್ಲ ಹಳೆ ರೆಕಾರ್ಡ್ ಗಳ್ ಗೆಲ್ಲ rip ಬರ್ತಾ ಇರೋದು ನಮ್ಮ ಹುಲಿಯ,0
anna super anna,0
ಹಾಡಿನ ಬರವಣಿಗೆ ತುಂಬಾನೇ ಚೆನ್ನಾಗಿದೆ nಚರಿತ್ರೆ ಸೃಷ್ಠಿಸೋ ಅವತಾರ,0
anil nimmappa alvenro,4
kannada na ond range ge tagond hogide rakshit ravara e film opkoloru like here,0
rashika mandhana nodu namma kannadada tiger naa,0
u missed devarakonda,5
nija kano adhu neevgalu kathe katkondirodu alla alla antha,3
nejwad deushya torishi eg heliddu,3
trending in no 1,0
pruthvi avre nim acting super,0
nakkan idhu idhu roast andhery,0
yuddha maadabeku oodabaaradu katukara mundhe bhagavadgeethe great lines,0
nice kalaa ncontinue madu,0
duplicate video,4
rashmika tunnanna nge max 5 years tym bt shetty ge innu 20 ys tym ide rakshith shetty belibeku annoru movie nodi,2
esta adre mele like button ede kodtare bidapa,0
bro nneen este roast madudru china ne beku anthare ivrnella gun thagond shoot madbeku aagadru india dalli eetara desha virodhi galu sattadru saythare nin video nodi actually innondsari tiktok alla mbl muttoku nin permission kelbeku ninnond strong aagi video madu guru,4
vitthal ಲುಚ್ಛನ್ ಫ್ಯಾನ್ಸ್ ಉರ್ಕೋತಾವ್ರೆ d boss ಬೆಳಿಯೋದು ನೋಡಿ ಕಂಜೂಸ್ ನನ್ ಮಕ್ಳು ಸೇಮ್ ಅವುನ್ ತರ ನೇ msg ಮಾಡ್ತಾವ್ರೆ ಸರಿ ಬಿಡಿ ಅಂತಾ ಸೇಮ್ ಡೈಲೌಗ್ ಲುಚ್ಚಾ ಹೇಳ್ತಾನೆ ಸರಿ ಬಿಡಿ ಅಂತಾ lol,3
totally nimmamman shaata,2
dboss thara ivnu jana galisoke dodda dodda dialogue bidalla media munde rakshit na avnge holisbedi,3
kantirava nsame ninnu eno bekunnkgf song listen nesto powerfull idennella languagenna nattract maadidenbut idu,0
vp sir super singing,5
corrcet aghi baydidira doddhu hero thara adthare thu,3
all the best ಅವನೇ ಶ್ರೀಮನ್ನಾರಾಯಣ ಟೀಮ್ ರಕ್ಷಿತ್ ಶೆಟ್ಟಿ ಸರ್ frm ಯಶ್ ಬಾಸ್ fan,0
supper song nanna maga feverte song,0
always unique great,5
duplicate video,4
ಮನೆಯಿಂದಲೇ ಸಂಪಾದಿಸಬೇಕೇ with income proof whatsapp 6362806874,1
fab boss,5
flop disaster film is on the way nಇದ್ ಎನ್ ಸಾಂಗ್ ಕುಲವ ಗುರು ಡಬ್ಬ ಸಾಂಗ್,4
kannadiga ok bro,5
kannada film industry avaru sir solpa nodi rii yen madta ididra inta ashvath sir avara maga ondu sanni veshe dalli kalsa kodi,0
kumar eno bale pan e rangege urkondidiya ninge urdiro ranagge burnol ella agbaralla keralakko kollegalakko hogi nin thikke shaanthi madsu jotege nim balegaran karkond hogi thikke 2 chakkotha katsu next kaddi pileswan ge balance agutte enanthira bale pans now bale pans reaction hakro steppu,2
rakesht shetty is super,5
movie nija chanagila guru,3
super anna enu ugiri chanagi,0
ಇದು ಚರಿತ್ರೆ ಸೃಷ್ಟಿಸುವ ಸಿನಿಮಾ ಎಂದು ನಂಬುವವರು ಲೈಕ್ ಮಾಡಿ,0
iddane idu nanna nabike,2
ಮ್ಯೂಸಿಕ್ ಡೈರೆಕ್ಟರ್ ಗೆ ಒಂದು ದೊಡ್ಡ ಸಲಾಂ ಯಾವುದೋ ಲೋಕಕ್ಕೆ ಹೋಗಿ ಬಂದಂಗಾಯ್ತು ನಿಜಕ್ಕೂ ಸಂಗೀತ ಮಾಂತ್ರಿಕ ಅಂದ್ರೆ ಇವ್ರರೆ,0
ವಿಶ್ವಗುರು ಬಸವಣ್ಣನವರ ಆಪ್ತ ಕಾರ್ಯದರ್ಶಿಯಾಗಿದ್ದ ಶ್ರೀ ಹಡಪದ ಅಪ್ಪಣ್ಣನವರ ಇತಿಹಾಸದ ಬಗ್ಗೆ ತಿಳಿಸಿ ಸರ್,0
nana support ninna ge erote bhi nbut nice video good luck anna,0
ನಮ್ಮ ದೇಶದಲ್ಲಿ ರಾಜಕೀಯ ದಲ್ಲಿ ಗೆಲ್ಲಲು ಈಗ ದುಡ್ಡು ಬೇಕಾಗಿಲ್ಲ ಪಾಕಿಸ್ತಾನ ಅಥವಾ ಇಸ್ಲಾಂ ಮೇಲೆ ಅವಾಜ್ ಹಾಕಿದರೆ ಅವನಿಗೆ ಪ್ರಧಾನಿ ಪಟ್ಟ ಕೊಡುತ್ತಾರೆn ನಮ್ಮ ಮೋರಿಗೆ ಮುಸಲ್ಮಾನರನ್ನು ಸಾಯಿ ಸೋದೆ ಅವರ ಅಭಿವೃದ್ಧಿ,1
vitthal ನಿಮ್ಮ ಅವ್ವ ಹಾದರಗಿತ್ತಿ ನಿನ್ ದೊಡ್ಡ ಷಂಡ,2
ತುಂಬಾ ಚೆನ್ನಾಗಿ ಬೈದ್ರಿ ನಿಮ್ಮ ಒಂದೊಂದು ಮಾತು ಮುತ್ತಿನಂತದ್ದು,0
ಕ್ಷಮಿಸಿ ಒಳ್ಳೆಯತನಕ್ಕೆ ಇಲ್ಲಿ ಬೇಲೆ ಇಲ್ಲ,0
anna intha kachada nahigallna roast madodralli tapenilla asn dialogue daritapdhorna kshamisbodhu thap daari hiddhornallla nim jothe iddhivi anna,4
ಈ ತರಹ ಒಳ್ಳೆಯ ಕಾಂಸೆಪ್ಟ್ ಇಟ್ಕೊಂಡ್ ಮೂವಿ ಮಾಡ್ರಪ್ಪ ಕಿಸ್ ಮಾಡೋದು,0
paramatma sumne irappa loss agoke avar en bikari ella neev olle thukali build up kodta idira sumne,2
majestic alli mobile and money kaltana mado sule makla nodi kalthkoli shankar sir na shankar ashwath sir inspiration to all,1
ಏನು ಬರಿ ಕತ್ರಿನಾನ ಮಾತ್ರ ಜೋಕಾಲಿ ಅಡಿಸಬೇಕಾ ನಮ್ ನಾರಾಯಣ ಯಾರಿಗೂ ಕಡಿಮೆ ಇಲ್ಲ 1,0
super duper song,5
1st telegram app close madsi amele ella bartare,3
parthasarathi ಲೆ ಲೋಫರ್ ಮುಂಡೆ ನಂದಿನಿ ಮನೇಲಿ ಹೇಳ್ಬಿಟ್ಟು ಬಂದಿದೀಯ ತಾನೇ ತು ಲೋಫರ್ ಮುಂಡೆ ಯಾಕೆ ಬೇಕೂ ನಿಂಗೆ ಇವೆಲ್ಲಾ ಹಾದರಗಿತ್ತಿ,2
super voice sir,5
same here too hyderabadi kannadiga,5
ಬರೀ adds bartave,1
bigg boss allu avane srimanarayna,0
nagarjuna avaru lyrics bardirodhu,0
monster_kannada ಲೋ ಗಾಂಡುಗೆ ಹುಟ್ಟಿದ ರಂಡಿ ಮಗನೇ,2
yes bro,5
ಈ ಸಾಂಗ್ ಚನ್ನಾಗಿದೇ,0
avra manelli yavagadru hoddu sayisudre gottagutte kittod nan maklige tik tok yak ban madbeku andorge saryagelidira bro,3
ನಾನ್ ಸಬ್ಸ್ಕ್ರೈಬ್ ಮಾಡಿದೆ,0
chindi,4
ಹೊಸ ಪ್ರಯತ್ನ ಚೆನ್ನಾಗಿದೆ,0
ಪ್ರೀತಿಗೋಸ್ಕರ ಪ್ರಾಣನೆ ಬಿಡ್ತಾರೆ,4
jai kannada jai india,0
setty illi gojjekesari yash du nayinu musalla,2
ಟೃಂಡಿಂಗ್ ನಂಬರ್ 1,0
super age ede,0
ನಮ್ಮ ದರ್ಶನ್ ಸರ್ ಪ್ರೆಸ್ ಮೀಟಲ್ಲಿ ಹೇಳಿದರು ಇಂಥ ಸಿನಿಮಾಗಳನ್ನು ನೋಡಬೇಕು ಅಂತ ಕಂಡಿ ವಾಗಿಯೂ ಸಿನಿಮಾ ನೋಡುತ್ತೇವೆ ದರ್ಶನ ಅಣ್ಣ,0
good job,5
nnkeli kadiruva bandhavarenbhuviyalli avana aritavarenyarilla bidi,0
hauda angadre hogi avn tunne unnu,1
sᴛᴜᴅɪᴏ ᴍᴏᴠɪᴇs boli magane nin appan third a,2
ಬೀದಿ ಕಸ ಗುಡಿಸಿ ತನ್ನ ಮಕ್ಕಳನ್ನ ias,3
gta 5 bro,5
ದೇಶ ಬದಲಾವಣೆ ಆಗಬೇಕು ಸರ್,0
evnoba sade banda illi,2
ಶುದ್ದ ಕನ್ನಡದ ಸಂಗೀತಕ್ಕೆ ಸಾಮಾನ್ಯ ಕನ್ನಡಿಗ ನಿಂದ ಧನ್ಯವಾದಗಳು,0
sir chinag takkar kodo innond deshaneilva prapanchdalli,0
ನಮ್ಮ ದೇಶ ಹಾಗೆ ಹೀಗೆ,0
ಪ್ರಮೋಷನ್ ಕೊರತೆ ಇತ್ತು ದಿಯಾ ಸಿನಿಮಾಗೆ ಅದ್ಭುತ ಕನ್ನಡ ಚಿತ್ರ,1
i like you guru,0
goudar ಮೊದಲು ಕನ್ನಡವನ್ನು ಸರಿಯಾಗಿ ಟೈಪ್ ಮಾಡುವುದನ್ನು ಕಲಿರಿ ಆಮೇಲೆ ಧರ್ಮದ ಉಪದೇಶ ಮಾಡಿ plzzzzzz,2
paramatma sumne irappa loss agoke avar en bikari ella neev olle thukali build up kodta idira sumne,2
hahaha sisya yavano nin mobile hegrisidane antha kansutte hahahaha,0
jai rakshit shetty,5
rajesh rao yeap bro,5
loude illu nim sade fans giri shuru madudra olle movie ge support everyone best in their part thu nan makla nimantavrindane innu kannada industry explore agtilla,3
αll thє вєѕt frσm drugѕ вσѕѕ fαnzzz,0
kadak,5
guru nin super guru osm voice guru nindu,0
entha song na dislike madtiralla loafer nan makkala thu nim janumakke,3
ನಿಮಗೆ ಒಲೆಯದು ಆಗಲಿ ಸಾರ್,0
babu anna thappu thilibedi i appreciate your kind nature jai kannada happy sunday,0
ದಿನಾಲೂ ನೋಡರ ಲೈಕ್ ಮಾಡಿ,0
who is here after 300k likes,0
sir nivu news helida hage heltiri sir,2
en song ide,0
nani kannd movie,5
ಹಾಡು ಯಾರಿಗೆ ಇಷ್ಟ ಆಯ್ತು handsup,0
ಲೋ ಫಸ್ಟ್ ನೀನು ಒಳ್ಳೆ ಮಾತನಾಡೋ,2
illa guru ashwatama na bhaashe ivrige barutte ansutte,0
parthasarathi ಮುಚ್ಚಲ್ಲೇ ಮರಿ ದೊಡ್ಡಬಳ್ಳಾಪುರ ಇತಿಹಾಸ ಏನೋ ಗೋತು ರಾಜಕಮಲ್ ಗೆ ಸಿನಿಮಾ ಹೊದ್ರೆ ಕ್ಲಿನ್ ಇಲ್ಲ ವಾಸನೆ ಸರಿಯಾದ ಮೆಂಟೇನ್ಸ್ಸ್ ಇಲ್ಲ ಅವಾಗ ಕನ್ನಡ ಸಿನಿಮಾ ಹಾಕೋಡ್ರ್ಲ್ಲಿ ನಮ್ಮಗೂ ಇಷ್ಟ ಇತ್ತು ತೆಲುಗು ಸೈರ ನರಸಿಂಹ ರೆಡ್ಡಿ ಹಾಕಿಡೋನೋ ರಾಜಕಮಲ್ ಮರ್ಯಾದೆ ನೋ ಹೋಯಿತು,2
yen film guru super,0
ಇನ್ನು ನಮ್ಮ ಗೇ ಕಾಣದೆ ಏನೇನು ಇದೆಯೋ ಇಲ್ಲವೋ ಎಲ್ಲಾ ಕೃಷ್ಣ ನಿಗೆ ಗೊತ್ತು,0
win 12 ನಿಮ್ಮ ಕನ್ನಡ ಪ್ರೇಮಕ್ಕೆ ಧನ್ಯವಾದ,0
abhi ಏನ್ ಡೈಲಾಗ್ ಪಾ,0
shapaa kottavane krishna avre ivaga badhukilla anthavreee,1
o trending 1,5
ಇಂತಹ ಒಳ್ಳೆಯ ನಟನಿಗೆ ಅಭಿನಯದ ಅವಕಾಶಗಳು ಯಾಕೆ ಸಿಕ್ತಿಲ್ಲಾ ದಯವಿಟ್ಟು ಧಾರವಾಹಿ ಗಳಲ್ಲಿ ಅವಕಾಶ ನೀಡಿ,0
to l ok i oooo havana it ok poop ok ok look like to do ok i ll i,5
ನಿಮ್ಮ ಅಮ್ಮನ್ ತುಲ್ಲು,2
ಇದು ಚರಿತ್ರೆ ಸೃಷ್ಟಿಸೋ ಹೊಸ ಅವತಾರ ಸರ್ ನಿಮ್ಮದು,0
concentrate on hindi promotion sir,5
samaj mai kuch nahi aaya i am from maharashtra par majaa aa gaya hero kaafi talented hai,5
bro nanu kichcha fan bro,0
super nimdu thuppu ella correct agi helidira,0
bharatha dali jathi padathi meljathi kiljathi erovarege development sadyane ella and lancha black money erovarege udara agalla reservations erovarege bharatha udara agala innu development kanasina mathu china dali latest political parties kiri kiri ella mathe munduvarida desha but bharatha china ke compare madidare thumba hinde ede bharatha munde barbekadare political onde erbeku or president adikara erbeku reservation ban agbeku meljathi kiljathi ban agbeku lancha ban agbeku thappu madidavarige kattina shikshe agbeku saudi thara amele bharatha udara aguthe,0
ಸ್ವಾಭಿಮಾನಿ ಶಂಕರ,0
ಥೂ ನಿಮ್ಮ ಮೊದಲು ನಮ್ಮ ದೇಶ ನಮ್ಮ ದೇಶಕ್ಕೋಸ್ಕರ ಬದುಕಿ ಚೀನಾದವರ ನೀವು ಚೀನಾದ ಅವರಿಗೋಸ್ಕರ ಬದುಕಬೇಡಿ ನಮ್ ದೇಶ ನಮ್ ನಾಡನ್ನು ಬೆಳೆಸಿ ಮೊದಲು,3
tik tok shata,3
diya thumba chennagide ondu olle prayathna movie kone vargu sinimada ondu bhagavagi ondu olle feeling nalli movie na nodthidde but kone seen nijakku ishata aglilla tragidi ishtondu bekitta ellara manisige ishta ada adi na sayisbekitta so last seen nodida thakshna alliyavaregu idda feel pat antha maya agi edenu heeg madudru ansuthe,3
tennis krishna fans hit like,5
avinash bere language movies na beggers thara nodo kachda janagal irovargu kannada movies ge bele iralla bro,4
ದೃಷ್ಟಿ ನನ್ನೋಬ್ಬನ ಮೇಲಿಡಿ ತಪ್ಪದು ನಿಜ ಮನರಂಜನೆ film nodo munchene ee song ista adavaru like madi,0
thanks for likes,5
last scene nali spoon ogediddu rishab shetty na,0
supar sangs,5
kannadada carrynಹೊಡಿ 9,0
hauda angadre hogi avn tunne unnu,1
wonderful movie osm,0
i have listened 1st time ok ok,1
day ge 600k views nen haavli guru,0
ಇಂತಹ ಮಹಾನ್ ವ್ಯಕ್ತಿಯ ಸಂದರ್ಶನ ಮಾಡಿದ ನಿಮ್ಮ ಚಾನೆಲ್ಗೆ ತುಂಬಾ ಧನ್ಯವಾದಗಳು,0
super song like is sing,0
chandra ನಾವು ಉಡುಪಿ ಕಡೆಯವರೇ,0
super super song,5
signature step,5
ನನ್ನ ಪ್ರಕಾರ ಸಿನೆಮಾದ ಹೆಸರಿನ ಬಗ್ಗೆ ಇನ್ನಷ್ಟು ಗಮನ ಹರಿಸಬೇಕಿತ್ತು ಅನ್ನಿಸುತ್ತಿದೆ,3
ಚಿತ್ರರಂಗದ ಧನಿಕರು ಎಲ್ಲಿದ್ದಿರ ನಾಲ್ಕು ಜನ ಸೇರಿದರೆ ಸಾಕು,0
superrŕrrrrr super vice sir,0
nama kannada channel dinesh ss स स प प र,0
movie supper sir,5
chinna app delete madi pla,4
super song guru,0
ಇದು ಚರಿತ್ರೆ ಸೃಷ್ಟಿಸೋ ಅವತಾರ,0
ಚಂದನ್ ಶೆಟ್ಟಿ ಟ್ರೊಲ್ ವಿಡಿಯೋ ನೀವು ನೋಡಿ ನೆಗಡ್ಡೆ ಇದ್ರೆ ನಾವ್ ಗ್ಯಾರಂಟಿ,0
superb song,5
ಹೌದೋ ಹುಲಿಯ,2
sudha avaru devategalu devategalige ella bhashe barutte,0
p k baby swathi,5
i love u appaji,5
edellaa aagabeku andre prajakiya aadalitakke barabeku,0
guru e badyav heltirod bari sulu,2
bgm sound super song super,5
ಕೇಳಿ ಕರುನಾಡ ಬಾಂಧವರೆ,4
ನಿಮ್ಮ ಅವ್ವ ರಂಡಿ,2
tippa andra tippa togari tippa,0
ಇದು ಚರಿತ್ರೆ ಸೃಷ್ಟಿಸೋ ಅವತಾರ nಅವನೇ ಶ್ರೀಮನ್ ನಾರಾಯಣ,0
paaapa konegu tik tok hoythu nayigal boglod kadme aythu,4
parthasarathi ನಂದಿನಿ ನಂದಿನಿ ನಿಮ್ಮ ಅವ್ವ ಬಸುರಿ,2
nachike agtide nange enthado dod dod heros movi chennagildiddruu odtave,4
tiktok ban ಆಗಿ ಒಳ್ಳೆಯ ದು ಆಯಿತು,0
thankz bro ದೊಡ್ಡ ಮಾತು,0
ಕಳಪೆ ವಸ್ತುಗಳ್ನು ಉತ್ಪದಾನೆ ಮಾಡಿ ಬೇರೆಯವರ ಹೊಟ್ಟೆಮೇಲೆ ಒಡಿಯೋದು ತಪ್ಪಲ್ವ,1
movie super and climax chapper,5
super bro nin ello erbekithu,0
dubbing madidare song agodilaa 100 million,1
namma janagalige taste illa avrige fighting,1
bindu gowda ನಿನಗೆ ಹೇಳ್ತಿನಿ ಕೇಳು tiktok ಮಾಲೀಕ ನಿಂಮತವರಿಗೆ ಅಂತಾನೆ ಈ app ಮಾಡಿದ್ದಾನೆ ಕೆಲಸ ಇಲ್ಲದೆ ಕಾಲಿ ಇರೋರಿಗೆ ಅಂತ ನಮ್ಮ ದೇಶಕ್ಕೊಸ್ಕರ ಒಂದ app delete ಮಾಡೋಕೆ ಆಗಲ್ಲ ಅಂದ್ರೆ ನಿನಗೆ ತೂ,2
togari tippa story super,0
idu charitre baryuva narayana,0
sir pakka news edhu prradhana manthrri modhe noddbeku ashtty sir,0
ಚೈನಾ ಮಾಲ್ ಗಳ ಉತ್ಪಾದನೆ ರಫ್ತು ಹಾಗೂ ಮಾರ್ಕೆಟಿಂಗ್ ಬಗ್ಗೆ ಎಲ್ಲಾ ಮಾಹಿತಿ ನಿೇಡಿದ್ದಿೇರಿ ನಮನ,0
so 374 jana rashmika fans music video nodidare illi ವರಗೆ,0
dboss thara ivnu jana galisoke dodda dodda dialogue bidalla media munde rakshit na avnge holisbedi,3
ಚಂದನ್ ಶೆಟ್ಟಿ ಟ್ರೊಲ್ ವಿಡಿಯೋ ನೀವು ನೋಡಿ ನೆಗಡ್ಡೆ ಇದ್ರೆ ನಾವ್ ಗ್ಯಾರಂಟಿ,0
amar prasad com,5
super song i like it so much,0
delete tiktok your details are also hacking chinese,4
ಪ್ರಮೋಷನ್ ಕೊರತೆ ಇತ್ತು ದಿಯಾ ಸಿನಿಮಾಗೆ ಅದ್ಭುತ ಕನ್ನಡ ಚಿತ್ರ,1
plz rerelease movie again,5
bro yav ooru nivu,0
jana theatre ge bandilla aadrinda collection kadime aagide,1
ಬೇಡಾ ಈ ಕಚಡ ಶೋ ಗೇ ಬರೋದು ಬೇಡಾ ಸರ್,1
let s pray,5
rakshit shetty we love you so much,5
ಅಚ್ಚ ಕನ್ನಡ ಸಾಂಗ್ ಸೂಪರ್,0
ಉಳಿದವರು ಕಂಡಂತೆ ಪಾರ್ಟ್ 2,0
super movie 200days paka super guru see once dis movie,0
idu avane sri man narayan,0
dance steppp supppperrrrrr,0
ayyo vishal movie remake guru idu,3
i hate tiktok mobile thagondagindanu install made illa i hate this,4
lo guys dislike madidhiralla enn yengrappa song madbeku antha swalpa heldrappa,3
very nice video,5
ಹಿಂದಿ ಸಾಂಗ್ ಬಿಡಿ ಸ್ವಾಮಿ ಒಳ್ಳೇ ಕಲೆಕ್ಷನ್ ಆಗುತ್ತೆ,0
love u sir,5
ಕೇಳಿ ಕಾದಿರುವ ಬಾಂಧವರೇnಭುವಿಯಲ್ಲಿ ಅವನ ಅರಿತವರೆnಯಾರಿಲ್ಲ ಬಿಡಿ,2
super rakshit shetty sir stayl l like,5
amazing movie pls yellaru movie nodi,0
kannada promotion beda kannadigaru nimmana gellistare,0
marketing sariyaagi maadrappa istondu olle movie ge ingadre henge very imp marketing,3
niv helid nija star antha bere akotidru karma,0
keli kadiruva bandhavarennbhuviyalli avana aritavarennyarilla bidi,0
ಬರೆಯುತ್ತಾ ಹೋದರೆ ಇದೊಂದು ಸುದೀರ್ಘ ಲೇಖನವಾಗಿಬಿಡಬಹುದೇನೊ ಆದರೆ ಈ ಕ್ಷಣಕ್ಕೆ ಈ ಒಂದು ಅಪರೂಪದ ಸಿನೆಮಾದ ಕುರಿತು ಬರೆಯದೆ ಅಪೂರ್ಣನಾಗಲಾರೆ ಕೆಲವು ಸಿನಿಮಾ,0
k k nin amman thulle shaata bekaadre helu nin chulbort movie hair wig ge dagaar boss cutout bekaadre helu dappa sodane hodkodtivi ondu maatu helu saaku haage shaatad haara redi maadustivi ashtu salalilla andre helu mettin haara maadustivi dagaar fans nin amman ganda dagaar soole maga hale aanti iddange idaanallo avnige kodu bale,2
all are fake,5
super song,0
duplicate video,4
le ganduntikamucchunnee tara worst song nin kayalli madakke agutta,4
ಜನ ಮರುಳೋ ಜಾತ್ರೆ ಮರುಳೋnಅಂದಹಾಗೆ nಬೇರೆ ಭಾಷೆಯ ಚಿತ್ರಗಳನ್ನು ನೋಡಿnಸೂಪರ್,0
ಅಧ್ಬುತ ಶೆಟ್ರೆ ಮಾಯಲೋಕದ ಕಿನ್ನರನೋ,0
ಸೂಪರ್ ರಕ್ಷಿತ್ ಶೆಟ್ಟಿ ಸರ್,0
ಇಲ್ಲಿ ನಡೆದಿರೋ ಚರ್ಚೆ ನೋಡಿದ್ರೇ ಗೊತ್ತಾಗುತ್ತೆ ನಮ್ ದೇಶ ಯಾಕ್ ಹಿಂಗಿದೆ,3
parthasarathi chakka ansuthe ninu gaandu soolemagne,2
ravi bandivaddar osm,5
ನನ್ನ ಈ ಕಾಮೆಂಟ್ ಕನ್ನಡ ಚಲನಚಿತ್ರ ನಟ ನಟಿಯರು,4
ಸಾರ್ ನಿಮ್ಮ film ಸೊತಿಲ್ಲ nಜನರೆಲ್ಲಾ ಮೆಚ್ಚುಗೆ ವ್ಯಕ್ತಪಡಿಸಿದ್ದಾರೆ,0
bro nivu adthiro game yavudu,0
unlike kottiroru ramshakkana fanse erbeku,3
ನಿಮ್ಮ ನಾಯಕರಿಗೆ ಹೇಗೆ ಬೇಕಾದರೂ ಹೊಗಳಿಕೊಳ್ಳಿ ಆದರೆ ಇಲ್ಲಿ ರಶ್ಮಿಕಾ ಮಂದಣ್ಣನವರನ್ನು ಎಳೆದು ತರುವುದು ಏಕೆ,2
100 alla 200 million agutte,0
theatre alli nodokke nangu esta theatre alli movie ella andre henge nodokke agutte nimhantavare theatre alli nodirtiro elvo yarigottu tilkondu matadi sir naik,2
ಅದ್ಭುತವಾದ ಸಂಗೀತ ಬೆಂಕಿ ಚಿಂದಿ nawesome,5
are bhai ye song hindi mai kab aane wala plz bataye,5
ಏನ ಕೊಟ್ಟಿದ್ದೀಯ ಗುರು ಯೇಪ್ಪ ನಾನು ಏನ ಏನ ಬೈಬೇಕಿತು ಅದನ್ ಎಲ್ಲ ಬೈದಿದಿಯ ದೇವುಡ್ ಈವಲಾ ಅಮ್ಮನ ಎಲ್ಲರ ಘು ಸರಿ ಯಾಗಿ ಕೊಟ್ಟಿಡಿಯ ನಾನು ಅಂತೂ ನಿಂಗೆ ದೊಡ್ಡ ಅಭಿಮಾನಿ ಆಗಿ ಬಿಟ್ಟೆ,0
ಹೊಲಸ ರಾಜಕಿಯ ದಿಂದ ನಮ್ಮ ದೆಶ ಅದಕ್ಕೆ ಹಿಂದ ಉಳಿದಿದೆ,4
est movie li ede tara ede same scenes,1
telegram olag ella sigtirbekadre jana yak theotor ge hogtar heli actully edu big mistek,3
ಕನ್ನಡದಲ್ಲೆ ಹೆಚ್ಚಾಗಿ ಮಾತನಾಡಿದ್ದಕ್ಕೆ ಧನ್ಯವಾದಗಳು nall the best sr,0
nam boss avru nam boss ivru antha kachadtirornella onde kade sersi maja kodone shree mannarayan,1
barri dabba movie ne unn maado du,3
ಆ 247 ಜನ dislikers ರಶ್ಮಿಕಾ ಮಂದಣ್ಣ die hard fans ಇರಬೇಕು,3
d boss kade inda dodda wel come madtivi,0
balepete badrushyana,1
uppi sir vicoe nali madirodu super bro,0
ನಮಸ್ತೆ ಮಸ್ತ್ ಮಗಾ ಕಾಮ್nnನಿಮ್ಮ ಚಾನಲ್ ಅಭಿಮಾನಿಗಳಲ್ಲೊಬ್ಬ ನಾನು nನಿಮ್ಮ ವಿಡಿಯೋಗಳಿಗಾಗಿ ಕಾಯ್ತಿರ್ತೇನೆ nnಈ ವಿಡಿಯೋ ನೋಡಿ ಯಾಕೋ ಒಂದಷ್ಟು ಚರ್ಚೆ ಮಾಡಬಹುದೇನೋ ಅನ್ನಿಸ್ತು ನನಗನಿಸಿದ್ದನ್ನ ಹೇಳ್ತಿದೇನೆ nಸರ್ಕಾರಗಳ ನಿರ್ಲಕ್ಷ್ಯದ ಬಗ್ಗೆ ನೀವಂದದ್ದು ಸರಿಯೇ nಆದರೆ ತೀವ್ರತರ ಕೈಗಾರಿಕಾ ಕ್ರಾಂತಿ ಪರಿಸರದ ಮೇಲೆ ಮತ್ತು ವೈಯಕ್ತಿಕ ಜೀವನದ ಮೇಲೆ ಭಯಾನಕ ಪರಿಣಾಮ ಬೀರುತ್ತದೆ n1 ಇಲ್ಲಿರುವ ಜನಸಂಖ್ಯಾ ಸಾಂದ್ರತೆಗೆ ತಕ್ಕ ಉದ್ಯೋಗಾವಕಾಶ ಸೃಷ್ಟಿ ಕಷ್ಟ n2 ಇಂಧನ ಮತ್ತು ವಿದ್ಯುತ್ ಪೂರೈಕೆಗೂ ಹೆಚ್ಚಿನ ಪರಿಸರ ನಾಶ ಅನಿವಾರ್ಯವಾಗಬಹುದು n3 ಇಲ್ಲಿನ ರಾಜಕೀಯ ಸ್ವರೂಪ ಮತ್ತು ಭ್ರಷ್ಟಾಚಾರ ಎಷ್ಟು ನಾಚಿಕೆಗೇಡಿನದ್ದಾಗಿದೆಯೋ ಅಷ್ಟೇ ಹೀನವಾಗಿ ಇಲ್ಲಿನ ಸಾಮಾಜಿಕ ಪಿಡುಗುಗಳಿವೆ ಜಾತಿ,0
istu helidru innu tik tok ge support madoru manushyare alla narta madkoli pls pls,0
ಆ 247 ಜನ dislikers ರಶ್ಮಿಕಾ ಮಂದಣ್ಣ die hard fans ಇರಬೇಕು,3
bari sokuda film marre,3
tik tok ogidke urkondu ಉಪ್ಪಿಟ್ಟು agore bro,0
guru avnu darshan fan alla yash fanu,2
super nice video bro,5
film andre idu super movie,0
super dynamic princ prajwal sir,5
ನಮ್ಮ ದೇಶದಲ್ಲಿ ರಾಜಕೀಯ ಮಾಡಿ ಸಾಯಿತಾರೆ ಸೊ ರಾಜಕೀಯ ಇಲ್ಲ ಅಂದ್ರೆ ದೇಶ ಬೇಗ ಉದ್ದಾರ ಆಗುತ್ತೆ ಇಲ್ಲ ಅಂದ್ರೆ ಅಷ್ಟೇ,3
s shetty appreciate maadiddu gottagudilva marayya ninge,2
ಬಹುಷಃ ಬಿಡುಗಡೆ ಸಮಯದಲ್ಲಿ ಸಿನಿಮಾ ಜಾಹೀರಾತುಗಳು ಒಂದು ಜನರಿಗೆ ಮುಟ್ಟಿಲ್ಲ ಅನ್ಸುತ್ತೆ,0
patil kgf,5
en song guru namma narayana namma hemme all india fidha agibitdhe nimge,0
ಅಚ್ಚ ಕನ್ನಡ ಬಳಸಿ ಸ್ವಚ್ಛವಾಗಿ ಸುಂದರ ಹಾಡನ್ನು ನಿರ್ಮಿಸಿದ ಬರಹಗಾರರಿಗೆ ಅಭಿನಂದನೆಗಳು,0
k patil yes asn,5
en sir lyrics superb,0
sorry for kannad industry i but ಇಂತಹ ಫಿಲ್ಮ್ ಬಗ್ಗೆ ಯಾವುದೆ ಮಾಹಿತಿ ಇರಲಿಲ್ಲ ಈಗ ಮತ್ತೆ ಎಲ್ಲಾ ಟಾಕಿಸಲ್ಲಿ ಹಾಕಿಸಿ ಸರ್ ಆದರೆ ಈಗ ಮತ್ತೆ ಬಂದರೆ ಟಾಕಿಸಲ್ಲಿ ಫುಲ್ ಆಗಿರುತ್ತದೆ,0
pora rai koodi tulla,5
un like madorge mana maryadine ella guru oledelidru kidodrthada adthare,4
ರಶ್ಮಿಕ ರಕ್ಷಿತ್ ಶೆಟ್ಟಿ ಬೆಳವಣಿಗೆ ನೋಡಿ,4
ಲೈಕ್ ಮಾಡಿ ಇಲ್ಲ ಅಂದ್ರೆ ನಿಮ್ಮನೆ ದೇವ್ರು ಶ್ರೀ ಮನ್ನಾರಾಯಣ ನ ಮೇಲಾಣೆ nnhands up,3
super voice ck,5
hhhhhhhhhhhhhhhhhhhhhiiiiiiiiiiiiiiiiiiinnnnnnnnnnnnndddddddddddddiiiiiiiiiiiiiiiiiiiiii song kaha hya,5
kannada nadu only,0
idella nodidre sarvadikarane sari ansutte prajaprabhutdvalli 1000 bhrashtaru sarvadikara adalitadalli obbane bhrashta adakke soudi,0
ಪ್ರಜ್ವಲ್ ದೇವರಾಜ್ ಈ ಸಿನಿಮಾ ನಿನ್ನ ಜೀವನದ ಅತ್ಯದ್ಭುತ ಚಿತ್ರ ಗಳಲ್ಲಿ ಒಂದು ಆಗುತ್ತೆ ಮುಂದೆ ಒಳ್ಳೆ ಕಥೆ ಗಳೂ ಮಾಡು,0
ಸೂಪರ್ ತೊಗರಿ ತಿಪ್ಪನ್ ಕಥೆ,0
free fire lover like here,5
ನನ್ ಮಕ್ಳಾ ಎಲ್ಲರೂ ಕನ್ನಡದವರೇ ಇಲ್ಲಿರೋದು ಶಾಟದ ಇಂಗ್ಲಿಷ್ ಕಾಮೆಂಟ್ ಹಾಕ್ತೀರಾ ಒಬ್ಬೊಬ್ಬನಿಗೆ ಒಬ್ಬೊಬ್ಬ ಹೀರೋ ಇಷ್ಟ ಸುಮ್ನೆ ಕನ್ನಡದ ಹಾಡುಗಳನ್ನ ಕೇಳಿ ಇಷ್ಟ ಆದರೆ ಕಾಮೆಂಟ್ ಅಲ್ಲಿ ತೋರಿಸಿಕೊಳ್ಳಿ ಕಷ್ಟ ಆದರೆ ಮುಚ್ಕೊಂಡು ಮನಸಲ್ಲಿಟ್ಕೊಳ್ಳಿ ಹೀಗೆ ನಾವೆಲ್ಲ ಕನ್ನಡದವರು ಕಚ್ಚಾಡ್ತಾ ಇರೋದ್ರಿಂದಾನೆ ಕನ್ನಡಾನ ಉಳಿಸಿ ಅಂತ ಬೋರ್ಡ್ ಗಳು ಹೆಚ್ಚಾಗ್ತಾ ಇರೋದು nಒಬ್ಬ ಅಪ್ಪನಿಗೆ ಹುಟ್ಟಿದ ಯಾವೋನು ಸ್ಟಾರ್ ವಾರ್ ಗೆ ಬೆಂಕಿ ಹಚ್ಚೊ ಕೆಲಸ ಮಾಡಲ್ಲ nಹಾಗೆಲ್ಲ ಮಾಡೋರು ಸೂಳೆ ಮಕ್ಕಳು ಅಂದ್ರೆ ತಪ್ಪೇನು ಇಲ್ಲ nಇದನ್ನೆಲ್ಲ ಇಲ್ಲಿಗೆ ನಿಲ್ಲಿಸಿ ಕನ್ನಡ ಉಳಿಸಿ ಬೆಳೆಸೋದರ ಕಡೆ ಗಮನ ಕೊಡಿ nಕನ್ನಡಿಗರೆಲ್ಲಾ ಯಾವತ್ತೂ ಒಂದೇ ಅನ್ನೋದನ್ನ ಜಗತ್ತಿಗೆ ತೋರಿಸೊ ಅಂತ ಕೆಲಸ ಮಾಡೋಣ ಜೊತೆಯಾಗಿ nಜೈ ಕರ್ನಾಟಕ ಮಾತೆ,1
jai d boss,0
well said bro well content,5
monster_kannada le baibeda avnu boss fane kano ravindra,0
vivek g side ge hogro nim,3
ನಿಮ್ಮಂತಹ ಕಲಾವಿದರಿಗೆ ಶ್ರಮಕ್ಕೆ ಪ್ರತಿಫಲ ಸಿಗುತ್ತದೆ ಈ ಸಿನಿಮಾದ ಮೂಲಕ ಕನ್ನಡಿಗರ ಹೃದಯದಲ್ಲಿ ಸ್ಥಾನ ಪಡೆದು ಕೊಂಡಿದ್ದೀರ ಮುಂದಿನ ಸಿನಿಮಾಗಳಿಗೂ ಸದಾ ನಿಮ್ಮ ಜೊತೆ ಬರುತ್ತಾರೆ ಮುಂಬರುವ ಸಿನಿಮಾಗಳಿಗೆ ಒಳ್ಳೆಯದಾಗಲಿ,0
compare madebda yella nam avre talent irodakke beldirodu,0
ಟಿಕ್ ಟಾಕ್ ಬ್ಯನ್ ಆಗ್ಲೇ ಬೇಕು,0
ರಾಜವಂಶದ ಅಭಿಮಾನಿಗಳು ಕಡೆ ಇಂದ all the best,0
super guru,0
aadar boss aadar,0
super heart touching movies wonderful beautiful film ಈ ಚಲನಚಿತ್ರವನ್ನು ಹೇಗೆ ವರ್ಣಿಸಬೇಕು ಅಂತ ಗೊತ್ತಾಗ್ತಿಲ್ಲ ಪದಗಳೇ ಸಿಗುತ್ತಿಲ್ಲ ನಾವು ಅಂತು n waiting dia chapter 2,0
ಈಗ ಎಲ್ಲಾ ಮಕ್ಕಳಿಗೂ ಎಗ್ಜಾಮ್ ಟೆನ್ಶನ್ ಎಸ್ಎಸ್ಎಲ್ಸಿ ಪಿಯುಸಿ ಮುನ್ನಾದಿನ ಅವರ ಮನೆಗಳನ್ನು ಸ್ವಚ್ಛ ಮಾಡಿಕೊಳ್ಳುವುದು ಬಹಳ ಇದೆ,0
hate the dislikers if it is true like me,3
louda cinema director pyscho channagiro cinema ending allii haal mad da,2
namma deshadalli somberigalu jaasthi,3
yarige e trailer nodidre rangitharanga movie nenpaytu like madi,0
super song in kannba super song,5
ok bro,5
ಅಣ್ತಮ್ಮ ಸೂಪರ್ ಆಗಿ ಉಗ್ಧಿದಿಯ ಬೋಲೋ ಮಕ್ಳಿಗೆ ಬಾರ್ಡರ್ ನಲ್ಲಿ ಅವ್ರ ಅಪ್ಪ ನೋ ಅಣ್ಣ ತಮ್ಮ ಯಾರಾದ್ರೂ ಇದ್ದಿದ್ರೆ ಇತರ matadtirlilla bolimaklu,4
jaanu chikk magunu kelu boss andre yaaru anta,2
yaru thuldeepanna,2
superb kannadiga,5
kya lyric hai yar,5
movie nija chanagila guru,3
sundara vada camedey,0
super nivheliddu nija,0
raj,5
ivrigella hige agbeku,0
ɢօաɖǟ ನಿಜ nnಆದ್ರೆ ಆ ಗೆಲುವು ಇತಿಹಾಸ ಆಗ್ಬೇಕಂದ್ರೆ ಎಲ್ಲಾ ರೀತಿಯ ಪ್ರಯತ್ನಗಳು ಆಗಿರಬೇಕಾಗುತ್ತೆ,0
maneli appa amma na chennagi nodkondilla andru tirke shoki beku ivarigella bro,3
tiktok ದೂಳು ivathinda,1
hmk yeha i know,5
s b,5
namana kudlada rakshith shetty innu orsbeku rashmikage thu avla janmake,2
step was amazing lv u raksh,5
hen helde guru,0
parthasarathi hahaha,1
super song,5
indian tiktok ನಿನಾದರು ಕಂಡುಯಿಡಿ ಮಾರಯಾ ಜಾಸ್ತಿ ವದರಬೇಡ,2
nimdu bari ide aagoythu telegu avaru copy maadudre tm movie nodthira kannada davru own aagi maadudru kyathe thegithira,4
ಈ ಕನ್ನಡ ಚಿತ್ರದ ಬಗ್ಗೆ ನನಗೆ ತುಂಬಾ ಹೆಮ್ಮೆ ಇದೆ ಅವರು ಸಾಕಷ್ಟು ಪ್ರಚಾರವನ್ನು ಮಾಡಲಿಲ್ಲ ಅವರು ಸ್ಪರ್ಧಾತ್ಮಕ ಜಗತ್ತಿನಲ್ಲಿದ್ದಾರೆ ಎಂಬುದನ್ನು ಅವರು ಮರೆತಿದ್ದಾರೆಯೇ ನನ್ನ ಹೃದಯ ಕಳೆದುಹೋಗಿದೆ,0
nejwad deushya torishi eg heliddu,3
chalu ati nataka,0
brazil ಕಂಪನಿ ಬಂದು 4 ವರ್ಷಕ್ಕೆ ಬಾಗ್ಲು ಮುಚ್ಚುತು ಕಾರಣ ಲೋಕಲ್ accountant ಎರಡು ಕೈ ಯಿಂದ ತಿಂದ,0
este antha helakkagall nija edhru erabahudu,0
ಒಳ್ಳೆ ಐಡಿಯಾ ಕೊಟ್ಟಿದ್ದೀಯ ದುಡ್ಡು ಕಳ್ಕೊಂಡು ಜೀವ ಕಳಕೊಳ್ಳ ಪರಿಸ್ಥಿತಿ ಚಿರಂಜೀವಿ ಅಶ್ವಥಾಮ ಮಗೆ ಬರಬಹುದು ಈ ಅನುಭವ ನಮಗೆ ಆಗಿದೆ,0
ಮಗ ನಿನ್ ಪ್ರಾಸಬದ್ಧ ನಿರೂಪಣೆ ಗೆ ಫಿದಾ ಆಗೋದೇ new subscribe ಮಗ ಸುಪರ್ಬ್,0
sholay makalu china,4
ಸೂಪರ್ ಗುರು ಲೋವ್ ಯು,0
adru namboru thumba jana edare sir,0
thank you so much fayaz bhaii,5
allappa beta aaa,0
sir enthavru jaatre dialogue,0
ದಿನಕ್ಕೆ ಹತ್ತು ಗಿಂತ ಎಚ್ಚಗಿ ನೋಡ್ತಾ ಇದೀನಿ ಮಸ್ತ್ ಇದೆ ಬ್ಯಾಗ್ರೌಂಡ್ ಮ್ಯೂಸಿಕ್ ಚಿಂದಿ ಚಿತ್ರಾನ್ನ,0
same syndrome namma maji cm gi itta,0
ನೀ ಗಂಡ್ಸ ಅಲ್ಲಾ ಬೀಡು,2
delete tiktok your details are also hacking chinese,4
loo nim makha muccha e video gu dislike yenro nim hendti munde haga avr character nodi kaliro life andre yenu antha thu nanmakla,4
ondu likes ella,1
monster_kannada nಆಯ್ತು ಕಣೋ ಇವಾಗ ನೀನು ನನಗಿಂತ ದೊಡ್ಡ ಷಂಡ ಅಲ್ಲ ಅನ್ನೋದಾದ್ರೆ ನಿನ್ mobile no ಹಾಕೋಕೆ ಏನೋ ಕಷ್ಟ ನೀನ್ ನಿನ್ mobile no ನಿನ್ ನಿಜವಾದ ಹೆಸರು ಹಾಕ್ಲಿಲ್ಲ ಅಂದ್ರೆ ಮೇಲೆ ನೀನು ಬೈದಿರೋ ಅಷ್ಟೂ comments ನಿಂಗೆ ಉಲ್ಟಾ ಆಗ್ಲಿ ನಿನ್ನಮ್ಮನ್,2
kharabbu pogaru song like 317k,4
thumba vishaya galannu thilisi kotri amar prasad ravare thank you,0
swalpa shankar nag no did a hage kanuthe,0
ಕನ್ನಡದಲ್ಲೇ ಹೊಸ ಅಲೆಯನ್ನ ಎಬ್ಬಿಸ್ಸೋ ಅವತಾರ ಅದುವೇ ಅವನೇ ಶ್ರೀ ಮನ್ನಾರಾಯಣ all the best ಅವನೇ ಶ್ರೀ ಮನ್ನಾರಾಯಣ best wishes ಅಖಿಲ ಕರ್ನಾಟಕ ರಾಕಿಂಗ್ ಸ್ಟಾರ್ ಯಶ್ ಅಭಿಮಾನಿಗಳ ಸಂಘ,0
en guru song idu awesome steps are just amazing,0
games games cover,5
eppa all fake,1
2019 noduvaru like please,0
fast ban madro tiktok na agtila nodake evrgal atana,0
chinna app delete madi pla,4
kabja kannada samrajya nucchu noor madtade,3
sir ನಮ್ಮಲು communist ಆಡಳಿತ ಬಂದರೆ ಯಾವ ರೀತಿ ಇರಬಹುದು ಎಂಬುವುದರ ಬಗ್ಗೆ ಮಾಹಿತಿ ಬೇಕು ಮತ್ತು ಅನುಕೂಲ ಅನಾನುಕೂಲ ಗಳ ಬಗ್ಗೆ ತಿಳಿಸಿ ಕೊಡಿ ದಯವಿಟ್ಟು,0
i am looking for hindi song,0
number 1 song,5
super jai d boss,5
edu muda nabike nama jana enu betela,4
hands up,5
ಭರ್ಜರಿ ಆಪರೇಷನ್ ಗುರುವೇ,1
ದಿಯಾ ಕನ್ನಡದ ಅದ್ಭುತ ಸಿನಿಮಾಗಳಲ್ಲಿ ಒಂದು nಕನ್ನಡದಲ್ಲಿ ಕಥೆ ಇಲ್ಲ ಏನ್ನುವವರಿಗೆ ದಿಯಾ ತಕ್ಕ ಉತ್ತರ ಕೊಟಿದ್ದೆ ಇಂತಹ ಸಿನಿಮಾ ಸೋತರೆ ಕನ್ನಡಿಗರೇ ಸೋತ ಹಾಗೆ ಹಾಗಾಗಿ ಕನ್ನಡ ಸಿನಿ ಪ್ರೇಕ್ಷಕರು ದಿಯಾಳನ್ನು ಚಿತ್ರಮಂದಿರದಲೆ ನೀಡಬೇಕಾಗಿ ವಿನಂತಿ nದಿಯಾಳ ಮನೋಜ್ಞ ಅಭಿನಯnಆದಿಯ ಲವಲವಿಕೆಯ ನಟನೆnರೋಹಿತ್ ಮುಗ್ಧ ನಟನೆ nಸಂಗೀತ ನಿರ್ದೇಶಕರ ಹಿನ್ನೆಲೆ ಸಂಗೀತ ಎಲ್ಲವೂ ಅದ್ಭುತ ಆದಿಗು ದಿಯಾಗು ಒಂದು ಮೇಲೋಡಿ ಡುಯೇಟ್,0
anna intha kachada nahigallna roast madodralli tapenilla asn dialogue daritapdhorna kshamisbodhu thap daari hiddhornallla nim jothe iddhivi anna,4
super sir nivu nigavgllu nivu igienanlove fellore hudegiriegi supirthie sir,0
nkn ಚಿಂದಿ,0
ಏನಾದರೂ ತಪ್ಪಿದ್ದರೆ ಕ್ಷಮೆ ಇರಲಿ nಹೀಗೆ support ಮಾಡ್ತೀರಿ ನಾನು ನಿಮಗೆ entertainment ಕೊಡ್ತಿರ್ತಿನಿ nಹಾಗೆ instgram ಅಲ್ಲೂ ಕೂಡ follow ಮಾಡಿn,0
super anna nim matu,0
oh broi tqusm,5
nice explain sir,5
kolya neenobne heege heltirodna naan keliddu watch his trailer and teasers first,0
nim manigu bandidna,0
nice sir but message madidre reply madalla tavu yella dove,1
rashmika thu l l i irve ankoavro ondu like,2
sir nivu tumba olle olle programs madtira sir,0
next scene saanvi,5
asn release in nkannada dec 27ntelugu jan 1stntamil malayalam jan 3rdnhindi jan16thnnastaralli ella mobile nalli nodi mugsirtaare aaga release maadi aden record create maadtaro n300 koti beku anta tweet maadidre saaladu ondu cinemana janagalige yav reethi talupisodu anta gottirbeku kurukshetra ide reethi promotion ilde haalagi hoytu innoo idunnoo hange maadtidaare,1
shivu m hikkangutti v,1
gaming ohhh sari guru nambthine,0
jai d bossssss,0
40 varsha ende keliddu story evaga shanthosha aagta ede,0
bega movie release madrappa buildup amele kodi,3
prajwal devraj is back,0
444444 super 30,5
yavalo bindu gowda avulu thu nan ke,2
kannada adru swalpa parvagilla guru telugu tamil movies anthu jaatre dialogue jaatre fighting over acting inda thumbi tuluktha ide,3
amazing movie,5
good job shivu,5
houdo huliya,0
make available on spotify alsi,5
ಇದು ಚರಿತ್ರೆ ಸ್ರೃಷ್ಠಿಸೋ ಅವತಾರ,0
bro avarage ennu ugi sattiro yodrali avara gadano magano edidre e mathu helatiralila yaaro gand yaarado makkalu e naayigalage yena alvaa tu prati yodanu namma ge anna tamma avara namma vastu tilakori naayigalaa,3
tande yante maga kooda swabhimaani mattu swavalambhi jeevana nadesuthiddare hats off sir,0
thu dabba movie sulemagand,4
best song love it,0
ban tik tok,5
k k shaata dagaar savi savi nenapu dagaar soole darshan though deepunaa mudya choolbart kittod mukhakke thank thumba hair wigngaddakku shaata kittu anskondidaane choolbart avnige mettina haarane kodbeku,2
super thogari tippa,5
ajneesh u beauty,5
ಮಸ್ತ್ ಐತಿ ಅನಾಹುತ ಸಾಂಗ್ ಗಿಚ್ಚ್ ಐತಿ,0
matte film ge banni sir,0
shivu patil,5
who is dagar rashmika,5
parthasarathi ನಂದಿನಿ ಪಾರ್ಥ ಸಾರಥಿ ನಿನ್ ತುಲ್ಲು ಗೊಬ್ಬರ,2
u r true sir,5
e tara film ge ella kaitaididdu welcooome item song iro,0
bindu gowdaaaaaa yakamma,0
kayakave kailasa sir,1
ನಾವು ಕೇವಲ ಕನಸು ಮಾತ್ರ ಕಾಣುತ ಇದೇವೆ ಒಂದು ವೇಳೆ ಉತ್ಪಾದನೆ ಮಾಡಿದರು ಕೂಡ ಅದನ್ನು ಎಕ್ಸ್ಪೋರ್ಟ್ ಮಾಡಲು ಧೋಡ್ಡ ಗಾತ್ರದ ಹಡಗು ನಿಲ್ಲಿಸಲು ಬಂದರು ಕೂಡ ಇಲ್ಲ ಅದಕ್ಕೂ ನಾವು ದುಬೈ ಅವಲಂಬಿತ ರಗಿದೇವೆ ತುಂಬಾ ಕೆಲಸಗಳು ಬಾಕಿ ಇದೆ,0
highest liked video in sandalwood,0
super sir real hero nivu nimminda navu kuda kalthkolodede,0
anna canagi helidira,0
china avru nan shata,3
hands up,5
suaprb movie re release plzzzz,5
neen build up films nodkindu irappa illi yake bande,1
rumble onde ond sari kelde nfirst time ashtond ishta aglillanmatte matte kelta idre nishta agta ide slowpoison,4
mahesh sanagoudar tugritippa,5
ಸರ್ ನಿಮ್ಮ ಪ್ರತಿಯೊಂದು ಮಾತು ನೂರಕ್ಕೆ ನೂರು ಸತ್ಯ nನಿಮ್ಮ ನೋಡಿ ಹೆಮ್ಮೆ ಆಗುತ್ತೆ ಸರ್,0
this song is like drink,5
ನಿಮ್ಮ ತಂದೆ ಸಾಕಷ್ಟು ದುಡ್ಡು ಮಾಡಿದ್ರು ಆದ್ರೆ ಬೇಡಿದರು ಕೆಲಸಗಳ ಅನಕ್ಷ ಕವಾಗಿ ಖರ್ಚು ಮಾಡಿ ಸೋಕಿ ಮಾಡಿ ದುಡ್ಡೆಲ್ಲಾ ನಾಲ್ ಮಾಡಿದ್ದೀರಾ,2
bhagya lakshmi 9,5
matte hands up enu,0
super rakshit shetty film song,0
parthasarathi ಮಿಂಡ್ರಿ,0
monster_kannada le sakat dialouges kanla next nim boobs film ge neene ide dialouges na haakolli hengidru ade thaane yelru maathadodu film nodkondu yella fans galu obrann obru baikond iri,2
those 850 dislikes are frome rashmika mandanna fans,3
ಡೈರೆಕ್ಟರ್ ಗೆ ಶರಣು,0
ಅಪ್ಪು ಅಭಿಮಾನಿಗಳು ಲೈಕ್ ಮಾಡ್ರೋ,0
nikistark x promotion chennagi idrunu bere language ge jaathi priority kodtare nam state li kannada movie ge support madalla distributors,4
ನಿಮ್ಮ ಚಿತ್ರಕ್ಕೆ ಶುಭವಾಗಲಿ n ನಿಮ್ಮ ಕನ್ನಡಿಗ,0
ನಮ್ಮ ದೇಶದಲ್ಲಿ ದೊಡ್ಡದಾದ ಬಂಡವಾಳಗಳನ್ನ ಹೂಡಿ ಬಿಜಿನೆಸ್ ಮಾಡಿ ಲಾಭ ಮಾಡಬೇಕುನ್ನುವವರು ಬಹಳಾ ಜನ ಇದಾರೆ ಲಾಭ ಹೆಚ್ಟಾದಷ್ಟು ಸರ್ಕಾರ ಇನ್ಕಮ್ ಇಡಿ ಅಂತ ತೊಂದರೆಗೊಳಗಾಗುವ ಸಾಧ್ಯತೆಯಿರುತ್ತದೆಂದು ಮುಂದೆ ಬರುವುದಿಲ್ಲ,0
yena lyrics guru,4
shikuar chimmalagi super,0
shivu m hikkangutti v,1
awesome song guru,0
guru en helde guru suuuuper ne china deshdorge huttiro nan maklu nodire jamun juice agigirutte pakka guru nin voice dialogue keltidre keltane irbeku anstide guru but suuuuuuuuuper,4
lol darahan fans talking about quality,3
guru en helde guru suuuuper ne china deshdorge huttiro nan maklu nodire jamun juice agigirutte pakka guru nin voice dialogue keltidre keltane irbeku anstide guru but suuuuuuuuuper,4
astu sala kelidru kelbeku ansute bro super song,0
mediasuper sir nimagu haagu namma sir gu dussehra habbada shubhashayagalu,0
alagi hogali bidu,1
ಈ ಚಲನಚಿತ್ರ ಬರೆದವನಿಗೆ ಕೋಟಿ ಕೋಟಿ ಧನ್ಯವಾದಗಳು,0
devaru kododu nidana hagide nandre jaasthi kodthane hantanthilkoli,0
bk shata teriyak nodtidiya,2
100 successful movie no dought prajwal bro congratulations,5
ಇಪ್ಪತೈದು ವರ್ಷಗಳ ಹಿಂದೆ ಕೇಳಿದ್ದು ಮತ್ತೆ ಕೇಳಿದಾಗ ತುಂಬಾ ಸಂತೋಷ ವಾಯಿತು,0
yes true lines,5
monster_kannada ಓಹ್ ತುಕಾಲಿಗೆ ಹಟ್ಟಿದವನೆ,2
1st time chennag illan2nd time parvagillan3rd time addicted,0
ayyo devre en comedy madtira neevu hage voice sprb,0
kannad song super,0
please provide more kannada,5
ಆವಾಗಾವಾಗ ಈ ಹಾಡು ಕೇಳಲಿಲ್ಲ ಅಂದ್ರೆ ಏನೋ ಮಿಸ್ ಮಾಡಿದಾಹಾಗೆ ಆಗುತ್ತೆnslow poison,0
loved vijay prakash sir voice,0
ayya yappa togari tippa valyappa yappa,0
duplicate video,4
super d boss fans,0
rogannavar loki,5
super bro,5
ಗಾಳಿ ಮಾತಿನ ಬಜಾರು ಸುದ್ದಿಸಾರಿದೆ ಸುಮಾರು ಕನ್ನಡ ಚಿತ್ರಕ್ಕೆ ಪ್ರೋತ್ಸಹ ಕೊಡುವವರು ಕನ್ನಡ ಚಿತ್ರಕ್ಕೆ ಒಂದು ಘನ ಹೆಸರು nಕನ್ನಡ ಕನ್ನಡ nಇದು ಕನ್ನಡಿಗರು ಸೃಷ್ಟಿಸೋ ಅವತಾರ,0
one like for hands up,5
gun ಹೆಸ್ರು ಅನವರತ ಇರ್ಬಹುದಾ nಗೊತ್ತಿಲ್ಲ ಇದ್ರು ಇರಬಹುದು,0
ನಮ್ಮ ದೇಶದ ನಂತರ ಅವರಿಗೆ ಸ್ವತಂತ್ರ ಸಿಕ್ಕಿರುವುದು ಅವರೇಕೆ ಅಷ್ಟು ಮುಂದುವರೆದರು nnನಮ್ಮ ದೇಶ ಕಾಂಗ್ರೆಸ್ ಹಂದಿಗಳು ಯಾಕೆ ಉದ್ಧಾರ ಮಾಡಲಿಲ್ಲ,3
yav kaldan mare nin,0
ಒಳ್ಳೇದು ಆಗಲಿ big ಸಕ್ಸಸ್ for asn,0
ಒಬ್ಬ ನಟ ಡ್ರೈವಿಂಗ್ ಮಾಡ್ತಿದಾರೆ ಇದು ನೋವಿನ ಸಂಗತಿ ಒಪ್ಪೀ ಕೊಳ್ಳೋಣ ಆದ್ರೆ ಒಬ್ಬ ಸಾಮಾನ್ಯ ಮನುಷ್ಯ ಡ್ರೈವಿಂಗ್ ಮಾಡ್ಕೊಂಡೆ ಜೀವ್ನ ಮಾಡ್ತಿರ್ಥನೆ ಅನ್ನೋದನ್ನ ಮರೀಬೇಡಿ ಸ್ನೇಹಿತರೆ,0
12 dislikes by gandu nanmakalu,4
you deserve big level,5
ನಿಜ ನಾ ಇಷ್ಟು ಚನ್ನಾಗಿ ಹೇಳಿದಿರ,0
fan aagode bayya ninge,0
haha nija,0
idu charithre srustiso avathaaaara,0
est movie li ede tara ede same scenes,1
kannadigaralli oggattu illa fanism jasthi aytu,4
ರಕ್ಷಿತ್ ಶೆಟ್ಟಿ ರವರ ಚಿತ್ರ ಮತ್ತು ಅಜನೀಶ ರವರ ಸಂಗೀತದ ಈ ಹಾಡು ಕೇಳತಾ ಇದ್ರೆ ಹಂಸಲೇಖ ಹಾಗೂ ರವಿಚಂದ್ರನ್ ರವರ ಹಾಡುಗಳೇ ನೆನಪಾಗುತ್ತೆ ಚಿತ್ರತಂಡಕ್ಕೆ ಶುಭವಾಗಲಿ nನಾಗಾರ್ಜುನ ಶರ್ಮಾರವರ ಸಾಹಿತ್ಯ,0
ಲವ್ ಮೂವಿ ಅಂದ್ರೆ ನಮ್ ಬರ್ಗೆಟ್ಟಿರೋ ಜನ ಲೈಕು ಮಾಡ್ತಾರೆ ಹೋಗಳಿಕೇನು ಕೊಡ್ತಾರೆ ಸರ್ but ಇದೆಲ್ಲ ಮೂವಿ ಗೆ ಕೊಡ್ತಾ ಇರೊ ಲೈಕ್ ಅಲ್ಲ ಈ ಮೂವಿಲಿ ಇರೊ ಲವ್ ಸೀನ್ ಮತ್ತು ಲವ್ ಡೈಲಾಗ್ ಗೆ ಅಷ್ಟೆ ಹೀರೋಯಿನ್ ಹೀರೋ ಗೆ ಪ್ರೊಪೋಸ್ ಮಾಡಿದ್ರೆ ಸಾಕು ನಮ್ ಜನ ಬೆಸ್ಟ್ ಮೂವಿ ಅಂತ ಹೇಳ್ತಾರೆ but ಮೋವಿಲಿ ತುಂಬಾ fault ಇರುತ್ತೆ ಫ್ಯಾಮಿಲಿ ನೋಡೋ ತರ ಇರಲ್ಲ ದಿಯ ಮೂವಿ ತುಂಬಾ ಬೋರಿಂಗ್ ಇದೆ ಫ್ಯಾಮಿಲಿ ಜೊತೆ ನೋಡೋ ತರ ಇಲ್ಲ ಮನೇಲಿ ಒಬ್ನೆ ನೋಡೋಕೆ ಬೆಸ್ಟ್ ಮೂವಿ ಗಳಲ್ಲಿ ನನ್ನ ಪ್ರಕಾರ ದಿಯಾ ಕೂಡ ಒಂದು ಎಲ್ಲರ ಆಕ್ಟಿಂಗ್ ಸೂಪರ್ ಡೈಲಾಗ್ ಸೂಪರ್ but overall ಮೂವಿ ಲಿ improvement ಬೇಕೇ ಬೇಕು ಇಲ್ಲಾಂದ್ರೆ ಫ್ಯಾಮಿಲಿ ನೋಡಲ್ಲ nಬೇಜಾರ್ ಮಾಡ್ಕೋಬೇಡಿ ಇದು ನನ್ನ ಅನಿಸಿಕೆ ಅಷ್ಟೆ,3
jai hind guru nimge ondu super agi madidira hinta nanna makkalige nanna deshada bagge enu gottu avarige tiktok alla nale avaru sattu hogtare alva tiktok nu baralla tamte hodiyakke janru baralla adannu tiktok madkondu aram agirli anta tiktok madi kalastare nanna makligennnall videos super guru nim no send madi,3
zinda hai tho deklena,5
movie nodi hands up madi,0
namma manigu banndidda ashwathama,1
hindi me kab ayega,5
super movie in kannad film industry,0
kolya movie nododidre nodu bittre bidu loss ninge ne movie onthu pakka sandalwood blockbuster agutte doubt ee illa,0
hi chaina dalli ago product nnu navu madidvi adre namma desha davre namage mosa madidru same model nnu chaina kondogi avrege thorise dublicate madbittu dandu kammi belege elle mariddare edde karana navu hinduliyalu eglu navu mado ondondu product chaina dinda tharisthidru adre navu automobiles product naavu madthideevi adre yaaru encarage madalla,3
eid shreshth avatar,0
ಸಿನೆಮಾ ವೃತ್ತಿ ನಂಬಿ ಬರಬೇಡಿ,0
namm boss vijayaprakhas voice super,0
kannadigaralli oggattu illa fanism jasthi aytu,4
fork bisakiddu pakka shaanvi trailer alli iro dialogue next scene,0
song super agi edey,0
we support definitely to this film to increase the value of our sandalwood the power of kannada movie ಇದನ್ನು ಇಂಗ್ಲಿಷ್ ನಲ್ಲಿ ಬರ್ದಿರೋದು ಬೇರೆಯವರಿಗೂ ತಿಳಿಯಲಿ ಎಂದು ಒಳ್ಳೆಯ ಸಿನಿಮಾಗಳಿಗೆ ಸಪೋರ್ಟ್ ಮಾಡೋಣ,0
super super bro,5
ತುಂಬು ಹೃದಯದ ಶುಭಾಶಯಗಳು ಕನ್ನಡ ಚಿತ್ರರಂಗದ ಅಭಿಮಾನಿಗಳಿಂದ,0
sharu yako sule magne sumne eroke agalva,2
nayak next dabbang bere ide,0
ನಾಲ್ಕು ಯುಗಗಳು ಮುಗಿದ ಮೇಲೆ ಪುನ,0
gowtham kiccha nimamman oorsoole nimammam thullige bale sigskondu keythivi hushaaru sik sikkid kade thika kodtha edre hardu oorbaglu madthivi amele doctorgu holge jaga erbardu hange keythivi beware bale pans,2
ರಣಧೀರ ನೆನಪಾದ ರಕ್ಷಿತ ಜಾದಲಿnರಣಭೇಟೆಯಾಡುವ ರಾಕ್ಷಸ ದಾರಿಯಲಿnರಕ್ತಚರಿತ್ರೆಯೋ ರಕ್ಕಸನ ಕಥೆಯೋnನಿಗೂಢ ಮನೆಯೊಳಗೆ ನಡುಕ ಹುಟ್ಟಿಸೋnಸಿನೆಮಾ ಪರದೆಯ ಹಳುಗುಣಿಯೊ,0
ಸೂಪರ್ ಬಾಸ್ ಅದ್ಭುತ ಒಳ್ಳೆ ಟ್ಯಾಲೆಂಟ್ ಇದೆ ನಿಮ್ಮಲ್ಲಿ,0
modlu keldaga mamuli song ashtukke ashte annusthu,1
i am a malayalee and i also agree it s kannada,5
ರಾಕಿಂಗ್ ಸ್ಟಾರ್ ಯಶ್ ಅಭಿಮಾನಿಗಳ ಕಡೆ ಇಂದ best wishes,0
superb really i liked it like anything,5
parthasarathi ಲೆ ಮುಂಡೆ ಇಲ್ಲಿ ಕೇಳು ನಿಮ್ಮ ಬಾಸ್ ಯಾವಾಗ್ಲಾದ್ರೂ help ಮಾಡಿದನಾ ಹೋಗ್ಲಿ ನಿಂಗೆ ಹೊಸ ಕಾಂಡೊಮ್ ಆದ್ರೂ ಕೊಡ್ಸಿದಾನ ಲುಚ್ಚಾ ಸುದ್ವೇಪಿ,2
s ಹೋಲಿತೀಯಾ,5
lo troll madtadyalla nin us mado mobile ysvdo,2
anna super song,0
jai d boss,0
love you boss,5
super togari tippa,5
nayak ನಿಮ್ಮ ಅಪ್ಪ ನಾಮರ್ದ,2
ನೀವು 6 5 2 ಸಿನಿಮಾ ವನ್ನು ರಿಯಲ್ ಸ್ಟೋರಿ ಅಂತ ಯಾಕೆ ಸುಳ್ಳು ಹೇಳಿದ್ದು,3
so sadndis like 1 8k in kannadanin telugu 155nin tamil 188nin malayalam 134nasn,0
all da best,5
my favorite song,5
kumar sasthana madbeku intha kachada galana,3
bro adru evaga bere language enda open madkond use madtaidaralla bro thumba janridare nam jana e tara vishyadalli haladavru,3
ಆಯ್ಯ್ಯೋ ಈ ಹಾಡು ಹುಚ್ಚು ಹಿಡಿಸುತ್ತಿದೆ ದಯವಿಟ್ಟು ಸಹಕರಿಸಿ ಗೆಳೆಯರೇ ನಮ್ಮ industry ಫುಲ್ ಬೆಳಿತಿದೆ ನಾನು ನನ್ನ frnds waitng for diz movie,0
iam your fan,5
ಎಲ್ಲಾ ಸರಿ ಗುರು,0
ಇದೊಂದು ದುರದೃಷ್ಟ ವೇ ಸರಿ ಇಂತ ಮ್ಯೂಸಿಕ್ ಇಂತ ಲಿರಿಕ್ಸ್ ಇಂತ ಬ್ಯಾಗ್ರೌಂಡ್ ಎಡಿಟಿಂಗ್ ಎಲ್ಲ ವಿಭಿನ್ನ ಸುಂದರ ವಾಗಿದ್ದರು 6 ದಿನ ಕಳೆದರು ಕೇವಲ 2 2m ಅಂದ್ರೆ ಬೇಸರದ ಸಂಗತಿ nಯಾವುದೋ ಪರಭಾಷಗಳಿಗೆ ತೋರಿಸೋ ಪ್ರೀತಿ ನಮ್ಮ ಕನ್ನಡ ಚಿತ್ರಗಳ ಮೇಲಿಲ್ಲ,4
ನನ್ನ ಈ ಕಾಮೆಂಟ್ ಕನ್ನಡ ಚಲನಚಿತ್ರ ನಟ ನಟಿಯರು,4
ಚಂದನ್ ಶೆಟ್ಟಿ ಟ್ರೊಲ್ ವಿಡಿಯೋ ನೀವು ನೋಡಿ ನೆಗಡ್ಡೆ ಇದ್ರೆ ನಾವ್ ಗ್ಯಾರಂಟಿ,0
avra manelli yavagadru hoddu sayisudre gottagutte kittod nan maklige tik tok yak ban madbeku andorge saryagelidira bro,3
ಈ ಹಾಳಾದ ಕೋರೋನ ವೈರಸ್ ಬಂದು ದಿಯಾ ಲವ್ ಮಾಕಟೈಲ್ ಚಿತ್ರಗಳಿಗೆ ತುಂಬಾ ನಷ್ಟ ಉಂಟಾಗಿದೆ but don t worry u get best reviews all the best for ur nxt movies,4
salute to sandalwood,0
tik tok beda namge,0
ur insta i d name bro,0
i love diya movie,5
rumble onde ond sari kelde nfirst time ashtond ishta aglillanmatte matte kelta idre nishta agta ide slowpoison,4
bgm and dance super,0
ಡಿ ದೇವರ ಅಭಿಮಾನಿಗಳ ಕಡೆಯಿ೦ದ ಆಲ್ ದಿ ಬೆಸ್ಟ್,0
parthasarathi ನಿನ್ ತುಲ್ಲಗೆ ಕಿಂಗಫಿಶರ್ ಬಿಯರ್ ತುರ್ಕಾ ನಿನ್ ತುಲ್ಲಿಗೆ ನನ್ ರಾಡ್ ಹಾಕ್ಲಿ ಎಷ್ಟೇ ನಿಂದು ತುಲ್ಲು,2
nice voice bro,5
ಲೊ ಹಾದರಗಿತ್ತಿ ಮಗನೇ,2
complete kwatley guru ninu,0
ನಮ್ಮನೆಗು ಬಂದು ಮಜ್ಜಿಗೆ ಕೇಳಿದ್ದ,0
ಎರಡು ಒಳ್ಳೆಯ ವಿಷಯಗಳು ಆಗಬೇಕು ಇವಾಗn1 ದಿಯಾ ಮತ್ತೆ ರಿಲೀಸ್ ಆಗಬೇಕುn2 ಕೊರೋನಾ ನಿಯಂತ್ರಣ ಆಗಬೇಕು,0
thumba chennagide agbeku nan maklge,0
masthmaga na duplicate madbitaru amar sir,2
mallad modalu bere hero respect kododu kali amele maathadu gaandu kudlu ella adu ella andkondu,2
super ri nijvaglu nevu creative kannadigane,0
mettu tagand hodibeku soolemaklige soolerge avren chinadalliro mindrige hunttidira nimmoun t u,4
hr yeaa,5
dabba movie soo sad,4
all indians plz uninstall chinese app,0
eno ontara chnnagide annoru like madi,0
kannadadalli mado badlu hindinalli madidre superrhit agodhu,1
rajesha c n,5
tik tok alli jagala madtidralla adra baggenu ondu video madi anna super agi ugididdira,0
y boss yaro sade,1
like 1m,5
ಲೈಕ್ ಯಾಪಿ ಚಿನ್ನದ ತಾನೆ,0
super duper film bust of luck prajval devaraja darling days,0
kittod nanmaklu maarayya,4
super bro,5
kolur lol,5
ಕನ್ನಡ ಮೂವಿ ಗೆ ಸಪೋರ್ಟ್ ಮಾಡಿ ದಯವಿಟ್ಟು,0
havali neene hachko yak andre ninge urdirutte,2
hands up ಇದು ಚರಿತ್ರೆ ಸೃಷ್ಟಿಸೋ ಅವತಾರ asn waiting for you,0
420 tik tok 420 china,4
guru e game name en guru masth eede game,0
ಇದು ಚರಿತ್ರೆ ಸೃಷ್ಟಿಸೊ ಅವತಾರ nಇದು ಚರಿತ್ರೆ ಸೃಷ್ಟಿಸೊ ಚಲನಚಿತ್ರ nಹೌದು ಹುಲಿಯ,0
please all dislike this video,1
ಪ್ರಪಂಚವನ್ನೇ ನಡುಗಿಸುತ್ತಿರುವ ಉಗ್ರವಾದ ಕರೋನಾಗೆ ಶಾಕ್ nರೂ 50,4
super togari tippa,5
super signature step,0
ಕಥೆ ಸರಿಯಾಗಿ ತಿಳಿದುಕೊಳ್ಳಿ please don t worng guide ಅಶ್ವತ್ತಾಮ ಶಿವನ ಅವತಾರ ಇಂದ್ರನಲ್ಲಿ ಸುಳ್ಳು ಹೇಳಿದಕ್ಕಾಗಿ ಭೂಮಿಯಲ್ಲಿ ದೀರ್ಘ ಕಾಲಿ ಯಾಗಿ ಅವತಾರಿಡಿದರು ಅಷ್ಟೇ ಕೃಷ್ಣ ಅವರಿಗೆ ಶಪಿಸಲಿಲ್ಲ,3
awesome song,5
nambike eruvavaru nodi,4
nijwaglu idare antha nambake agta illaaa,0
neva ado game nema,0
entha promotion illa hindi realise agutta annode doubt,3
ರಿಷಬ್ ಶೆಟ್ಟಿನಾ ನೊಡಿದ್ರ,0
edu charitre srushtisuva avataara,0
ee song virat kohli modi ji ge perfect match akkati nasn rakshit anna,0
ಎಲ್ಲಾ ನಂಬಿಕೆ ಅಷ್ಟೇ,1
best episode sir,5
super,5
nikal lowde osmmm dialogue bro,4
super song Ŕákśhíťh bãï,5
ajanesh lokanath,5
yakri janagalna dari tapso kelsa madtira,3
shaata daagar fans,3
dboss abhimani aagi nange gotthilla esht sala e song nodidhini antha yarellla jasthi nodidhira like madrappa pls,0
best cinema dia,0
kai kesaradare bai masaru supper ser,0
parthasarathi ಹಡಿತೀನಿ ಬಂದ್ರೆ ತುಲ್ಲರೆ no ಹಾಕೆ ಬೇವರ್ಸಿ,2
ಏನ್ ಸಾಂಗ್ ಗುರು ಇದು ಕನ್ನಡ ಇಂಡಸ್ಟ್ರಿ ಅಲ್ಲಿ ಚರಿತ್ರೆ ಸೃಷ್ಟಿಸೋ ಹಾಡು,0
smarter than u ಮೊದ್ಲು ಕನ್ನಡ ಬಳಸಿ ಕನ್ನಡ ಲಿಪಿಯಲ್ಲೆ ಬರೆಯಿರಿ nಕನ್ನಡವೇ ಸತ್ಯ ಕನ್ನಡವೇ ನಿತ್ಯ,2
34 m,5
ಕೈನಲ್ ಏನೂ ಕೂಡಾ ಕಿಸಿಯೊಕೆ ಆಗದ ಕಿಡಿಗೇಡಿಗಳು ಬೆನ್ನ ಹಿಂದೆ ಬೆಂಕಿ ಹಚ್ಚಿ ನಗ್ತಾರೆ ಆದರೆ ಅವರಿಗೆಂಗೊತ್ತು ಆ ಬೆಂಕಿಲೆ ಇಡೀ ವಿಶ್ವದಲ್ಲಿ ಚರಿತ್ರೆ ಸೃಷ್ಟಿ ಮಾಡೋಕೆ ಅವನು ಬಂದೆ ಬರ್ತಾನೆ ಅಂತ ಯಾರವನು ಅವನೇ ಶ್ರೀಮನ್ನಾರಾಯಣ,0
ಗೆಲ್ಲಲೇಬೇಕು ಒಂದು ದಿನ nಗೆದ್ದೇ ಗೆಲ್ಲುವುದು ಒಳ್ಳೆ ಚಿತ್ರ,0
मल भ ष समजल न ह पण ग ण ख प आवडल,5
ಎಷ್ಟು ದಿನ ಆಯಿತು ಕೇಳಿ ಓ ತುಂಬಾ ಖುಷಿ ಆಯಿತು,0
film matra sakattagide,0
ಏನು ಅಂತ ಗೊತ್ತಿಲ್ಲ,1
miss india dia,5
i love soga,5
boring song astu power illa not like kgf,3
super song,0
bro super vedio,5
ella kannada abhimanigalu kelebekada hasya chataki,0
nim song antu super,0
from ಯಶ್ fans,0
jai asn music,0
s sir niv helid not ja,0
prasad thank uu,5
adu igala 1960 ali nadedidu doctor incident,0
super song lovely,0
sasthanga namaskaar guru nale,0
iam andhra telugu kannada super jai karnataka jai kannada peoples emi movies raa babu kannada industry great hollywood directors laga film teestaru selute my brothers ex om film,5
super dance stepppppp,0
est movie li ede tara ede same scenes,1
parthasarathi ನಿನ್ ತುಲ್ಲು ಉರಿತ ಲೋಕಲ್ ಚಾಯ್ಸ್ ಕುಡುದೇ ಏನ್ ಕಿತ್ಕೊ ತಿಯ ಬ ನನ್ ತುಣ್ಣಿ ಉಣ್ಣು ಹ rmd ನೇ ತಿಂದೆ ನಿಂಗೇನು ತುಲ್ಲು ಉರಿ,2
ಲೈಕ್ ಮಾಡಿ ಇಲ್ಲ ಅಂದ್ರೆ ನಿಮ್ಮನೆ ದೇವ್ರು ಶ್ರೀ ಮನ್ನಾರಾಯಣ ನ ಮೇಲಾಣೆ nnhands up,3
super bro yalka tik tok stars full rost,0
1st ಶೋ ಅಷ್ಟೆ ಅಲ್ಲ,0
duplicate video,4
ಕೇಳಲು ಇಷ್ಟ ಆದರೆ ಇದು ನಿಜ ಅಲ್ಲ ಅನಿಸುತ್ತೆ ನನ್ನ ಪ್ರಕಾರ,1
bokka d boss ke d boss andre druva boss onde,0
super movie guru,0
nim movie scene evaga viral aagidhe anna,0
kudla uppad,5
super guru,0
nice move in kannada,0
youtube channel nalli asn release promos upload madi sir,0
now 28k dislikes,3
shetty bpl card irovru avrge ration kodlebeku neducation alli free kottu support madbeku yestond jana rank togondirtare adre avrge dudiralla education madoke avrge free irbeku nnreservation poor people ge yak handre avru sariyagi study madoke hagiralla dudui tirtare jotege hodbeku nndud irovru hodtare,0
ಇಲ್ಲಿ ನಡೆದಿರೋ ಚರ್ಚೆ ನೋಡಿದ್ರೇ ಗೊತ್ತಾಗುತ್ತೆ ನಮ್ ದೇಶ ಯಾಕ್ ಹಿಂಗಿದೆ,3
are bhai yek dum phel diya,5
nam mane gu bandida,1
super rakshith shetty sir,0
ರಕ್ಷಿತ್ ಶೆಟ್ಟಿ girl friend,5
super song guru,0
ತುಂಬಾ ಹರಿತವಾದ ಕಣ್ತೆರೆಸುವ ಪ್ರಾಮಾಣಿಕ ಪ್ರಯತ್ನ ಇಂತಹ ಇನ್ನೂ ಹೆಚ್ಚಿನ ಕಾರ್ಯ ಕ್ರಮಗಳು ಮೂಡಿಬರುವ ಮೂಲಕ ಪರಿಸ್ಥಿತಿಯನ್ನು ಸಮರ್ಥವಾಗಿ ಸುಧಾರಿಸಲು ಸೀರಿಯಸ್ ಕಾರ್ಯ ತತ್ಪರ ಮನಸ್ಥಿತಿಯನ್ನು ತರುವ ನಿಟ್ಟಿನಲ್ಲಿ ಸತತ ಪ್ರಯತ್ನ ತೀವ್ರ ವಾಗಬೇಕು ನಿಮ್ಮ ಪ್ರಯತ್ನ ಶ್ಲಾಘನೀಯ ಯೋಗೀಶ್ ಭಟ್ ಬೆಂಗಳೂರು,0
edu public mistake alla bidi evara mistake edu one week ga 11 films release adre jana yavdanta nododu its totally mistake of film makers planning,3
idu beku guru china soole maklige innu kodu guru superrrr guru,4
pakka guru same feelingu,0
do more promotion,5
salute to you nusarath nadaf,5
ಆಲ್ ದಿ ಬೆಸ್ಟ್ ನಿಖಿಲ್ ಕುಮಾರಸ್ವಾಮಿ ಅಭಿಮಾನಿಗಳ ಕಡೆಯಿಂದ ಈ ಚಿತ್ರ ಶತದಿನೋತ್ಸವ ಆಚರಿಸಲಿ ಎಂದು ಹಾರೈಸುತ್ತೇವೆ,0
മലയാളികൾ ഒണ്ടോ ഇവിടെ,5
ಸರ್ ಇದನ್ನ ನಮ್ಮ ಕಲ್ಪನೆ ಸಿನಿಮಾ,0
yake jana ogtila andre bec of telegram app bec yala movie galu 1 week ge sigtide yalrugu phone ale nodtidare tuu itara ole cinimas na yaru ogi nodtilwala anode bejaruu ban the telegram appnplzz,4
i hv one doubt gay gu ivarigu en difference heli,4
bro nim editing spr nan nim videos fan e video dali heliro song matra spr,0
കട്ട വെയ്റ്റിങ് മലയാളം asn,5
bro niv sarige helidri,0
intha olle video nu dislike madiroru yentha kachada nanmaklirbeku,3
ಏ ನಂದಿನಿ ರಂಡಿಮಗಳ d boss bagge matadadre hudukondu bandu hoditini jaag helu,2
delete tiktok your details are also hacking chinese,4
edu yav game sir,0
munira nice songs,0
super bro im happy,5
next level quality,5
khandare houdu sir ashwathamanige chiranjivi vara ide adakke avanige sri krishna aatara shrapa kottiddu ashwatama shivana innondu rudra avtara,0
ಜೈ ಹಿಂದ್,0
thank you sar,5
big boss kannada dalli ententa kachda jana haktare inta olle janrana haki,4
d boss abimanigala kadeyinda avne srimannarayana chitrakke all the best,0
kera togondu odebeku nana magana,2
ಕನ್ನಡ ಇಂಡಸ್ಟ್ರಿಯಲನಲ್ಲಿ ರಕ್ಷಿತ ಶೆಟ್ಟಿ ಅಂದ್ರೆ ಅಮೀರ ಖಾನ್ ಇದ್ದಂಗೆ,5
kelly hinge matad tidre adne madtini,2
hudugi andre yak saytiro,1
sai kumar diolauge anthu benki bro,0
adeno gottilla tumba ista ayta nimage,0
parthasarathi balegar bale bale matte ninna akkna minda kano nanu mindri magne randi maga ninu bere heros bagge kettadagi comments madodu bidu navu yaru tantegu hoglla boss tantege bandre gottala,2
song superrrrr bro,5
hindustani bhau timing,5
bro ah sule nandhini atra yen matu bidi,2
supar anna supar,0
bro ee devru yallru india davre na athava india bittu ogallva,4
ಇದು ಚರಿತ್ರೆ ಸೃಷ್ಟಿಸೋ ಅವತಾರ,0
golden era for kannada film industry love mocktail,5
super anna,0
meaningful video bro,5
ಕತೆ ಕತೆಯಾಗಿ ಇರುತ್ತೆ ಇದನ್ನು ನಂಬಲು ಅಸಾದ್ಯ,1
super movie love madabardu guruuu,1
yav game idu,0
parthasarathi ಉಮ್ಮ್ ನಿನ್ ತುಲ್ಲುಗೆ ನನ್ ರಸ,2
ತೊಗರಿ ತಿಪ್ಪ ಸುಪರ್ ಕಾಮಿಡಿ,0
super correct sir,5
super guru shivumagod com,0
youtube subscriber at list 5lack kooda ella yelli reach agutte t series nalli bittidre 10m agirodu avraddu tappu,1
bro tells about diploma exam,5
super star darshan fans ikada,5
ಕಳಪೆ ವಸ್ತುಗಳ್ನು ಉತ್ಪದಾನೆ ಮಾಡಿ ಬೇರೆಯವರ ಹೊಟ್ಟೆಮೇಲೆ ಒಡಿಯೋದು ತಪ್ಪಲ್ವ,1
super song guru,0
ಇಂತ ಸಿನಿಮಾ ಕನ್ನಡ ಚಿತ್ರರಂಗಕ್ಕೆ ಬೇಕು,0
re release madi pakka node nodthare evaga yav theater allu ella nodoke movie tumba chennagide,0
telegram alli download maadkondu nodidare theatre alli kammi,1
7 ವರ್ಷ ಕಷ್ಟಪಟ್ಟು ಮಾಡಿರೋ ಸಿನಿಮಾವನ್ನು ಸರಿಯಾದ ಸಮಯಕ್ಕೆ ಬಿಡುಗಡೆ ಮಾಡ್ಬೇಕಿತ್ತು ಸರ್ ಕೊರೋನಾ ವೈರಸ್ ಬಗ್ಗೆ ತಿಂಗಳ ಹಿಂದೆ ಮಾಹಿತಿ ಇತ್ತು ನನ್ನ ಪ್ರಕಾರ ಸಿನಿಮಾ ಸೋತಿದ್ದೇ ಆಗಿದ್ರೆ ಅದು ನಿಮ್ಮದೇ ತಪ್ಪಿಂದ ಆದ್ರೆ ಇಂತ ಅದ್ಬುತ ಸಿನಿಮಾವನ್ನು ಇನ್ನೊಮ್ಮೆ ರಿ ರಿಲೀಸ್ ಮಾಡಿ ಸರ್,3
super song,0
shashu super bro,5
ಸೂಪರ್ ಸೂಪರ್ ಸೂಪರ್ ಬ್ರದರ್,0
ಬರೀ adds bartave,1
ತುಂಬು ಹೃದಯದ ಧನ್ಯವಾದಗಳು ಸರ್,0
next leval movie in prajval,5
ಅದ್ಭುತ ಕನ್ನಡ ಸಿನಿಮಾ,0
ಇದು ಚರಿತ್ರೆ ಸೃಷ್ಟಿಸುವ ಸಾಂಗ್,0
ಸರ್ ನೀವು ಕೊನೆಯಲ್ಲಿ ಹೇಳಿರುವ ಮಾತು ಸೂಪರ್ ಸರ್,0
looks very different,5
eno anna dool ebsi bitti alla comment boxnalli,1
idu nijvaaglu cinema na illa sum sumne naa,3
p avunu dagar devarakonda dd,5
avnu yava language mathadodu,0
ಏನ್ ಸಾಂಗ್ ಗುರು ಮಸ್ತ್,0
houdu nnam janakke buddi illa,0
shetty lo beedhi soole magane nin prakarane belsbeku annodidre nim kade maado yakshagaana,2
ಸರ್ ನಿಮ್ಮಲ್ಲಿ ಕೇಳಿಕೊಳ್ಳೋದು ಇಷ್ಟೆ nಭಾರತವನ್ನು ಮುನ್ನಡೆಸುವ ಜವಾಬ್ದಾರಿ ನಮ್ಮೆಲ್ಲರದಾಗಿದೆ ಅದಕ್ಕಾಗಿ ಸರ್ inspire ವಿಡಿಯೋಗಳು ಯಾವ್ತರ ಯಾವುದರಲ್ಲಿ ಬೆಳೆಯಬೇಕು ಅನ್ನೋದು ಒಂದು ವಿಡಿಯೋ ಮಾಡಿ ಸರ್ ಪ್ಲೀಸ್ mi ranga ಬಳ್ಳಾರಿnಈ ಕರೋನ ದಲ್ಲಿ ಎಂದು ಯಾವ ತರ ಬೆಳಿಬೇಕು ಅನ್ನೋದು ವಿಡಿಯೋ ಮಾಡಿ ಸರ್ ಪ್ಲೀಸ್,0
ಓಕೇ ಓಕೆ ನನಗೆ ಗೊತ್ತಾಗಲಿಲ್ಲ,0
superb movieeeeeee,5
super junior narayana,0
kulkarni ಭ್ರಷ್ಟಾಚಾರ ಹೋಗೋದು ಕಠಿಣ ಕಾನೂನುಗಳಿಂದ ಅದಕ್ಕೆ ರಾಜಕೀಯ ಇಚ್ಚಾಶಕ್ತಿ ಬೇಕು ಈ ಕಳ್ಳ ಕಾಂಗ್ರೆಸ್ ನಮ್ಮ ದೇಶವನ್ನು ಹಾಳು ಮಾಡ್ತು,0
well,5
fan from jupiter,5
div movie nodi thumba kushi aithu yakandre hen maklu jevanke atharavada movie thumba adbuthavagithu dia ond sala nodidini bt nange e movie na mathe mathe nodbeku anthasuthe nanganthu yala movie ista bt dia thumba special yakae hege antha helodik agthila asta aithu sundravada love thai preethi 2 hero s obrg ibru kami illa dia nodvag kushi aithu prithi helthare anvaga kalkondru mathe bere sambanda besadaga hale prethinali priiithi india duragi mathe bandy mathe kalkonda aa ondu nimsha jeva kaldoithu bt gene idru i love dia,0
epic comment,5
thanks ellakade link sher madi ntukali kushmikage hattiro kobbanna elisi,4
supr bro u r video,5
traditional man in karnataka,5
meri tarah or kon ye song roj sunta h n,5
bro nivu yava game adtaiyidara please comment,0
superb movie,5
న న ఇప పట వరక 50 ట మ స చ శ స గ స పర స గ nsuper acting rakshith shetty good acting and super movie ni am from andhra,5
i love promod sir voice,5
namboke sadyane illa,1
looks like rango,5
wonderful song,5
super super rakshit shetty king star,0
10 lla 11 pramuka kaarana boy behano modi,0
hands up like madi,0
vijay parkash sir,5
nejwad deushya torishi eg heliddu,3
i never expect a kannadiga troll like i am impressed so i liked it keep rocking jai hind jai karnataka,5
waiting asn,5
togari tippa katha n 3,5
thanks you sir,5
remake ಮಾಡಿ hit ಕೊಡೊಕೆ ಇದು 2010 ಅಲ್ಲ n2020 swamake ಮಾಡಿ ಖಂಡಿತ hit ಕೊಡುತ್ತೆ nಗೆಳೆಯ ಅಂತ ಸಿನಿಮಾಗಳು ಮಾಡಿ,1
your are great man ದೇವರು ಚೇನಗೀ ಇಟ್ಟಿರಿಲ್ಲಿ wonder full man,0
rakshit anna niii,0
kannada matte remake film,1
parthasarathi ಲೆ ಮುಂಡೆ ಇಲ್ಲಿ ಕೇಳು ನಿಮ್ಮ ಬಾಸ್ ಯಾವಾಗ್ಲಾದ್ರೂ help ಮಾಡಿದನಾ ಹೋಗ್ಲಿ ನಿಂಗೆ ಹೊಸ ಕಾಂಡೊಮ್ ಆದ್ರೂ ಕೊಡ್ಸಿದಾನ ಲುಚ್ಚಾ ಸುದ್ವೇಪಿ,2
i do like guru deshpande movies im gonna rush,5
dislike madiroru pakka rashmikha kadeyavare,3
10 dubbing movie barudakkintha 1 e thara movie bandare sakku,1
abhigowda,5
idu charitre srushtiso cinemanee,0
flop movie boring,4
super guru chinage huttida sooleaklige saryagi hugididiya,1
etara obba adbutha nata,0
super guru,0
super super super super song,5
ಲೈಕ್ ಮಾಡಿ ಇಲ್ಲ ಅಂದ್ರೆ ನಿಮ್ಮನೆ ದೇವ್ರು ಶ್ರೀ ಮನ್ನಾರಾಯಣ ನ ಮೇಲಾಣೆ nnhands up,3
full videos link iddare haaki,0
super super super,5
ಸೂಪರ್ ರಕ್ಷಿತ್ ಶೆಟ್ಟಿ ಅಜನೀಶ್ ಲೋಕನಾಥ್ ಏನ್ ಮ್ಯೂಸಿಕ್ ಗುರು ನಿಂದು ಉಳಿದವರು ಕಂಡಂತೆ ಕಿರಿಕಪಾರ್ಟಿ ಅಕಿರ ರಂಗಿತರಂಗ ಬೆಲ್ ಬಾಟಮ್ ಪಡ್ಡೆಹುಲಿ ಜಾನಿ ಜಾನಿ ಎಸ್ ಪಪ್ಪ ವಾಸು nಅಚ್ಚ ಕನ್ನಡ ಗೀತೆಗಳುnನೀನ್ ಕೊಟ್ಟಿರೋ ಫಿಲ್ಮ್ ಎಲ್ಲ ಮ್ಯೂಸಿಕ್ ಸೂಪರ್ ಹಿಟ್,0
asn release in nkannada dec 27ntelugu jan 1stntamil malayalam jan 3rdnhindi jan16thnnastaralli ella mobile nalli nodi mugsirtaare aaga release maadi aden record create maadtaro n300 koti beku anta tweet maadidre saaladu ondu cinemana janagalige yav reethi talupisodu anta gottirbeku kurukshetra ide reethi promotion ilde haalagi hoytu innoo idunnoo hange maadtidaare,1
genuine information nimdhu,0
super duper hit,5
please all dislike this video,1
sir movie nodidini idhu ithara film en chennagide sir compare to love mocktail,0
super pakka nodthini,0
300 plus ಕೋಟಿ ಪಕ್ಕಾ,0
chinddi hagi madidiya guru,0
ಕ್ಷಮೇ ಇರಲಿ ತುಂಬಾ ಅದ್ಬುತವಾದ ಸಿನಿಮಾ ವರ್ಣಿಸಲು ಪದಗಳೇ ಇಲ್ಲ ಜೀವನದ ಅನಿರೀಕ್ಷಿತ ತಿರುವುಗಳ ಬಗ್ಗೆ ಊಹಿಸಲಸಧ್ಯವಾದ ಸಂದರ್ಭ ಸನ್ನಿವೇಶಗಳನ್ನು ಕಣ್ಣ ಮುಂದೆ ತುಂಬಾ ಅಚ್ಚುಕಟ್ಟಾಗಿ ನಿರ್ದೇಶಕರು ಕಟ್ಟಿ ಕೊಟ್ಟಿದಾರೆ ಒಟ್ಟಾರೆಯಾಗಿ ಎಲ್ಲರೂ ತಮ್ಮ ಪಾತ್ರಗಳಿಗೆ ಜೀವ ತುಂಬಿದ್ದಾರೆ,0
my favourite singer vp sir,5
pogaru barthide wait madi guru,1
hindiyelli film release madbekittu bro,0
ಇದು ಖಂಡಿತ ಚರಿತ್ರೆ ಸೃಷ್ಟಿಸೊ ಅವತಾರ,0
legit gaming ಅದು ಒಂದ್ ಪದ ಬಿಟ್ಟು ನೋಡು,0
baari ugadiddira bro full support nimage,0
superb music,5
anna intha kachada nahigallna roast madodralli tapenilla asn dialogue daritapdhorna kshamisbodhu thap daari hiddhornallla nim jothe iddhivi anna,4
e film kgf level ig erbhodu annoru like maadi adunnu meersbhodu annoru comment maadi,0
king k yav reeti badavru jati lekkana or powerty,2
correct agi helde guru adashtu ellakade share madi,0
movie chindi chitranna best movie ever,0
hindi kannada haadugala hatrakkku barukke sadhyene illa,0
yen bro nivu supper nim fan agbitte,0
next shankar nag boss,0
ಜೈ ಡಿ ಬಾಸ್ ರಾಯಚೂರಿನ ಅಭಿಮಾನಿಗಳ ವತಿಯಿಂದ all the best,0
btv avra hatra video clip irbodu ಇದ್ರೆ ಹಾಕಿ plzz,0
v hu kanappa gottu yash boss bitre yella avare copy paste gale remake stars,0
bro tiktok ban bagge bejar agiro nayi galige innu mut nodkollo hage roast madu bro plzz aa lofar nayi galige nam desha kinta ade bekagide nayigalige,3
idu charitre srushtiso avatara e line kelidmele tak anta nenpagodu vijay prakash sir annovru like madi,0
super guru,0
why kannadigas not supporting kannada movies,1
jai modiji for tik tok ban,5
mungaru male and dia,0
ಕಂಕಣ ಸೂರ್ಯ ಗ್ರಹಣದ ಸಮಯದಲ್ಲಿ ಯಾರ್ ಯಾರ್ ನೋಡ್ತಿದ್ದಿರಾ,0
super guru nin voice,0
vishnuvardhana hagidre enu madok agolla bidu hahaha,0
ಥೂ ನಿಮ್ಮ ಮೊದಲು ನಮ್ಮ ದೇಶ ನಮ್ಮ ದೇಶಕ್ಕೋಸ್ಕರ ಬದುಕಿ ಚೀನಾದವರ ನೀವು ಚೀನಾದ ಅವರಿಗೋಸ್ಕರ ಬದುಕಬೇಡಿ ನಮ್ ದೇಶ ನಮ್ ನಾಡನ್ನು ಬೆಳೆಸಿ ಮೊದಲು,3
rakshith shetty fans ondu like kodi nn,0
vp sir super sir,0
avanu allla bro avaru annabeku,1
diya thumba chennagide ondu olle prayathna movie kone vargu sinimada ondu bhagavagi ondu olle feeling nalli movie na nodthidde but kone seen nijakku ishata aglilla tragidi ishtondu bekitta ellara manisige ishta ada adi na sayisbekitta so last seen nodida thakshna alliyavaregu idda feel pat antha maya agi edenu heeg madudru ansuthe,3
tiktok ದೂಳು ivathinda,1
cute kushii ravi,5
hats of shankar ashvath sir nimma e swabimaanada jeevana sukakarawaagi saagali,0
olledanna swalpa guruthisi,0
music super,5
chen aged really like kode,0
ಹಾಡು ಯಾಕೋ ವಿಚಿತ್ರವಾಗಿ ಹುಚ್ಚೆಬಿಸಿದೆ ಎನ್ನುವವರು ಲೈಕ್ ಮಾಡಿ,0
ಸೂಪರ್ ಸಾಂಗ್ altimate ಸಾಂಗ್ guru,0
ಅವಾಗ ಕಬ್ಜ ದರ್ಶನ ಇವ್ರೆಲ್ಲಾ ಬಂದು ಕೆಡವಕ್ತಾರೆ,3
kgf gunda ha bey,5
super song in kannada,5
ತೊಗರಿ ತಿಪ್ಪ ಕಥೆ ತುಂಬಾ ಚನ್ನಾಗಿದೆ ಮತ್ತು ತುಂಬಾ ಹಾಸ್ಯಾಸ್ಪದವಾಗಿದೆ,0
so nice bro,5
nin dialog super guru chindi guru,0
ಚರಿತ್ರೆ ಇದೆ ಇದು ಒಂದು ದಂತಕಥೆ,0
ಸಾಂಗ್ ಬೆಂಕಿ n,0
4 times per day,0
ನನ್ನ ಈ ಕಾಮೆಂಟ್ ಕನ್ನಡ ಚಲನಚಿತ್ರ ನಟ ನಟಿಯರು,4
kannadigaru dislike madbardu,1
hadsap handsap plzzzzzzz kannada cinima idndustige handsap me saport,0
kgf chaffer 2 beda bare baku,0
s shetty appreciate madtaidane guru,2
jonny andre jayarama irbahuda,0
kumar guru nan movie na first week theater nalli nodde i liked movie and referred my friends to see movie ಯಾರು ನೋಡಲಿಲ್ಲ ಅಂಥ ಅಂದ್ರೆ ನಾನ್ ನೋಡಿಲ್ಲ ಪ್ರೋತ್ಸಾಹ ಕೊಟಿಲ್ಲ ಅಂಥ ಅಲ್ಲ ದಯವಿಟ್ಟು ನೋಡ್ಕೊಂಡ್ ಮಾತಾಡಿ ನಮ್ಗೂ mathadokke ಬರುತೆ,1
nam mane gu bandida,1
signature step is ultimate,5
ಹೌದು ಸ್ವಾಮಿ ಇಂತ ನನ್ ಮಕ್ಕಳಿಗೆ ಎಷ್ಟು ಉಗಿದರೂ ಬುದ್ಧಿ ಬರಲ್ಲ ನಮ್ಮಲ್ಲೇ ಹೌರೆ ಶತ್ರುಗಳು ಐ ಡೋಂಟ್ ಲೈಕ್ ಚೈನಾ,4
creative ಕಿಲಾಡಿ ಗುರು ನೀನು ಸೂಪರ್,0
top 1 trending,5
omg nange gotte irlilla prajwal hatra istond ide anta,2
ನಿಜಕೂ ಈದು ಆಚರಿನೇ,1
ಸೂಪರ್ ಫಿಲ್ಮ್ ಇನ್ನು ಎನು ಹೇಳೊಕಾಗಲ್ಲ,0
ನಾನು 15ವರ್ಷ ಹಿಂದೆ ಚಾಮಯ್ಯ ಮೇಷ್ಟ್ರು ಅಶ್ವಥ್ ಸಾರ್ ಇಂಟರ್ವಿವ ನೋಡಿದ್ದೆ,0
our karnataka is great state in india,5
wow diya soop,5
super guru,0
hlo bro even i uninstalled at stupid app,4
ur super sir but ಒಂದ hit movi kodi sir navu adakoskara kaetidivi,4
his gun is like a flair gun,5
ನೋಡಿ ಸರ್ ಯಾವದನು ಅಲೆಗಳಗಿಲ್ಲ ನಾನು ದೇವರನ ನಂಬಲ ಅಂದರೆ ಕೃಷ್ಣನ ಖಂಡಿತಾ ನಂಬತಿನಿ,4
amazon prime music ali ide,0
still no 1 trending,0
hands up gun looks like flare gun nin pubg,5
k n,5
ಭರ್ಜರಿ ಆಪರೇಷನ್ ಗುರುವೇ,1
kannada matte remake film,1
ರಕ್ಷಿತ್ ಶೆಟ್ಟಿ ಯವರ ಬಾಡಿ ಲಾಂಗ್ವೇಜ್ ಗೆ ಸೈ ಎಂದವರು ಲೈಕ್ ಮಾಡಿ,0
huchha venkatsene west indies al the best asn,2
share link maximum,5
jai d boss,5
ಕೇಳಲು ಇಷ್ಟ ಆದರೆ ಇದು ನಿಜ ಅಲ್ಲ ಅನಿಸುತ್ತೆ ನನ್ನ ಪ್ರಕಾರ,1
guru ninge like beku andre kelu kodthare adu bitu thandidabeda,2
well said broi,5
super bro,5
ರಶ್ಮಿಕಾ ಮಂದಣ್ಣಳಿಗೆ ದೆಂ,0
unlike madiroru bevarsigalu,3
sir mobile gala bage video madi bro,0
vedas hello,5
57 time,5
1 7k dislikes rashmika fans,3
boss akkun bidbede roste madi,0
nkn tiktok ban agbeku aste,0
sir ondu mathu nange thumba esta aithu ಹೂಗಳಿಕೆ ಹೂಟ್ಟೆ ತುಂಬಿಸಲ್ಲ ದುಡಿಮೆ ಹೂಟ್ಟೆ ತುಂಬಿಸತ್ತೆ ನಿಜ ಸರ್,0
instagram bya agithi ana,5
kannada song yavagalu super,0
ಚಂದನ್ ಶೆಟ್ಟಿ ಟ್ರೊಲ್ ವಿಡಿಯೋ ನೀವು ನೋಡಿ ನೆಗಡ್ಡೆ ಇದ್ರೆ ನಾವ್ ಗ್ಯಾರಂಟಿ,0
namma janakke innu idara liric arta agilla good music extraordinary liric,0
nodu guru trend song neddappa song andree,0
chennagide eno suspense ide,0
pakka new year party song m,0
parthasarathi ನಂದಿನಿ ನಂದಿನಿ ನಿನ್ ತುಲ್ಲು ಕೆಂಗೇರಿ ಮೋರಿ,2
tamate song matra amazing,0
ದಯವಿಟ್ಟು ಬಿಡುಗಡೆ ದಿನಾಂಕವನ್ನು ಹೇಳಿ,0
ಚೀನಾದ ಭವಿಷ್ಯ ಕ್ಕಾಗಿ ಸ್ಥಿರ ಆಡಳಿತಕ್ಕಾಗಿ ಜಿನ್ ಪಿಂಗ್ ರನ್ನು ಜೀವಮಾನದ ವರೆಗೆ ಅಧ್ಯಕ್ಷ ರಾಗಿ ಆಯ್ಕೆ ಆಗಿದ್ದಾರೆ ಆದರೆ ಭಾರತ ದಲ್ಲಿ ಪ್ರತಿ ವರ್ಷ ಒಂದಿಲ್ಲೊಂದು ಚುನಾವಣೆ ಗಳು ಇರ್ತಾವೆ ಈ election ಗೆಲ್ಲೊಕೇ ಹೊಲಸು ರಾಜಕೀಯ ನಾಯಕರ ಹಂದಿಗಳು ಹರಾಚಾಟ ಜಾತಿ ಧರ್ಮ ಬ್ರಷ್ಟಾಚಾರ ಅಧಿಕಾರ ದಾಹ ಸುಳ್ಳುಗಳು ಕೆಸರು ಎರೆಚಾಟ ಇಂತ ಹೊಲಸು ರಾಜಕೀಯ ವನ್ನೇ 24 7 ಬ್ರೇಕಿಂಗ್ ನ್ಯೂಸ್ ಆಗಿ ತೋರಿಸೋ ಮೂರು ಬಿಟ್ಟು ಬಾಯಿ ಬಡುಕೊಳ್ಳೋ news ಚಾನೆಲ್ ಗಳು ಇದು ನಮ್ ಗೋಳು ಗಳು nಇದರ ಮಧ್ಯ ಜನ ಸಮಾನ್ಯನಿಗೆ ಶಿಕ್ಷಣ ಆರೋಗ್ಯ ಉದ್ಯೋಗ ಒಳ್ಳೆ ಪರಿಸರ ಬರಿ ಕನಸು nಇನ್ನೂ social ಮಿಡಿಯಾ ದಲ್ಲಿ ಭಾರತ ವಿಶ್ವ ಗುರು,3
omg nange gotte irlilla prajwal hatra istond ide anta,2
ಇದು ಚರಿತ್ರೆ ಸ್ರಷ್ಠಿಸೋ ಅವತಾರ,0
super conceptnreally prajwal devaraj eetara cinema select madi madtare ankondirlilla super concept,0
idu yaavdo tamil film remake guru,3
super super d boss,5
parthasarathi ಹುಚ್ಚು ಮುಂಡೆ,2
ಚಂದನ್ ಶೆಟ್ಟಿ ಟ್ರೊಲ್ ವಿಡಿಯೋ ನೀವು ನೋಡಿ ನೆಗಡ್ಡೆ ಇದ್ರೆ ನಾವ್ ಗ್ಯಾರಂಟಿ,0
adege astondu currect aagi heltira madam,0
song sprrrrrr bro,5
madhukumar ks for a kind information audio lunch,2
ಚಿನಾ ಎನನಾ ಉತ್ಪಾದನೆ ಮಾಡಲಿ ನಿನು ನಿನದೇಶ ಉತ್ಪಾದನೆ ಮಾಡಿದ ವಸ್ತುಗಳು ಉಪಯೊಗಿಸು ನಮ್ಮ ಗಿಂತ ದೊಡ್ಡದೆನು ಅಲ್ಲ ಭಾರತೀಯರನ್ನು ನಿನ್ನ ಅತಿ ಬುದಿವಂತಿಕೆಯಿಂದ ಕಿಂಚಪರಿಚಬೆಡ,2
idu cheritre shrustiso avatara,0
ಅಬ್ಬಾ ಏನ್ ಗುರು ಟ್ರೈಲರ್,0
sahitya kararige shata shata namana,0
rite bt avara personal adu problems en aitu anta namge gotilla yake hudgi mele hig coments mododu brother nam sis ge idu agidre nav en madtidvi aur problems avaru solve modkonda aitu naaav sumne ivele overthinking madta idivi,0
super super super,5
super sir songs kicchaa big boss fan,5
rao modlu caste system hogbeku inter caste marriage hecchige agbeku yavag caste hogutto avage reservation hogutte ella kade nim caste yavudu anta kelore hecchidare bekabitti illi yaru tinutilla adu hakkide ella 75 india du property obbare caste hattir ide adu tamugu gottu,0
u r a real indian i am full support to kannada n nkarnataka,5
ee boli maklige deshakoskara1 app delete madakkaglilla,4
ನಿಮ್ಮ ಮಾತು ಕೇಳಿ ಚಾಮಯ್ಯ ಮೇಷ್ಟ್ರು ನೆನಪಾದರು,3
sakath anna nim haadu,0
yelrgu valya insperation,0
agithu parichaya youtube nalli nsneha suruvaythu whatsapp nalli nmundu varida adhyaya,0
super guru,0
ennu madu guru eee sule magllu du troll na,3
super bro nim song,0
uppi dialog ultimate ella sede nann maklu,0
tiktok nan shata shata,4
edu charitre srustiso movie,0
singer voice awesome,0
anjali devi y,5
drona pandavara para iddre ivneke kouravara para iddana,0
super movie super song,5
super bro,5
ಕನ್ನಡದವರಾಗಿ ಕನ್ನಡ ಸಿನಿಮಾ ಹೆಮ್ಮೆಪಡುವಂತಹ ಸಿನಿಮಾ,0
yalla hero fans e movie naa support madtini annoru like madi,0
anjali devi hi,5
trending video asn,0
no its 22m views,5
vijay prakash voice super,5
ನೈಸ್ ಸಾಂಗ್ d ಬಾಸ್,0
basavaraj tambak artha madbeku movie na movie thara nodbeku,0
aldh best for prk fans,5
ravikumara k g howdhu,0
ಪ್ರಪಂಚವನ್ನೇ ನಡುಗಿಸುತ್ತಿರುವ ಉಗ್ರವಾದ ಕರೋನಾಗೆ ಶಾಕ್ nರೂ 50,4
ಇಂಡಿಯಾದಲ್ಲಿ ಚೈನಾಗೆ ಹುಟ್ಟಿರೋ ಚಕ್ಕಗಳ ತಿಕದಲ್ಲಿ ಇನ್ನು ಸ್ವಲ್ಪ ಕಾರಪುಡಿ ಆಕ್ಬೇಕಿತ್ತು ಅನ್ಸುತ್ತೆ ಬ್ರಾ,4
ganesh bhat ಅಯ್ಯೊ ಮರಾಯ ನನ್ನಗೆ ನಿನ್ನ ಮನೆ ಮಜ್ಜಿಗೆ ಯಾಕಪ್ಪಾ ಯಾರಾದರೂ ದಾರಿಹೊಕರಿಗೆ ನಿಡಪ್ಪಾ,2
ಬಂದ ಬಂದ ಅವನೇ ಶ್ರೀಮನ್ನಾರಾಯಣnhands up,0
jai d boss jai simple,0
god bless you sir nnimage olleyadagali,0
ಸರಿಯಾದ planning ಇರಬೇಕು ನಮ್ಮ ರಾಜ್ಯದವರು business ನಲ್ಲಿ improve ಆಗ್ಬೇಕು,2
ಕೆ ಜಿ ಎಪ್ ನಂತರ ಮತ್ತೂಂದು ಕನ್ನಡದ ಹೆಮ್ಮೆ,0
gultu kuda same problem face madittu,0
one minute silence for tiktokers,5
ಕನ್ನಡ ಚಿತ್ರರಂಗ ತುಂಬಾ ಮೋಸ nಅಶ್ವತ್ ಸರ್ ಅವರು ತಂದೆ ಪಾತ್ರ ಎಷ್ಟು ನಟರಿಗೆ ಹೆಸರು ಆಸ್ತಿ ತಂದು ಕೊಟ್ಟಿದ್ದಾರೆ nಅವರ ಮಕ್ಕಳು ಕುಡಾ ಕೊಟಿ ಕೊಟಿ ದುಡಿಯುತ್ತಾ ಇದ್ದರೆ ಆದರೆ ಶಂಕರ್ ಸರ್nನಿಮ್ಮ ತಂದೆ ನಿಮ್ಮ ಗೇ ಏನು ಮಾಡಿಲ್ಲ ನಿಮ್ಮ ಒಳ್ಳೆಯ ತನ ದೇವರು ಕೈ ಬಿಡುವುದಿಲ್ಲ,0
kamalakar salunke utjtkitnutkgntnnnugkuyu,5
mutturaj melageri hhhh,5
d boss fan kade inda full support bro,0
super re pa,0
ಥೂ ನಿಮ್ಮ ಮೊದಲು ನಮ್ಮ ದೇಶ ನಮ್ಮ ದೇಶಕ್ಕೋಸ್ಕರ ಬದುಕಿ ಚೀನಾದವರ ನೀವು ಚೀನಾದ ಅವರಿಗೋಸ್ಕರ ಬದುಕಬೇಡಿ ನಮ್ ದೇಶ ನಮ್ ನಾಡನ್ನು ಬೆಳೆಸಿ ಮೊದಲು,3
un like madorge mana maryadine ella guru oledelidru kidodrthada adthare,4
hegde ಆಂಧ್ರವಲ ಗಳು eddare ಅಂದ್ರ ನಾಯಿಗಳು ತೆಲುಗು ಕನ್ನಡ ಪ್ರೇಮಿಗಳು ಕನ್ನಡ ಸಿನಿಮಾ ನೋಡಿತರೆ ದರ್ಶನ್ ಸುದೀಪ್ ಪುನೀತ್ ಯಶ್ ರಕ್ಷಿತ್ ಶೆಟ್ಟಿ ದ್ರುವ ಸರ್ಜಾ ಶಿವಣ್ಣ heavy fan fellowing ಇದೆ but ಇನ್ನೊಂದು ತೆಲುಗು ಸಿನಿಮಾ ನೋಡೋದು ಚಿಕ್ಕಬಳ್ಳಾಪುರ ಜಾಸ್ತಿ,2
anna en mast helde 100 plzzz innu innu publish madi thukali tiktok ge end sigli,0
nija na,0
ನಮ್ಮ ಕನ್ನಡnನಮ್ಮ ಹೀರೋnನಮ್ಮ ಹೆಮ್ಮೆnಸೂಪರ್ nವಿಷ್ಣು ದಾದ ಅಭಿಮಾನಿ ಗಳು,0
boss ದಯಮಾಡಿ 1 year ಗೆ ಒಂದು ಸಿನಿಮಾ ಆದರೂ ಮಾಡಿ ಮತ್ತೆ ನಿಮ್ಮಲ್ಲಿ ಇರುವ ನಿರ್ದೇಶಕನನ್ನ ಮಾತ್ರ ಸಾಯಿಸಬೇಡಿ nನಿಮ್ಮಲ್ಲಿ ಏನೋ ಒಂದು ವಿಶಿಷ್ಟ ಶಕ್ತಿಯಿದೆ ರಕ್ಷಿತ್ ಶೆಟ್ಟಿ ಅವರೇ nಪುಟ್ಟಣ್ಣ ಕಣಗಾಲ್,0
vp super voice,5
en guru edu song super,0
dabba movie soo sad,4
super song,0
nimmamman hogi alli kelsa madu gothagute,2
nama kannada channel dinesh ss qthjjko,0
super bro tik tok tik tok antha sayo bekuf nanmaklge sariyagi samadana helidira bro,3
wt a song sprb song boss,5
dhanush ಕೈ ಮೇಲೆತ್ತು nnaa pistol hesaru ಕೈ ಮೇಲೆತ್ತು idabahuda,0
game name yavdu bro,0
kithodnan maklu galu alli saytha edare elli yak madbeku uninstall madbeku anthare gandu galu,4
good movie thanks die team sorry,5
ಶೆಟ್ಟಿಗಳು ಎಲ್ಲಾ ಈತರ ಕಥೆ ತೆಗಿಯೋದು ಮುಖ್ಯವಲ್ಲ ಕಮರ್ಷಿಯಲ್ ಸಿನಿಮಾ ಮಾಡಿ ತೋರಿಸಿ,3
yentha shoot madbeka,1
chiru le child chapati gala artha maadkolli film chennagidre yaar hero ne irli naan nodtini nim booos aagli,3
repeat mode pe,5
kelave kelavu theatrenalli matra release agittu,0
super bro nd boss fans,5
paramvah music in,5
super steps brooooo,0
paapa yaro hair oil bagge helkodthidre niv yake oppose maadthira adu avara ishta avaru yelli aadaru copy maadli niv yavathu yenu copy maadillva niv hege nim opinion helidri avru ashte avara opinion helidru ashte niv maathadidu avarige sari ansalla,2
hands up anta kottaddu yella language li onde title irli anta yar opputtiri illi like madi,0
naanu kooda join aagthini,0
ಆಂಗ್ಲ ಭಾಷೆ ಬಳಸೋ ಕಾಲದಲ್ಲಿ ಅಚ್ಚ ಕನ್ನಡದಲ್ಲಿ ಸಾಹಿತ್ಯ ಬರೆದಿರುವ ಬರಹಗಾರರಿಗೆ ಕೋಟಿ ಕೋಟಿ ನಮನಗಳು,0
420 tik tok 420 china,4
t yes,0
rocking star kadi enda all de best,0
sir nange ashwath sir andre praana nan appana hage iddru avranna kalkonda dukka tumbaa ide nange and i respect u tooo sir god bless u sir,0
ಚಿತ್ರದ climax ಏ ಚಿತ್ರವನ್ನು ಮಂಕಾಗಿಸಿದೆ,3
ತೊಗರಿ ತಿಪ್ಪ ಸೂಪರ್ ಗುರು,0
avane sriman narayana,0
uttara karnatakad attyuttama hasya,0
prajwal devaraj matte yeddelo chances ide adu ee trailer ali kaanustide,0
ಪ್ರಮೋಷನ್ ಕೊರತೆ ಇತ್ತು ದಿಯಾ ಸಿನಿಮಾಗೆ ಅದ್ಭುತ ಕನ್ನಡ ಚಿತ್ರ,1
right bhai avarige barabari shock aagide,0
parthasarathi ನಿನ್ ತುಲ್ಲಿಗೆ,2
super video neja bro slutie jaihind,0
ಸುಂದರ ಕಲ್ಪನೆಯ ಹಾಸ್ಯ ಪ್ರಸಂಗಗಳು nಡಾ ಶಂಭು ಬಳಿಗಾರರ ಹೇಳುಗಾರಿಕೆ ಜನಮೆಚ್ಚುವಂಥದ್ದು,0
thunbha holle msg kotri,0
paramvah music hindi,0
thika urkondu dislike madbittidira already nsuper song asn nnam shettru steps anthu,3
super togari tippa,5
ಮೋದಿ ಇನ್ನು ಹತ್ತು ವರ್ಷ ಪ್ರಧಾನಿಯಾದರೆ ಖಂಡಿತ ಚೀನಾಗಿಂತ ಮೊದಲು ನಮ್ಮ ಭಾರತ ಇರುತ್ತೆ ಸರ್,0
st super dr but kutanalli kutapa songs net nalli ella plz nahu kelbekku sr,0
hands up,0
step super bossu,5
super ri boos,0
rocking star yash fans like here,0
youtu be c3 nnಇದು ಚರಿತ್ರೆ ಸೃಷ್ಟಿಸೋ ಅವತಾರnಅವನೇ ಶ್ರೀಮನ್ ನಾರಾಯಣ nnhands up nasn,0
love u ajaneesh,5
ಅಣ್ಣಾ ಬಾಂಡ್ ಚೆನ್ನಾಗಿ ಬೆಂಡ ಎತ್ತಿದ,1
4 ಜನ ಇರುವ ಈ ಸಿನಿಮಾ 4 ಕೋಟಿ ಕನ್ನಡ ಸಿನಿಮಾ ಪ್ರೇಕ್ಷಕರಿಗೆ ತಲುಪಲಿ ದೀಯಾ ಸಿನಿಮಾ ಅದ್ಬುತವಾಗಿದೆ,0
ಏನೋ ಪಾ ಅಷ್ಟ್ ಇಷ್ಟ ಆಗ್ಲಿಲ್ಲ ಏನೇನೋ ಇದೆ ಹಿಂದಿ ಪ್ರೇಕ್ಷಕರಿಗೆ ವಿಚಿತ್ರ ಎನ್ನಿಸ ಬಹದು,3
shri krishna na mahe badhu galee,0
nanige thumba esta aytu chitrakate diya du love mocktail kinta tq keep it up,3
anil nimmappa alvenro,4
avanae srimannarayana eddhu charitra shrushtisuva avatara,0
parthasarathi ಡಗಾರ್ ಸೂಳೆ ನಿನ್ ತುಲ್ಲಗೆ ಬಕಾರ್ಡಿ ಬಿಯರ್ ತುರ್ಕಾ,2
tik tok ban agleee beku,0
ಏನ್ ಹೇಳೋಣ nsimply ಸೂಪರ್ nದಿಯಾ ಮಾತ್ರ ಅಲ್ಲ ಇಂಥಹ ಹಲವು ಸಿನಿಮಾಗಳು ಗೆಲ್ಲುತ್ತಾ ಇಲ್ಲ ನನ್ನ ಪ್ರಕಾರ ಥಿಯೇಟರ್ ನ ಟಿಕೆಟ್ ಬೆಲೆ ಕಡಿಮೆ ಅಗಬೇಕು,1
super song buddy,0
super bro,5
ta bro your ginias,5
game name heli,0
yar guru ninu super,0
re release madisi sir nange ee film bagge ne gottirlilla ee sali super hit guarantee,0
ಒಂದಕ್ಕಿಂತ ಹೆಚ್ಚು ಬಾರಿ ಕೇಳಿದವರು ಲೈಕ್ ಮಾಡಿ,0
demand ಈರುಳ್ಳಿಗೆ ಬಿಟ್ರೆnnextnನಮ್ಮ asn ನಾ ಹಿಂದಿಯಲ್ಲಿ promote ಮಾಡಿ ಅನ್ನುವವರೆ ಹೆಚ್ಚು,0
dislike kon kiya re m 0d,4
idu idu bekithu namgelargu jai rakshitha bai,0
ಸೂಪರ್ ಆಗಿ ಹೇಳಿದ್ದೆ ಗುರು,0
seem like sure shot hit,5
best song,0
kannada nigant allli dagar andre enu artha gotta n,1
rakshith naik ಅವ್ರು ಮೋದಿ ಭಕ್ತರು,0
wow wow wow wow wow lovely guru,0
nandini parthasarathi ascar just miss n,2
enadru public help ago vishayada bagge mathadi ivaga jana thumba buddivantharagidare,2
hiryaru manyaga heltidru,0
ಸತ್ಯವಾಗಲು ಸರ್ ನನಗೂ ಕೂಡ ಹಾಗೆ ಅನಿಸುತ್ತಿದೆ ಕಂಡಿತ ನಾವು ಈ ಸಿನಿಮಾ ಥಿಯೇಟರ್ ನಲ್ಲಿ ನೋಡಲಿಲ್ಲ ಅನ್ನೋ ಬೇಜಾರು ತುಂಬಾ ಆಗಿದೆ,1
super creative guru,0
harsith venktesh yake comedy anusathva kastadalli idhavarige help maadi punya siguthe,2
s true ivattina namma industry kathe idu but inmunde e eradu sensational movies inda next yavde olle movie bandru nam jana olle response kodtare ankotidini hage adre innu ollede,0
making ತುಂಬಾ ಚನ್ನಾಗಿದೆ lyrics not good,3
super anna,0
keli kadiruva bandhavarenbhuviyalli avana aritavarenyarilla bidi,0
paramvah music as,5
idu nijvaaglu cinema na illa sum sumne naa,3
jain bro fans fans tara irona please personal agi family mele beda ibbarigu sari kanalla nanna mele ba illa nanna hero mele ba adu bittu family mele beda it seems like worst you have also god mother amma ammane yallara amma yallarigu ammane bro nimma amma namma amma bere anta enu iralla bro nanu ninna cmnt ge reply ade tara kodbavudu but nange amma nenpagutte so please understand,0
kalmani nhu neen iro jagane helu naane bandu hoditini illa tumkur main road bustop ge bandu partha yaaru antha kelu,2
super super super sar job,5
this year watch ondu shikariya kathe,5
super talented rs,5
ಕೇಳಿ ಕರುನಾಡ ಬಾಂಧವರೆ,4
super guru hinmele nanu nimmn abimani guru,0
why you only tik tok anno akka sumne erma ni,2
ಕೇಳಿ ನೆರೆದಿರುವ ಬಾಂಧವರೆnಭುವಿಯಲ್ಲಿ ಇವನ ಅರಿತವರೆ ಯಾರಿಲ್ಲ ಬಿಡಿnಮುನ್ನುಡಿ ಇದ್ದರದೊಂದು ದಂತಕಥೆ nಇದು ಚರಿತ್ರೆ ಸೃಷ್ಟಿಸೋ ಅವತಾರ nnಮೈನವಿರೇಳಿಸೋ ಸಾಲುಗಳು,0
35m views,5
somegowda somanna thank you,0
ee boli maklige deshakoskara1 app delete madakkaglilla,4
kannadigaralli oggattu illa fanism jasthi aytu,4
yaar guru idnu kooda dislike maadidare,1
houdu ashvatama 5000 varsha dinda idre krista shaka 2000 anta yak aktaidare hindu galu munche inda idane navu idannu pratipadisabeku i,1
making is osum,5
tickets amount 10000 adru mosa illa love you all,0
dislike kon kiya re m 0d,4
ayo mostly avarige samskruti bhase barutee ansathe,0
dislike madiroru kgf fans,5
nimman kelu adna,2
vilan ಬಳಿ ಒಂದು coin urali barhttalla,0
sir ennond sala re release madi dabba nan maklu movie na teligram nalli online nalli bitre yar theater ge barthare sir first film industry navru yalru seri ban madsi film release agi 6 months yalli oragade sigbardhu avagaga nim kasta pattu madiro kelsakke prathipala sigutte movie release agi next day ne mobile nalli bandre jana theater ge hogodilla soo sad,1
nayak flop yaavdu antha karnataka ge gottu bidi,1
super guru,0
loo nim makha muccha e video gu dislike yenro nim hendti munde haga avr character nodi kaliro life andre yenu antha thu nanmakla,4
ಇವನೆ ಶ್ರೀ ಮಾನನಾರಯಣ,0
pls in hindi,0
my favorite song in 2019 is taaja samachara ಸಾಹಿತ್ಯ ಪ್ರಿಯರೇ ಒಮ್ಮೆ ಈ ಹಾಡು ಕೇಳಿದ್ರೆ ಕೇಳ್ತಾನೆ ಇರ್ಬೇಕು ಅನ್ಸುತ್ತೆ everybody watch this,0
ನಮ್ಮ ದೇಶದಲ್ಲಿ ಎಣ್ಣೆ ಗೆ ಇಂಪಾರ್ಟೆಂಟ್ ಕೊಡ್ತಾರೆ,4
god bless u r setty lv,5
super my favorite song,5
ಪ್ರೀತಿಗೋಸ್ಕರ ಪ್ರಾಣನೆ ಬಿಡ್ತಾರೆ,4
eatra film nana life nale nodella sir super different director,0
i am thyada,5
fuck tik tokrs,3
yest olle kalsa nan yavag e kelsa madtaro anta kaytayde thamk u brother full happy,0
super super super,4
howdu bro nan nodidini tv yalli barthavne,0
devaru annonu idaane andre avru shaapa kottidddu nijaane aagidre avru idde iruttaare elllooo ondu jaagadallli manushyara kannige kaanollla aste jaiii sri krishna,0
tiktok nan shata shata,4
bro nimgenu thale kettidiya film release agde video song bittidiralla yella hal madkothira idunnella bittu channag promotions madi bere languages nalli,2
barbeaku hogbeku aste nav ತು೦ಬಾ ಹೀರೋ s ನೋಡಿ sakhgidhe ok good luck,0
ಸಕ್ಕತ್ ಹುರಿದ ಗುರು olle patta kalsidya tiktok support madidha ch as galige,3
avnige ella language matadoke barutta,0
24 m view,5
think madirlilla,0
super hitt song,5
namma bharatadalli baren hindu muslims g d p tumba jaste ogattu ella hege edre e jamanudalle china ge meresoke agalla,1
vijay prakash sakkath voice,0
shrthi huiuu,5
all kannadigas dont forget,5
sholay makalu china,4
full news jaldi bidri,0
s islam ಎಲ್ಲ ದೇಶಗಳಿಗೂ ಮಾರಕ,1
rakshit shetty,5
ಸುಂದರವಾದ ಹಾಸ್ಯ ಕಥೆ,0
tik tok premigalu satthru,3
namdu mind set hege andre,1
jai d boss,5
super bro yen roast madtiya bro,0
satyana edu devare,0
ಹೊಸ ಪ್ರಯೋಗ ಯಶಸ್ಸು ಸಿಗಲಿ,0
super hit agodralli yavude dout illa gelayare jeeva,0
bro game name plss,5
pogaru barthide wait madi guru,1
p fans like,5
my song,5
ನಾವೇ thukali stars ಅಂತ ಟಿಕ್ tak maritha idru ಕೆಲ sade ಗಳು ivaga ಮನೇಲಿ ಮುಸುರೆ ತಿಕ್ಕಿ baddetava,3
k k nimmayyi tulla hattava,2
ನೀ ಬೇಳಿಬೇಕು ಬ್ರದರ್ nಇನ್ನೂ ಎತ್ತರಕ್ಕೆ,0
idu charitre srustiso avathaara,0
back burn rashmika,3
ಸರಿಯಾಗಿ ಹೇಳ್ದೆ ಗುರು ಊಗಿ ಚೀನಾಗೆ ಹುಟ್ದ್ ಗ್ ಆಡೋ ನಾಯ್ಗಳಿಗೆ,3
ಬಿಂದು ಗೆ ಹೂಡಿ ಮೇಟ್ನಗೆ ಟಿಕ್ಟಾಕ್ ಗೆ ಹುಟ್ಟಿದ್ದುಅನ್ನೂಗೆ ಹೇಳ್ತ್ತಳೆ ಸೂಪರ್ ಗೆ ವಿಡಿಯೋ ಮಾಡಿದ್ದಿಯಾ ಗುರು i love india,2
ಸರಿ ಬುಡ್ಲ ಅಣ್ತಮ್ಮ,0
super trailer,5
in sandalwoodnntumba janrige jaatre hero gale ishta aagodu talent content bekagilla rhyming dialogues matte badavara para horado hero aaith mugitu,0
d boos fans all the best,5
ಚಂದನ್ ಶೆಟ್ಟಿ ಟ್ರೊಲ್ ವಿಡಿಯೋ ನೀವು ನೋಡಿ ನೆಗಡ್ಡೆ ಇದ್ರೆ ನಾವ್ ಗ್ಯಾರಂಟಿ,0
പൊളി ഡാൻസ് രക്ഷിത് ഷെട്ടി മാസ്സ്,5
super song,0
ನೀ ಗಂಡ್ಸ ಅಲ್ಲಾ ಬೀಡು,2
ನಮ್ಮ ದೇಶದಲ್ಲಿ ಸ್ವಲ್ಪ ಜನ ದೇಶದ ಬಗ್ಗೆ ಯೋಚನೆ ಮಾಡೋದು ಬಿಟ್ಟ ಬಕೆಟ್ ಹಿಡಿಯೋ ಕೆಲಸ ಚನ್ನಾಗಿ ಮಾಡ್ತಾರೆ ಅಣ್ಣಾ ಅದಕ್ಕೆ ಹೀಗೆಲ್ಲ ಮಾಡ್ತಾರೆ ಅವರು ndeshakkagi jeeva kotta aa yodhariginta e talent ankond yellargu irritate maado jana ne hechhu anna nindia bagge swalp aadru kalaji idre a application uninstall madri guru ndeshad bagge bhakti illa andre illi irok nalayakka avaru,1
guru tiktok ban agbeku ninu correct guru,0
ಈ ಕಥೆಯ ಮೂಲಕ ಸಂಸಾರ ಮಾಡೋಕೆ ತುಂಬಾ ಚೆನ್ನಾಗಿದೆ ಸಂಸ್ಕಾರ ಬಹಳ ಮೂಖ್ಯ ರಿ,0
dboss murkha abhimani galu,3
super bro nim nice and dialogue bro,0
ಯಾಕೋ ತುಲ್ಲೇ ತುಲ್ಲಲ್ಲಿ ಕಡಿತಾ ಇದಿಯಾ ಬೋಳಿಮಗನೇ ಬಂದ್ರೆ ತುಲ್ಲರೆ ಹಾಕ್ತಿನಿ ನಿಮ್ಮ ಅವ್ವುನ್ ತುಲ್ಲಿಗೆ,1
nakkan benki guru,0
anna suprrrrrr sir,0
i hate tiktok mobile thagondagindanu install made illa i hate this,4
super song like please,5
haterless pan indian simple star,5
gentlemen full movie linkn,3
super hands up,0
amazing song gudluk to alla team super vp sir,0
sir nimma thumbnail sari illannaanu ee film nodoke try madtiddini aadre bengaluralli ella kade 10,2
yelli tanka jana moodnambke bidalvo alli tanka inta shatnayakru useless videos haktane irrtare guru nmahabharata tumba olle moral story jeevanakke bekagiro tumba paata ide idralli adunella use madkondu olle jeevna madbeku aste,1
promotion madilla guru adke jana bandilla,3
i like feel better person only you sir,5
ಉಗಿ ಕಳ್ಳ ನನ್ ಮಕ್ಲುಗೆ,1
ಏಳ ನಿನ್ ಅಕ್ಕುನ್ ತಿಕಾ ನ ಕೈಯಾ,4
ತೊಗರಿತಿಪ್ಪನ ದ್ರಟ್ಸಾಂತ ಕೆಳಿದರೆ ಸಂತೊಷವೆ ಸಂತೊಷ,0
ಈ ಮಹಾನ್ ವ್ಯಕ್ತಿಗೆ ಹೆಚ್ಚು ಹೆಚ್ಚು ಸಿನಿಮಾಗಳಲ್ಲಿ ಅವಕಾಶ ಕೊಡಿ,0
kithodnan maklu galu alli saytha edare elli yak madbeku uninstall madbeku anthare gandu galu,4
super song bro,5
rashmika thu l l i irve ankoavro ondu like,2
ಈ ಚಿತ್ರ ರಿ ರಿಲೀಸ್ ಆಗ್ಬೇಕು ಈ ಚಿತ್ರಕ್ಕೆ ಗೌರವ ಕೊಡೊಕಾದ್ರು ಚಿತ್ರ ಮಂದಿರಕ್ಕೆ ಹೋಗಿ ಮತ್ತೆ ನೋಡಣ,0
my name is re nu ka hai jo mujhe pasand nahi aayi,5
ನೀವು 6 5 2 ಸಿನಿಮಾ ವನ್ನು ರಿಯಲ್ ಸ್ಟೋರಿ ಅಂತ ಯಾಕೆ ಸುಳ್ಳು ಹೇಳಿದ್ದು,3
100m aagle bek,0
ಕನ್ನಡ ಚಿತ್ರರಂಗದವ್ರು ಸ್ವಲ್ಪ ಸಹಾಯ ಮಾಡಿ,0
very nice story,5
i like dis song i not like k g f,3
yella ok iee aroygyake hankaraka bidi yake,1
ಕನ್ನಡವನ್ನು ಇನ್ನೊಂದು ಹಂತಕ್ಕೆ ಕೊಂಡೊಯ್ಯುವುದರಲ್ಲಿ ಸಂದೇಹವೇ ಇಲ್ಲ nರಶ್ಮಿಕ ಕಕ್ಕ ಅವರೇ ನೋಡಿ ಉರ್ಕೊಳ್ಳಿ,4
best wishes from huccha venkat sene zimbaabwe,5
kachada nan nagini gane,4
ಇಂತ ಮೂವಿ ನಾ ಥಿಯೇಟರ್ ನಲ್ಲಿ ನೋಡಿಲ್ಲ ಅಂತ ತುಂಬಾ ಪಶ್ಚಾತಾಪ ಆಗ್ತಿದೆ,0
ಗುಡ್ ಮೆಸೇಜ್ ಸರ್,0
must watch mother sentiment video nதாயின் அருமை தெரிந்தவர்கள் இதை தவற விடாதீர்கள் nn,5
tik tok nan shaaataaaaa,4
ಮೋದಿ ನೋಡಿ ಕಲಿಯಬೇಕು ಬರಿ ಬಾಯಿ ಮಾತಿನಲ್ಲಿ ಹೇಳಿ ಉಪಯೋಗ ಇಲ್ಲ ಚೀನಾ ತರ ಮಾಡಿ ತೋರಿಸು ಅವರು ರಫ್ತು ಮಾಡುವ ಜಿಡಿಪಿ ನಮ್ಮ ಇಡೀ ದೇಶದಲ್ಲಿ ಇಲ್ಲ ಮೋದಿ ನಿನಗೆ ಮತ್ತು ನಿನ್ನ ಸಂಘಿಗಳಿಗೆ ಬರಿ ಹಿಂದು ಮತ್ತು ಮುಸ್ಲಿಂ ಅಂತ ಕೋಮುವಾದ ಮಾಡಿ ನಮ್ಮ ದೇಶವನ್ನು ಪಾತಲಕೆ ನೂಕಿದೆ,0
bro yav game,0
super duper movie and song,5
good job,5
super bro,5
sudeep fan like me,5
ಈ ವಿಡಿಯೋ ವನ್ನು 10m views ಆದಮೇಲೇ ನೋಡುವವರು,0
ಈ ವರ್ಷದ ಅತ್ಯುತ್ತಮ ಚಿತ್ರಗಳು ದಿಯಾ ಲವ್ ಮಾಕ್ಟೇಲ್,0
music alli eno diffirent kick ide,0
ondu varshakke 1or2 film madodkintha entha ondu olle film madidre kannada industry ellige ogutthe,4
bgm ಇಷ್ಟ ಪಟ್ಟವರು like ಮಾಡಿ,0
parthasarathi ನಿಂದು ನಾಯಿ ತುಲ್ಲು,2
ನೀ ಗಂಡ್ಸ ಅಲ್ಲಾ ಬೀಡು,2
nammanegu bandidru selfi thago bekonstralli hogbitru,1
very very super song,5
hats off bro ಕರೆಕ್ಟಾಗಿ ಹೇಳಿದ್ದೀರ ಬ್ರೋ,0
anna saudi arabia li release maadi,0
manipal alla uddin khalji dehali sulthana ava ennu iddana,0
edu muda nabike nama jana enu betela,4
hands up for vijay sir,0
ಭಾರತದ ಗಡಿಗೆ ಅವನನ್ನೇ ಕಳುಹಿಸಿ ನಿಲ್ಲಿಸಲಿ ಇದ್ದವನು,0
roposo engo aramag ittu ega ivr ela roposo ge bandu roposo nu hal madta idare anna,0
rama rama tusu daksha vrutha jaaripa,5
nayak nimma amman tulla suledeepa movie yavdu hit aagide helu recent aagi bandidralli,2
hands up kannada na thu ninna,2
good human being,5
namma deshadalli somberigalu jaasthi,3
ಈ ಹಾಡು ಅವನೆ ಶ್ರೀಮನ್ ನಾರಾಯಣ ಚಿತ್ರದ ನನ್ನ ನೆಚ್ಚಿನ ಹಾಡು,0
ತುಂಬಾ ಹೊಸ ಹಾಗೂ ರಚನಾತ್ಮಕ ಹಾಡು,0
move chenagi irli hero ge olledagli tumbane kasta padta i darep,0
song super step ennu super,0
guru super yage yeldhe,0
ನಿಜವಾಗಿಯೂ ಇದು ಚರಿತ್ರೆ ಸೃಷ್ಟಿಸೋ ಅವತಾರ,0
all the best for d boyzzzzzz,5
ಈಗ ಮಾತನಾಡಿ ಬೇರೆ ಭಾಷೆ ಅವರು,0
ಅಪ್ಪು ಸರ್ ಅಭಿಮಾನಿಗಳ ಕಡೆಯಿಂದ ಶುಭವಾಗಲಿ,0
namma manigu banndidda ashwathama,1
all song super,5
ದೇಶ ಪ್ರೇಮಿಗಳೆ ದಯವಿಟ್ಟು ಚೈನಾ app ಗಳನ್ನು ಬಳಸಬೇಡಿnವೀರಮರಣವನ್ನಪ್ಪಿದ ನಮ್ಮದೇಶದ ಸೈನಿಕರ ಪ್ರಾಣಕ್ಕೋಸ್ಕರ ಈ ಕೆಲಸ ಮಾಡೋಣnಜೈ ಹಿಂದ್,0
ಸರಿಯಾದ planning ಇರಬೇಕು ನಮ್ಮ ರಾಜ್ಯದವರು business ನಲ್ಲಿ improve ಆಗ್ಬೇಕು,2
స పర స గ nక ర య గ రఫ చ ల బ గ చ శ ర,5
mastt ag helidna guru,0
ಪ್ರಜ್ವಲ್ ಸರ್ ನಟಿಸಿರುವ ಜಂಟಲ್ ಮ್ಯಾನ್ ಚಿತ್ರದ ಟ್ರೈಲರ್ ತುಂಬಾ ಚೆನ್ನಾಗಿದೆ ಆಲ್ ದ ಬೆಸ್ಟ್ ಜೆಂಟಲ್ ಮ್ಯಾನ್ ಚಿತ್ರ ತಂಡದವರಿಗೆnಇಷ್ಟ ಇದ್ರೆ ನಮ್ಮ ದೌಲತ್ ಕಿರುಚಿತ್ರದ ಫಸ್ಟ್ ಲುಕ್ ನೋಡಿ ಕೆಳಗೆ ಲಿಂಕ್ ಕೊಟ್ಟಿದ್ದೇವೆn,0
dhanush handsup kannada pada yenu polsaru yava pada use madtare,0
ಸೂಪರ್ ಸಾಂಗ್ ತುಂಬಾ ಇಷ್ಟ ಆಯ್ತು love you rakshith bhai,0
jnh mnr ss,5
nayak lo ಶಿಷ್ಯ ವಿಷ್ಯ ಗೊತಾಯ್ತಾ ನಾನು ಇವತ್ತು ಥಿಯೇಟರ್ ಗೇ ಹೋಗಿದ್ದೆ ದಬಾಂಗ್ 3 ಅಡ್ವಾನ್ಸ್ ಟಿಕೆಟ್ ತಗೋಳೋಕೆ ಅವ್ರು ಹೇಳಿದ್ರು ಏಲಿಯನ್ಸ್ ಬಂದು ಟಿಕೆಟ್ ತಗೊಂಡು ಹೋದ್ವು 1000ಡೇಸ್ sold out anta ನಂಗೆ ಸುರ್ಪ್ರೈಸ್ ಆಯ್ತು ಲುಚ್ಚಾ ಸುದೀಪ್ ಗೇ ಬೇರೆ ಗ್ರಹ ದಲ್ಲೂ ಫ್ಯಾನ್ಸ್ ಇದಾರೆ ಅಂತಾ omg,0
ಚಂದನ್ ಶೆಟ್ಟಿ ಟ್ರೊಲ್ ವಿಡಿಯೋ ನೀವು ನೋಡಿ ನೆಗಡ್ಡೆ ಇದ್ರೆ ನಾವ್ ಗ್ಯಾರಂಟಿ,0
super super super,4
parthasarathi ಡಗಾರ್ ಸೂಳೆ ನಿನ್ ತುಲ್ಲಗೆ ಬಕಾರ್ಡಿ ಬಿಯರ್ ತುರ್ಕಾ,2
how can u say,5
ಈ ಕತೆಯಲ್ಲಿ ಅವನನ್ನ ಹುಡುಕತಾ ಇದಿಯಾ nಅವನೇ ಶ್ರೀಮನ್ನಾರಾಯಣ ಕಳುವಾದ ಲೂಟಿ nಅವ್ನು ಯಾರಿಗೂ ಸಿಗಲ್ಲ nಕೊನೆಗೆ ಎಲ್ಲದಕ್ಕೂ ಅವನೆ ದೊರೆ ಶ್ರೀ ಮನ್ನಾರಾಯಣ nಅನ್ನೋರು ಲೈಕ್ ಮಾಡಿ,0
3 1k ಉರ್ಕೊಂಡು ಸಾಯ್ರಿ,4
kiran5320 oknanta,5
super songs,0
sp adhu gun hesru,0
why kannadigas not supporting kannada movies,1
super song i like it,0
100 ಕೋಟಿ ಫಾರ್ month or day haa anna,0
eno anna dool ebsi bitti alla comment boxnalli,1
avane gay rak shit shetty,2
ಸ್ವಾಭಿಮಾನ ಇಲ್ಲಾದವರು,1
tq super sir,5
superbly song by vijay prakash,5
ಕೌಶಲ್ಯ ಇದ್ದವರ ಸಂಖ್ಯೆ ಕಡಿಮೆ ಇಲ್ಲ ಸರ್ ತುಂಬಾ ಪ್ರತಿಭಾವಂತರಿದ್ದಾರೆ influence ಪವರ್ ತುಂಬಾ ಇದೆ ನಮ್ಮ ದೇಶದಲ್ಲಿ influence ಇಲ್ಲ ಅಂದ್ರೆ ಯಾವನು ಮೂಸಿ ಕೂಡ ನೋಡಲ್ಲ ನಮ್ಮ ದೇಶದಲ್ಲಿ ಅದಕ್ಕೆ ಕೌಶಲ್ಯ ಇದ್ದೋರಿಗೆ ಕೆಲಸ ಸಿಗ್ತಿಲ್ಲ,3
sir ನಮ್ಮ ದೇಶದ ಟ್ರೊಲ್ ಮಾಡಿ ಹೆಣ ಬೀಳುತ್ತೆ ಚೀನಾ ದೇಶದ ಆರ್ಥಿಕತೆ ಹೆಚ್ಚಳ ಆಗುತ್ತೆ ನಮ್ ಹುಡುಗೀರ್ಗೆ ಮಾಡೋಕೆ ಕೆಲಸ ಇಲ್ಲಾ ಮುಖಕೆ ಬಣ್ಣ ಹಚ್ಚಿ ಇರೋ ಹುಡುಗೀರನ್ನ ರಚ್ಚಿಗೆ ಎಬಿಸ್ತಾವರಷ್ಟೇ,0
s,0
ಇದು ಹೊಸಬರು ಇದ್ದರೂ ಪ್ರಸಿದ್ಧ ನಟ ನಟಿಯರು ಕೆಲವರು ಪೋಷಕ ಪಾತ್ರ ಕ್ಕೆ ಇರಬೇಕಿತ್ತು ಒಂದೆರಡು ಸುಮಧುರ ಸಂಗೀತದ ಹಾಡುಗಳು ಇರಬೇಕಿತ್ತು,0
jai d boss,0
ಅದ್ಬುತ ಅತಿ ಅದ್ಬುತ ರಿ ಗುರುಗಳೇ,0
chindi,4
rip rashmika mandanna in advance,0
nim maatu odhi kannalli neer bantu bro,0
thank you sir,5
of king yako istond urkond saytiya burnal achko,2
bhai koi mysore se he ky,5
kittod nanmaklu maarayya,4
reshmabegam nadaf super,5
ಚೀನೀಯರ ವಿಚಿತ್ರ ಆಚಾರ ಹಾಗೂ ಅದರ ಧುಷ್ಪರಿನಾಮ ತಿಳಿಸಿ ಉದಾಹರಣೆ,0
super tippa i like video i love video,5
anil nimmappa alvenro,4
promotion madilla guru adke jana bandilla,3
ಸತ್ಯವಾಗಲು ಸರ್ ನನಗೂ ಕೂಡ ಹಾಗೆ ಅನಿಸುತ್ತಿದೆ ಕಂಡಿತ ನಾವು ಈ ಸಿನಿಮಾ ಥಿಯೇಟರ್ ನಲ್ಲಿ ನೋಡಲಿಲ್ಲ ಅನ್ನೋ ಬೇಜಾರು ತುಂಬಾ ಆಗಿದೆ,1
ಶತದಿನೋತ್ಸವ ಆಚರಿಸಲೇಂದು ಕಿಚ್ಚಾ ಬಾಸ್ ಪ್ಯಾನ್ಸ್ ವತಿಯಿಂದ ಹಾರ್ದಿಕ ಶುಭಾಶಯಗಳು,0
super bro keeping doing like this do more trollers jai trollers i like trollers,5
ಕನ್ನಡದವರು ಈ ತರ ಸಿನಿಮಾ ಮಾಡ್ತಾರೆ ಅಂತ ದಿಯಾ ಸಿನಿಮಾ ತಂಡ ಸಾಬೀತು ಮಾಡಿದೆ ಬರೀ ತೆಲಗು ತಮಿಳು ಸಿನಿಮಾ ನೋಡದಲ್ಲ ಕನ್ನಡ ಸಿನಿಮಾ ನೋಡಿ ಮಿಸ್ ಮಾಡಬೇಡಿ,1
manu lachchi fa ks,5
ಪುಣ್ಯಕೋಟಿ ಮೂವಿ ಬರುವ ತನಕ ರಕ್ಷಿತ್ ಶೆಟ್ಟಿ ಯವರ ಮೂವಿ ವೇಟ್,0
5 days trending,0
super bro,0
sharanraj crs ದನೇವಾದಗಳು,0
parthasarathi ನಿನ್ ತುಲ್ಲಗೆ ಕಿಂಗಫಿಶರ್ ಬಿಯರ್ ತುರ್ಕಾ ನಿನ್ ತುಲ್ಲಿಗೆ ನನ್ ರಾಡ್ ಹಾಕ್ಲಿ ಎಷ್ಟೇ ನಿಂದು ತುಲ್ಲು,2
jai dboss,0
jaa dhinchak pooja ki songs dekh bollywoodiya,4
hoooo tik tok ban,4
ಹಂಗೆ ಇದನ್ನ part 2 ಮಾಡಿ ಸ್ವಾಮಿ ತುಂಬಾ ಚೆನ್ನಾಗಿದೆ,0
sharu yako sule magne sumne eroke agalva,2
supar togari tippa,5
full fidaaaaaaaa,0
nice song avane srimannarayana,0
nijvaglu bro nangu same hange ansbidtu avrdu google pay number iddidre nane ond ticket duddu kotbidana ansbidtu nam oor theater alli e film halle illa,0
tik tok ban madirodrinda yargadru bejaragi frustration agidre bandu nan tun undbidri samadaana agbahdu ella andre nim helna neeve tindbidi soo mindri mundera adra madorgu nimgu no changes e comment ge yalla hindustan supporters reply maadinnchaina support madorge yav tara k beku,3
stany d souza,5
sir nimage olleyadaagali,0
bigg boss nalli kalisri nijwaglu help maadida haage aaguthe intha olle artist ri ivaru kasta dalli iddaare,0
super song,0
difirent music lirics,5
syta thumb eddini k naaaaaa,0
super bro,5
super guru,0
nayak ನಿಮ್ಮ ಅಕ್ಕುನ್ ಮಿಂಡ ನಾನೆ,2
idu pakka sulllu,1
rakshit rock yaar,5
ಸತ್ಯವಾಗಿಯೂ ಇದು ಚರಿತ್ರೆ ಸೃಷ್ಟಿಸುವ ಸಿನಿಮಾನೇ ಗುರು,0
ನಿಜ ಇದ್ರು ಇರಬಹುದು ಸರ್,0
kithodnan maklu galu alli saytha edare elli yak madbeku uninstall madbeku anthare gandu galu,4
jogimane manjunathshettymjadda com,5
appu fans like here,5
super guru jai hind neenu nijavada barathiya mattu karnatakada hemmeya putra i love you brother,0
super bro,5
e nayi nann makkalage thiliyode illa,1
yar muje ye movie hindi me dekhni hai,5
like bollywood music,5
r w tumbad tanhaji andhadhun aise bahot hai pr kisiko btake koi faida nahi logome bollywood ke liye nafart bhari hai kisi bhi south indian movies songs pe ja comments dekh kitni nafrat bhari hai hindi walose,5
bro na tiktok use madath idila but ivga tiktok installed madi single star rating kotu uninstall madini,0
excellent movie,5
this song like drinking,5
ನಮ್ d boss ಶಾಟ ಕ್ಕೂ ಸಮ ಇಲ್ಲಾ ಮಗನೇ ಅವುನ್ ಮಾಡಿದ ಫಿಲಂ ಅಷ್ಟು ಎಕ್ಸ್ಪೀರಿಯೆನ್ಸ್ ಆಗಿಲ್ಲ ತುಲ್ಲರೆ ಮಾತಾಡ್ತೀಯಾ ಹಾದರಗಿತ್ತಿ ಮಗನೇ lo mari evrella one film madi buildup tagotare ಅವ್ರು ಫಸ್ಟ್ ಫಿಲಂ ಅಲ್ಲೇ ಕ್ರೇಜ್ ಹುಟ್ಟಿ ಹಾಕಿದವರು ಅವ್ರು ಫಸ್ಟ್ ಫಿಲಂ ಮೆಜೆಸ್ಟಿಕ್ ಫಿಲಂ ರಿಲೀಸ್ ಆದಾಗ ನಿನ್ ತುಣ್ಣಿ ಇನ್ನು ಬಲ್ತು ಇರ್ಲಿಲ್ಲ ಗೂಬೆ ತುಲ್ಲಿಗೆ ಹುಟ್ಟಿದ್ ಬೋಳಿಮಗನೇ ನಿಮ್ಮ ಅವ್ವ ಸೂಳೆ,3
bk shata teriyak nodtidiya,2
hindi hindi hindi hindi hindi hindi hindi hindi hindi hindi hindi hindi hindi hindi hindi hindi hindi hindi hindi hindi hindi hindi hindi hindi hindi hindi hindi hindi,5
superb music and lyrics nnhands upnn,5
ತುಂಬಾ ಹಾಸ್ಯಮಯವಾಗಿದೆ ಅತ್ತೆ ಮನೆಯಲ್ಲಿನ ಹುಗ್ಗಿ ಉಣ್ಣುವ ಪ್ರಸಂಗ ತುಂಬಾ ನಗು ತರಿಸಿತು,0
jaa dhinchak pooja ki songs dekh bollywoodiya,4
super movie wow amazing,5
fan from ugandaa,5
creative kannadiga super neevu,0
bjp jorapur yakpa,5
sri filmna north indiadali promotion jasthi jasthi madi,0
offter long back coming see kannada cinema new multitalented shankaranna kannadada gandu,0
all the best ಪ್ರಜ್ವಲ್ ದೇವರಾಜ್ avre,0
super duper guru,0
nambike eruvavaru nodi,4
anjali devi mk,2
dabba movie soo sad,4
kudlardh yan ulle bro,5
shashanka as ok,0
hahahaha lol nidiot beggar get lost,4
spr song,1
balepete badrushyana,1
don t post fake videos,3
all dislike by rashmika fans,2
ನಮ್ಮ ಪ್ರೀತಿಯ ಯಜಮಾನ ಚಾಲೆಂಜಿಂಗ್ ಸ್ಟಾರ್ ಡಿ ಬಾಸ್ ಅವರು ಕ್ಲಾಪ್ ಮಾಡಿ ಶುಭ ಹಾರೈಸಿರುವ nಡೈನಾಮಿಕ್ ಪ್ರಿನ್ಸ್ ಪ್ರಜ್ವಲ್ ದೇವರಾಜ್ ಅಣ್ಣಾ ಅಭಿನಯದ ಜಂಟಲ್ ಮನ್ ಚಿತ್ರದ ಟ್ರೈಲರ್ ಬಿಡುಗಡೆಯಾಗಿದೆ ನೋಡಿ ಆನಂದಿಸಿ,0
superb bro nivu,0
ಪ್ರಮೋಷನ್ ಕೊರತೆ ಇತ್ತು ದಿಯಾ ಸಿನಿಮಾಗೆ ಅದ್ಭುತ ಕನ್ನಡ ಚಿತ್ರ,1
ಈಗಲಾದರೂ ಜನ ರಾಜಕಾರಣವನ್ನ ಒದ್ದೋಡಿಸಿ,0
ಚಿಂದಿ ಬೆಂಕಿ,0
super song anna,0
fix cctv confirm,5
superb song,5
parthasarathi ಹುಚ್ಚು ಮುಂಡೆ,2
yena lyrics guru,4
kannada industry nintirode yash,0
hd move send kejiye,5
bro super,5
ur super guru,0
singer ಗೆ jai,0
super bro i am so happy,5
parvagilla bidi bejar ilannam sandalwood navara manassu nim samudrakkinta vishalavagidenadakke we welcome you n like younwe like all culture,3
super agi roast madidiya guru,0
tick tock matti pub g arorna dayvittu india border of india lac ge kalisikodi,0
he is like shankarnag,5
ondu varshakke 1or2 film madodkintha entha ondu olle film madidre kannada industry ellige ogutthe,4
ಸಂಗೀತ ಕೊಟ್ಟಿರೋರಿಗೆ ದೊಡ್ಡ ನಮಸ್ಕಾರ್ ಬ್ಲಾಕ್ ಬಸ್ಟರ್ ಸಾಂಗ್,0
nangu tumba ase movie nodbekanta adre movie near by yellu illa,0
my like video,5
avinash bere language movies na beggers thara nodo kachda janagal irovargu kannada movies ge bele iralla bro,4
y s ik pakka avara irtar,0
harsith venktesh yake comedy anusathva kastadalli idhavarige help maadi punya siguthe,2
lo gaandu nan magne d boss fans yake sata tariyoke dislike madtara nbere avru nodi urkolokke en avru bucket and balegara fans he,3
super music,5
videos okay anna naale hogtini,0
keli kadiruva bandhavarenbhuviyalli avana aritavarenyarilla bidi,0
theatre alli noduva movie alla alle ye,0
most promising movie in my life en adubuta acting madam nimdu pratiyobbaru abhinya adbuta konege kannalli neeru bandubidtu dayavittu corona emergency adamele puna theatre hogi nodi,0
good human being,5
super song,5
loo nim makha muccha e video gu dislike yenro nim hendti munde haga avr character nodi kaliro life andre yenu antha thu nanmakla,4
slow poison song annoru like maadi,0
parthasarathi loo sisya nin yello erodu,1
hudgirge estu huchu edso song adre enaa hudugara kathe henge,0
kumar guru nan movie na first week theater nalli nodde i liked movie and referred my friends to see movie ಯಾರು ನೋಡಲಿಲ್ಲ ಅಂಥ ಅಂದ್ರೆ ನಾನ್ ನೋಡಿಲ್ಲ ಪ್ರೋತ್ಸಾಹ ಕೊಟಿಲ್ಲ ಅಂಥ ಅಲ್ಲ ದಯವಿಟ್ಟು ನೋಡ್ಕೊಂಡ್ ಮಾತಾಡಿ ನಮ್ಗೂ mathadokke ಬರುತೆ,1
nam boss avru nam boss ivru antha kachadtirornella onde kade sersi maja kodone shree mannarayan,1
parthasarathi yar kandha ninu,2
ಸೂಪರ್ ಜಂಟಲ್ ಮ್ಯಾನ್ all the best,0
sv hģfftt,5
love from kerala anteeri adre olle movie ge support madalla,0
super duper song,0
ಸಾರ್ ಈ ಮೂವಿ ಪಕ್ಕ ಚರಿತ್ರೆ ಸೃಷ್ಟಿ ಮಾಡುತ್ತೆ ಕರುನಾಡ ಕಲಾ ಕೇಸರಿ ಚಾಲೆಂಜಿಂಗ್ ಸ್ಟಾರ್ ಡಿ ಬಾಸ್ ಅಭಿಮಾನಿಗಳ ಕಡೆಯಿಂದ ಆಲ್ ದ ಬೆಸ್ಟ್,0
ಕಥೆ ಅರ್ದ ಅಗಿದೆ ಅಶ್ವತ್ತಾಮ ತನ್ಣಗಾಯಗೊಂಡ ದೇಹವನ್ನು ಗುಣಪಡಿಸಿದ್ದು ಕಲ್ಲಡ್ಕ ಪ್ರಭಾಕರ್ ಭಟ್ ನಂತರ ಅಶ್ವತ್ತಸಮ ತನ್ನ ಹೆಸರು ಬದಲಾಯಿಸಿ ನರೇಂದ್ರ ದಾಮೋದರ ಮೊಲದಿ ಎಂಬ ಹೆಸರಿನಿಂದ ಬಾರತದ ಪ್ರದಾನಿಯಾಗಿ ಅತನ ಅನುಯಾಯಿಗಳೇ ಮೋದಿ ಭಕ್ತರೆಂಬ ಕೌರವರು ಇವಾಗ ಮುಸ್ಲಿಂ ಎಂಬ ಪಾಂಡವರ ವಿರುದ್ದ ಕುತಂತ್ರ ಯುದ್ದ ಮಾಡುತ್ತದ್ದಾರೆ,3
ಕಣ್ಣೀರು ಹಾಕಿರುವ ಕಾರಣ ತಂದೆಯ ನೆನೆಪು ಅವರು ಕಷ್ಟ ಕಾಲದಲ್ಲಿ ಮಗನ ಬೆಂಗಾವಲಾಗಿ ನಿಂತಿದ್ದಕ್ಕೆ ಇದನ್ನು ಕೆಲವರು ಅಪಾರ್ಥ ಕಲ್ಪಿಸಿಕೊಂಡಿದ್ದಾರೆ,0
first time keldaga ista agalla amel kelta kelta kelbeku ansatte nimgu haage annista,0
i hv one doubt gay gu ivarigu en difference heli,4
super super super,4
guru bari uninstall madi anta helbdi inmele account delete madi uninstall madok helok start madi inna,0
ಸೂಪರ್ ಸಾಂಗ್ ಫ್ರಂ ಅಪ್ಪು ಫ್ಯಾನ್,0
dislike mado tukaligalu ond movie screen madli saku adestu kasta anta gottagutte all the best for this move,4
super song,0
tik tok premigalu satthru,3
ಚೀನಾ ಕಾಮಿನಿಸ್ಟ್ ದೇಶ ನಮ್ಮ ದೇಶದಲಿ ರಾಜಕೀಯ 106 ಪಾರ್ಟಿ n106 ಕ್ಯಾಸ್ಟ್ 106 ಧರ್ಮ 1006 ಮಾತುಗಳು ಸಮಸ್ಯೆಳು,0
ade old same story,3
1 bro avru all best ellidu d fans ge ne nodeya,0
sakkath song guru,0
nam college alli degree be mugisdorigu nayvagi coding bareyoke barallla,3
ಅಶ್ವತ್ಥಾಮ ಚಿರಂಜೀವಿ ಶಾಪ ವಿಮೋಚನೆಗಾಗಿ ಶಿವನ ಪೂಜೆ ಸಲ್ಲಿಸುತ್ತಿದ್ದಾರೆ ಒಂದು ಬಾರಿ ಉಡುಪಿಗೆ ಮಧ್ಯರಾತ್ರಿ ಬಂದಿರುವುದು ಖಚಿತವಾಗಿದೆ ಟೀವಿ 9 ಕನ್ನಡದಲ್ಲಿ ಈ ವಿಷಯ ಪ್ರಸಾರವಾಗಿದೆ,0
ayyoo teligram nalli 10 ralli 9 jana nodidaare n matte naanu 12 saari nodidini what a movie ya mother sentiment,0
avinash bere language movies na beggers thara nodo kachda janagal irovargu kannada movies ge bele iralla bro,4
gauri keshav ಆಂಗ್ಲ ಭಾಷೆ ಬಳಸೋ ಕಾಲದಲ್ಲಿ ಅಚ್ಚ ಕನ್ನಡದಲ್ಲಿ ಸಾಹಿತ್ಯ ಬರೆದಿರುವ ಬರಹಗಾರರಿಗೆ ಕೋಟಿ ಕೋಟಿ ನಮನಗಳು,0
ಯಾಕೋ ತುಲ್ಲೇ ತುಲ್ಲಲ್ಲಿ ಕಡಿತಾ ಇದಿಯಾ ಬೋಳಿಮಗನೇ ಬಂದ್ರೆ ತುಲ್ಲರೆ ಹಾಕ್ತಿನಿ ನಿಮ್ಮ ಅವ್ವುನ್ ತುಲ್ಲಿಗೆ,1
shetty lo beedhi soole magane nin prakarane belsbeku annodidre nim kade maado yakshagaana,2
ಅಪ್ಪಟ ಕನ್ನಡದಲ್ಲಿ ಮನಸು ಮುಟ್ಟೋ ಹಾಗೆ ಸ್ವಚಂದವಾಗಿ ಮುಖ ಒರಿಸ್ಕೊಳ್ಳೋ ಹಾಗೆ nಚೆನ್ನಾಗಿ ಉಗಿತಿರಾ ಅಣ್ಣಾ ಉರ್ಕೊಳ್ಳೋರು ಉರ್ಕೊಳ್ಳಿ ಕರೆಂಟ್ ಹೊಡಿದ ಕಾಗೆ ಹಾಗೆ,3
super sar song,0
nanu tiktok madtide anna but tiktok ban madidu tumba kushi aytu anna i support indians,0
ಮಿಂಡ್ರಿ ಮಕ್ಳಿಗೆ ಸರಿಯಾಗೆ ಉಗ್ದಿದ್ದೀಯ ಗುರು,3
super a m waiting jantal man,0
sahitya and sangita eradu super movie blockbuster,0
amazing very nice prajwal life ge ondu hosa tiruvu koduvantaha cinima idu,0
super songs,5
kittod nanmaklu maarayya,4
ankalgi ft ft ftnnnncu,0
kannada nigant allli dagar andre enu artha gotta n,1
it s a kannada song nlots of love from karnataka,5
no words awww,5
video 18 min innu video upload maadi 12 min agide complete video nodade dislike madthirallo,3
sexyyy song nhindi elroooo,5
ಸರ್ ನಿಮ್ಮ ಸ್ವಾಭಿಮಾನ ನಮ್ಮ ಅಂತಾ ಎಷ್ಟೋ ಜನಕ್ಕೆ ಸ್ಫೂರ್ತಿ ಸರ್ ನಿಜವಾಗ್ಲೂ ನೀವು ಗ್ರೇಟ್ ಸರ್ ನಿಮಗೆ ಸೋಲು ಅನ್ನೋದೇ ಇಲ್ಲಾ ಸರ್ ಯಾಕಂದ್ರೆ ನೀವು ಜೀವನದಲ್ಲಿ ಗೆದ್ದು ಸೋತವರು ಅಲ್ಲಾ ಸರ್ ಸೋತು ಗೆದ್ದುವರು,0
ಚಂದನ್ ಶೆಟ್ಟಿ ಟ್ರೊಲ್ ವಿಡಿಯೋ ನೀವು ನೋಡಿ ನೆಗಡ್ಡೆ ಇದ್ರೆ ನಾವ್ ಗ್ಯಾರಂಟಿ,0
ನಿಜಕ್ಕೂ ಗ್ರೇಟ್ ಪರ್ಸನ್,0
yentha shoot madbeka,1
trending no1 asn song nಮಂತ್ರ ಮುಗ್ಧಗೊಳಿಸೋ ಗೀತೆ ಕೇಳ್ತಾ ಕೇಳ್ತಾ ಮತ್ತೇರಿಸೋ ಹಾಡು,0
ಹಾ ದೇವರು ಒಳ್ಳೆಯವರಿಗೇ ಯಾವಾಗಲೂ ಕಷ್ಟ ಕೋಡದು ಸರ್ ನಿಮಗೇ ಒಳ್ಳೆದಾಗಲ್ಲಿ ಸರ್,0
howdu huliya,0
ಹೌದೋ ಹುಲಿಯಾ,0
views tumba kadime ide,1
super ತೋಗರಿ ತೀಪ್ಪ,0
ಟಿಕ್ ಟಾಕ್ ಮಾಡ್ತಾ idri ಅನ್ಸುತ್ತೆn,0
tugari tippa super,5
lowde song hesru en helu,2
ಕನ್ನಡ ಚಿತ್ರರಂಗದ ಹೆಮ್ಮೆ ಪಡುವಂತಹ ಕೆಲಸ,0
keli kadiruva bandhavarenbhuviyalli avana aritavarenyarilla bidi,0
yapaa devre spr agi rost madidira sprrr,0
tune at 2,1
super appu bøss fans,5
yavaga release agutte shetre,0
le ganduntikamucchunnee tara worst song nin kayalli madakke agutta,4
ಯಾರಾದ್ರೂ ಲಿರಿಕ್ಸ್ ಓದಿದ್ರೆ ಈ ಹಾಡಿನ ಒಳಾರ್ಥ ತಿಳಿಯೋಕೆ ಎಷ್ಟು ಕಷ್ಟ ಇದೆ ಅಂತ ತಿಳಿದಿರುತ್ತೆ ಅದು ಈ ಹಾಡಿನ twist,0
अर व ह गजब क फ ल ह इस ग न म fan from gujarat,5
super tippa story,5
telegram alli download maadkondu nodidare theatre alli kammi,1
my favorite song in 2019 is taaja samachara ಸಾಹಿತ್ಯ ಪ್ರಿಯರೇ ಒಮ್ಮೆ ಈ ಹಾಡು ಕೇಳಿದ್ರೆ ಕೇಳ್ತಾನೆ ಇರ್ಬೇಕು ಅನ್ಸುತ್ತೆ everybody watch this,0
ಅವನೇ ಶ್ರೀಮಾನ್ ನಾರಾಯಣ ಕುಡುಕನ ವರ್ಷನ್ nnಹೇ ನಿಮ್ಮನ್ನೆಲ್ಲ ಯಾರೋ ಒಳಾಗ್ ಬಿಟ್ಟಿದ್ದೂ nnನನ್ ಮುಖ ನೋಡಿ ಕೇಳ್ತಿದೀಯಾnnಬೋರ್ಡು ಕಾಣುಸ್ತಾ ಇಲ್ವಾ,4
ಉರ್ಸೋಕೆ ನಿಂತ್ರೆ ಕನ್ನಡದವರು ಚರಿತ್ರೆ ಬರೀತಾರೆ ಅಂತ ಗೊತ್ತಾಗಲಿ ಕೆಲವು ಕಿಡಿಗೇಡಿಗಳಿಗೆ,3
super rashita sir,5
ಚಂದನ್ ಶೆಟ್ಟಿ ಟ್ರೊಲ್ ವಿಡಿಯೋ ನೀವು ನೋಡಿ ನೆಗಡ್ಡೆ ಇದ್ರೆ ನಾವ್ ಗ್ಯಾರಂಟಿ,0
kumar sasthana madbeku intha kachada galana,3
sharu yako sule magne sumne eroke agalva,2
only 124 dislike,5
i like it war,5
paramedical exam bagge mahiti tilisi sir,0
guru ellidde guru real tallent irodhu ninge,0
s ur ryt,5
parthasarathi ನಿಂದು ತುಲ್ಲು ಯಾಕೋ ಹಳ್ಸಿ ಹೋಗಿದೆ ಅನ್ಸುತ್ತೆ ಹೋಗಿ ಡೆಟಾಲ್ ಹಾಕಿ ತೊಳ್ಕೊ,2
ಚಿತ್ರಮಂದಿರ ಒಳಗೆ ಜನ ಬರಬೇಕು ಅಂತರೆ ಇದು ತಮಷೆ ಅಲ್ಲ ಮೊದಲು tik tok ban ಆಗಬೇಕು ಸಿನಿಮಾ ನಟ ನಟಿ tik tok ಮಾಡಬಾರದು ದೋಡ್ಡ ದೋಡ್ಡ ಸ್ಟಾರ್ ನಟರು tik tok ಬಗ್ಗೆ ದಂಗೆ ಎಳೆಬೇಕು ಸರ್ಕಾರ ಕ್ಕೆ ಮನವಿ ಮಾಡಿ tik tok ಬ್ಯಾನ್ ಮಾಡಿ ಅಂತ ಇಷ್ಟು ಕೆಲಸ ಮಾಡಿಲ್ಲ ಅಂದರೆ ಮುಂದೆ ಒಂದು ದಿನ ನಿಮ್ಮ ಸಿನಿಮಾ ನೀವೇ ನೋಡಬೇಕು,3
please sir tik tak bide,0
yes boss e film maatea 7 sala alla 10 sala nodidru bore aagalla,0
ಬಸವರಾಜ ಕೆಂಚರಡ್ಡಿ super,0
vijapura distica sindagiya tetaranalli e song cut madiddare yaradaru vicharisabekagi vinanti,0
s bro niv helid nija,0
madhu ranju navane srimannarayana trailer bgm n re createdn,0
prajju love you from d boss fan,5
ಮಸ್ತ್ ಇದೆ ಈ ಹಾಡು,0
pung ban madi pls,0
ನನಗೆ ತುಂಬಾ ಇಷ್ಟವಾದ ಚಿತ್ರ ದಿಯ,0
nenne bigboss nalli chandan same step maadudru,0
super anna ede tara video s madi super,0
thuuuuuuuuuuuuuuuuuu bindu gowda andre alpa swalpa maryade ide but why you only tiktok anta kelitumba asayya aytu avla mele,2
black heart ala,0
only d boss ok jai kannada all movies hmmm kotigobba bittu hehehe,3
idu charitre srushtiso avatara n a s n nyar yaru movie nodi like agide,0
naavu childhood days valag e story kelidde,0
ನಿಮ್ಮ ಮಾತು ಕೇಳಿದ್ರೆ ನಾವು ಭಾರತೀಯರು ಬಹಳಾ ಮುಗ್ದ ಜನ ಅನ್ನೋ ಯೋಚನೆ ಬರುತ್ತೆ what seylusin,0
shivaraj shivu nnimm number kodri,0
super movie love madabardu guruuu,1
g dambal,0
ajaneesh lokanatha sir nodiyo kaliyo arujuna janya,1
cinema sakkathagide guru,0
yav game guru edu,0
hands up hands up tan tan tanana chindi guru chindi,0
bro navu arvinda tilkotidivi andre navu avrige yenadru kodbeku dodd dodd channel galige hinde dodd vyakti irtare so skip madade nodi avrigu duddu barli,0
thank you akhillanna,0
tappenu illa guru nijvaglu super tik tok support madovrige kelge mele guta odibeku guru,3
nijawaglu nin hatra thumba talent ide guru super ninu roast mado style super,0
lo hucch baddimagne,2
different ಮ್ಯೂಸಿಕ್ ಸರ್ nಅಜನಿಶ್ ಸರ್ ಗೆ ಧನ್ಯವಾದಗಳು,0
ಗೆಳೆಯ ಚಿತ್ರದಲ್ಲಿ ಕಿಶೋರ್ ಜೊತೆಗಾರರಿಗೆ ಹೇಳುವ ಒಂದು ಡೈಲಾಗ್ ಇದೆ ಹುಡುಗ ಬೇಕಾಗ್ತಾನೆ ಇಟ್ಕೊಳ್ರೋ n dynamic prince is back with damn look,0
alagi hogali bidu,1
sir nimmana nodtidre ashwth sirna nodadhaste kushi aaguthe sir,0
repeat mood guru,5
bro ee devru yallru india davre na athava india bittu ogallva,4
ah allu raghu ge forward madbeku e video bari nigradavne,2
any hubli hudga here,5
chinna app delete madi pla,4
hats off to u sir nmosa madi tinno pizzaginta niyattagi dudidu tinno ragi nalli eshto aanda erutte jeevandalli,0
ossam slow poison kanro,0
most liked kannada movie songsn1,5
ಆ ಮ್ಯೂಸಿಕ್ ಅಲ್ಲಿ ಏನೋ ಕಿಕ್ ಇದೆ,0
nanu eduvaregu tik tok app install kuda madilla nan phone alli bro ede tara videos madi tik tok alli saitirorna ennomme tik tok hesar keladre bhaya padbeku aaa tara rost madi bro,0
ಕನ್ನಡ ಸಿನಿಮಾ ರಂಗ ನಿಜಕ್ಕೂ ಮುಳುಗುತ್ತಿರುವ ದೋಣಿಯೇ nn,1
super bro,5
ನಾವ್ ಲಕ್ಷ್ಮೇಶ್ವರ ದವರ nಸೂಪರ್,0
nan uninstall madhe,0
why is voice still like teenage,5
parthasarathi hogo ninna akkna tullu ninna tara kelsa ilva nange yenu yavglu comments madkondu tika muchkondu sidege hogo,2
ಇದು ಚರತ್ರೆ ಸೃಷ್ಟಿಸೂೋ ಅವತಾರ,0
namma modala web series,0
shetty ಹು ಹೌದೌದು ನಿನಗೆ ಕೆಲಸ ಜಾಸ್ತಿ ಮೊದಲೇ ಗಂಡು ಡಗಾರ್ ನೀನು ಅದೆಷ್ಟು gayಗಳು ಕಾದಿರುತ್ತಾರೋ ಏನೋ ಹೋಗು ಕೆಲ್ಸ ನೋಡ್ಕೋ ದಿನದ ಖರ್ಚಿಗೆ ಬೇಕಲ್ಲ,2
ಕಮ್ಯೂನಿಸ್ಟ್ ರಾಷ್ಟ್ರ ಅಲ್ವಲ್ಲ ಭಾರತ,0
paaapa konegu tik tok hoythu nayigal boglod kadme aythu,4
last nalli heldalla guru superr,0
gangatkar guru ninge gotagalla sumne eru bale pans start madidare nau end madthivi e mathna thuldeepannan pansgu helu modlu,4
super song ma,0
mtr tq bro,5
chindi broiiii e munde maklige naman desha bakthi kammi sayor yelo saythare e bevrcgalige tiktok mukya anthe,4
tiktok sule makkla papa thumbs hurt agidri sadee nan gandu galuu,3
boss mania yegurkollale cake cutting puk,0
best music director,5
nijavada hero andre evare,0
ent,5
ಕನ್ನಡ ಸಿನೆಮಾ ಕೆ ಮತ್ತೊಂದು ಗರಿ,0
bharatha no 1 desha namma deshakke yaudu sari sati ella,1
ಸೂಪರ್ ಹಿಟ್ ಕಾಮಿಡಿ,0
nange bahala novaytu nannamele yakandre nanu diyaa moviena thetoralli nodilla adakke please realise onse again nanu nodtin mathe janru nodtare please,0
super togari tippa,5
jai d boss,5
diya thumba chennagide ondu olle prayathna movie kone vargu sinimada ondu bhagavagi ondu olle feeling nalli movie na nodthidde but kone seen nijakku ishata aglilla tragidi ishtondu bekitta ellara manisige ishta ada adi na sayisbekitta so last seen nodida thakshna alliyavaregu idda feel pat antha maya agi edenu heeg madudru ansuthe,3
avane gay rak shit shetty,2
v p sir fan s like here,5
tq sis ದೇಶಕ್ಕೆ support ಮಾಡ್ತಿರೋದಕ್ಕೆ,0
i love you,5
vijay prakash voice,5
spirit of kannada,5
odeya kannada full movie,5
nija bro urkolli bidi,1
movie quality superb,0
ಸರ್ ದಯವಿಟ್ಟು red fm ನಲ್ಲಿ ನಿಮ್ಮ ಹೆಸರು ಏನಿತ್ತು ಹೇಳಿ ನಾನು red fm ಯಾವತ್ತೂ ಕೇಳ್ತೀನಿ n ನಾಗರಾಜ್ or ವರುಣ್ n pls admin let me know,0
box crct bro ಪೈಲ್ಸ್ ಮ್ಯಾನ್ ರನ್ನಿಂಗ್ ಸಕ್ಸಸ್ಫುಲ್ಲಿ ಇನ್ ಅನಸ್ ಮುಕುಳಿ,1
super film guru,0
shetty ಲೊ ಯಾರೋ ನಂದಿನಿ ಒನ್ ಲೀಟರ್ ಹಾಲು ಕೊಡ್ತಾಳ,2
bro z news hindi channel alli nodi,0
hindi me lao,5
hindi varjan relis made,0
all the best prajwal devaraj bøss,0
guru despande olle director kate na channagi toeisutare,0
nimma swabhimani jeevanakkondu salam siryou are great than many others,0
gangatkar guru ninge gotagalla sumne eru bale pans start madidare nau end madthivi e mathna thuldeepannan pansgu helu modlu,4
avane gay rak shit shetty,2
next level movie guru,0
ಬ್ರೋ ಸೂಪರ್ ಆಗಿ til tokersನ roast ಮಾಡ್ತಿರ til tok maadorella ಶ್ಯಾ ಟ ಗಳು,0
what a music man whaaaaaa,5
ಅ ಬಿಂದು ಲವಡಗೆ modalu ತಿಕ್ಕ odibeku ಗುರು,2
good wareki sir 9845027639,5
next level stunning,5
rashmika missed him,0
ಇದು ಇತಿಹಾಸ ಸೃಷ್ಟಿಸೇೂ ಅವತಾರ nnಅವನೇ ಶ್ರೀಮನ್ನಾರಯಣ,0
anjali devi ಊಟ,1
hate tik tok,5
rumble story ge ee song relevantag idya nee song bekagitta anta,1
nice concept sir,5
super agi ugididera,0
avatttu tiger dancenivattu handsup step,0
only kannada no english,0
iii prends yaradru edira,0
parthasarathi ಒನ್ ನೈಟ್ ಸಿಗೆ,2
anna super talent anna nimdu ide tara videos madtabiri,0
ಲವ್ ಯೂ ಡಿ ಬಾಸ್,0
ಚಂದನ್ ಶೆಟ್ಟಿ ಟ್ರೊಲ್ ವಿಡಿಯೋ ನೀವು ನೋಡಿ ನೆಗಡ್ಡೆ ಇದ್ರೆ ನಾವ್ ಗ್ಯಾರಂಟಿ,0
ಕೇಳಲು ಇಷ್ಟ ಆದರೆ ಇದು ನಿಜ ಅಲ್ಲ ಅನಿಸುತ್ತೆ ನನ್ನ ಪ್ರಕಾರ,1
ಕೆಟ್ಟ ಮೇಲೆ ನೆ ಬುದ್ಧಿ ಬರೋದು,0
vitthal ಏನ್ಲ ಬಳೆಗಾರ ಲುಚ್ಛನ್ ಫ್ಯಾನ್ಸ್,2
beautiful movies sar,0
hoooo tik tok ban,4
super songs,0
naik ಸರ್,0
ನಿಜವಾದ ಹೀರೋ ನೀವು sir ಸ್ವಾಭಿಮಾನದ ಗುರು ನೀವು,0
13 1 rajkumar chitragalanu naanu nodidheeni haadu ishta pattidheeni adhrey avara haadey best antha illaa nn2 songs music composing aaa ilayaraja goththaa shankar ganesh goththaa haris jayaraj goththaa ar rahman santhosh narayanan ms viswanathan deva ivarella rajkumar illadhe yeshtu hit songs kottidhaare goththaa kannada dhalli nshankar ganesh thagolli average music director avara kannada songs tune aagley bayankara craze karunaada thaayi sadha chinmayee,0
ಸೂಪರ್ bigg ಫ್ಯಾನ್ of ರಕ್ಷಿತ್ shetty,0
hands up super song,5
hollywood ge kanoo,0
dislike mado tukaligalu ond movie screen madli saku adestu kasta anta gottagutte all the best for this move,4
hejje hejjege tik tokers troll and roast maadi,0
mysore maharajara bagge hemme inda helidralla tumba chennagittu,0
avanige gaya vasi agbeku andre avnu krishna na bhakti madi vasi madbeku eela kaliyuga nasa agbeku,4
ಭಗವಂತ ನಿಮ್ಮನ್ನು ಮತ್ತು ನಿಮ್ಮ ಕುಟುಂಬವನ್ನು ಸದಾಕಾಲ ಕಾಪಾಡಲಿ ಒಳ್ಳೆಯವರಿಗೆ ಒಳ್ಳೆಯದೇ ಆಗುತ್ತದೆ,0
sir ee varshada sikshanada bagge tilisi,0
super togari tippa,5
nimge olledagli sir god bless you sir,0
but movie superb,0
ಜನ ಯಾಕೆ ಥಿಯೇಟರ್ ಗೆ ಬರ್ತಿಲ್ಲ ಅಂದ್ರೆ piracy ಫೋನ್ ಅಲ್ಲೇ movie ಸಿಗುತ್ತೆ ಮತ್ಯಾಕೆ ಥಿಯೇಟರ್ ಗೆ ಹೋಗೋದು ಅಂತ ಬರೋಲ್ಲ ಜನ,1
nice song galli mathina bajaru suddi saridhe sumaru charitre shrustiso avathara,0
of india ನಮ್ಮ ದೇಶದ ಹಾ ಪಾರ್ಟಿ ದೇಶ ವನ್ನು ತುಂಡು ತುಂಡು ಹಾಗಿ ಮಾಡ್ತೀನಿ ಅಂತ ಹೇಳ್ತಾರೆ ಇದಕ್ಕಿಂತ ದೊಡ್ಡ ಮಾತು ಬೇಕಾ kanniya kumar,0
good one,5
trailer kooda 6 dina trending alli ittu,0
super movie,0
ಕನ್ನಡದಲ್ಲಿ ಚರಿತ್ರೆ ಸೃಷ್ಟಿಸಲಿ ಈ ಸಿನಿಮಾ,0
making nalli crazy star nenapadru,0
movie is ossum,0
jai d bo ss,0
super song,5
ಇದು ಸುಳ್ಳು ಚೀನಾ ಕಾರ್ಮಿಕರಿಗೆ ಗಂಟೆ ಲೆಕ್ಕದಲ್ಲಿ ಸಂಬಳ ಕೊಡುತ್ತಾರೆ,3
hands up,5
ಇದು ಚರಿತ್ರೆ ಸೃಷ್ಟಿಸೊ ಅವತಾರ,0
super d boss fan s like madi,0
fans wars bittu nam kannada films belibeku annoru like madi,0
super song all the best from shivaraj kumar fans,0
anil nimmappa alvenro,4
devaru olledu madtane sir nimge chenag iri,0
ಮ್ಯುಸಿಕ್ ಅಧ್ಬುತವಾಗಿದೆ 5 ಭಾಷೆಯಲ್ಲೂ ಈ ಸಿನಿಮಾ ಶತದಿನೋತ್ಸವ ಆಚರಿಸಲೆಂದು ರಾಜವಂಶದ ಅಭಿಮಾನಿಗಳ ಪರವಾಗಿ ಶುಭ ಕೋರುತ್ತೇನೆ,0
your grat sar aldha best,5
nev hing madodhakene nav udhara agthilla,2
ನಾನು ಕೂಡ ಬಿಟ್ಟಿಯಾಗಿ ನೋಡಿದೇನಿ ನನಗೆ ಒಂತರಾ ಮನಸ್ಸಿಗೆ ನೋವು ಆಗ್ತಾ ಇದೆ ನಾನು ಸಿನಿಮಾ ಗೆದ್ದಿದೆ ಬಟ್ ದುಡ್ಡು ಬರಲಿಲ್ಲ ಸಿನಿಮಾಗೆ,1
bro game name pizz,5
film re realise madi,0
monster_kannada ಓಹ್ ತುಕಾಲಿಗೆ ಹಟ್ಟಿದವನೆ,2
aadu nane broo soul naa replacement maddee bere body gee antha aansthidee,4
ಯುದ್ಧ ಮಾಡಬೇಕು ಓದಬಾರದು ಕಟುಕರ ಮುಂದೆ ಭಗವದ್ಗೀತೆ,0
bro sorry ond matu nang eetara troll madodu ella ishta agtirlilla first time nimm videos nodi sakkath kushiaytu nd ur video really give a good msg,0
ಬೆಂಕಿ ಕಣ್ರೀ ನೀವು,0
firstu neen beldu,1
i love you vvvvvvvvvv,5
ನಿಮಗೆ ಒಳ್ಳೇದು ಆಗಲಿ ಸುದೀಪಣ್ಣ ಅಭಿಮಾನಿಗಳು,0
excellent,5
e nayi nann makkalage thiliyode illa,1
s shetty nanu karthik shetty manglurininda,0
delete tiktok your details are also hacking chinese,4
so sad sir,5
nivu deshada ella moole moole bidade suttidira avaru hagella sikka sikka varigella kanisikolluvudilla,2
ಇನ್ನೊಮ್ಮೆ ಬಿಡುಗಡೆ ಮಾಡಿ ಗೆಲ್ಸೋ ಜವಾಬ್ದಾರಿ ನಮ್ಮದು ಮತ್ತೊಮ್ಮೆ ದಿಯಾ,0
rakshit shetty bro,5
rashmika andre yaru guru nthukali sule edalala avle erboda,2
ನನಗು ತೊರಸಿ ಅಶ್ವತ್ತಾಮರಾ,0
shetty sari bidi,0
eega ellakade ursthayirodu kannadigare,3
nam oorigu bandidda nanu chicken biryani tinsi kalsde,0
urkond sai beku,1
neev super marree,0
c sir ivaga hagalla belige call maditini heli prashne keltini political bittu abhirudhi bagge keltini heli,0
o my god,5
no chandan rap song,5
ಧನ್ಯವಾದಗಳು ರಕ್ಷಿತ್ ಶೆಟ್ಟಿ ಅವರೇ ಸಾಂಗ್ ತುಂಬಾ ಚೆನ್ನಾಗಿದೆ ನಿಮ್ಮ ನಿಮ್ಮ ಸಿನಿಮಾಕ್ಕೆ ಆಲ್ ದ ಬೆಸ್ಟ್ ಆಲ್ ದ ಬೆಸ್ಟ್,0
superb video bro,5
kera togondu odebeku nana magana,2
patrada parichaya iroru e bandukigide hale hesaru is he mentioning ulidavaru kandnte,0
idu charitre shristiso avatara avane srimannarayana,1
ha sanchari vijay waiting to see him,5
kal,5
d boss fans,5
idu pakka sulllu,1
ನಿಜವಾಗಿಯೂ ಇದು ಚರಿತ್ರೆ ಸೃಷ್ಟಿಸೋ ಅವತಾರ ಹ್ಯಾಟ್ಸ್ ಆಫ್ ನಾರಾಯಣ,0
super duper old audio drama,1
nagu ನಾನು ಹೇಳ್ತಿರೋದು ಇಷ್ಟೇ ಥಿಯೇಟರ್ ಅಲ್ಲೂ ನೋಡಲ್ಲ atleast ಮೊಬೈಲ್ ಆದ್ರು amazon ಅಲ್ಲಿ ನಿಯತ್ತಾಗಿ ನೋಡಿ npiracy telegram ಅಲ್ಲಿ ನೋಡ್ಬೇಡಿ ಅಂತಾ,3
namma hero rakshit,0
parthasarathi ಹಾದರಗಿತ್ತಿ,2
super bro ban agide valedu,0
ellar mobile alli dia movie ide kanri theatre ge jana yake barthare heli yake online alli leak aythu movie nonline alli movie nosbodu andre jana bidthara heli neeve,3
b s ayyo sulemaklu,1
kannada ne barolla,2
ri tippa supper,0
sumniru bro yak nenpustiya adunna madyaratrili goose bumps barutte hegego aagutte,0
super sir nim anthoru nam kannada industry ge beku namma kannada industrya kirty patake ellade harabeku belibeku,0
super tippa story,5
anup kulkarni true,5
ivrantu un install madalla sulemaklu avrna following madtiro nayigalige buddi barbeku modlu nam india dalliro inta nayigala kathe ne istu deshad bagge yenadru gottidre tane tiktok nalli bandu motivation helo ivlige deshad bagge keladre yenu gottiralla guru ivakke avar maneli bodig bittidare avalna navadru enmadokagatte,1
my opinion ಬಹಳ ಧನ್ಯವಾದಗಳು,0
ಟೆಲಿಗ್ರಾಮ್ ಅಂತ app ಇದೆ ಅದನ್ನ ಮೊದಲು ಬ್ಯಾನ್ ಮಾಡ್ಸಿ ಸರಿಹೋಗತ್ತೆ ಹೊಸ ಕನ್ನಡ ಸಿನಿಮಾ ರೀಲಿಸ್ ನಾಳೆಗೆ ಬಂದಿರುತ್ತೆ ಮೊಬೈಲ್ ಗೆ ಟೆಲಿಗ್ರಾಮ್ ಅಲ್ಲಿ,3
super rakshit hands up songs super,0
ಅತ್ಯುತ್ತಮ ಪ್ರಯತ್ನ ಶುಭವಾಗಲಿ,0
ಈ ದರಿದ್ರ ಬಡ್ಡ್ಯತವ tiktok ನೋಡಿಯೆ ನಮ್ಮ ಮೋದಿಯವರು ಬ್ಯಾನ್ ಮಾಡಿದ್ದು ಗುರು,4
super jai d boss,5
movie sena ok,5
mind blowing song,5
simple star aata kalthkonde akadake bandirodu really doddlekka,0
i ammaddixctedrepeatrinserepeat guru,0
bhimsen baburao waghe bhimsen,5
gali matina tune best,0
ಚರಿತ್ರೆ ಸೃಷ್ಟಿಸಲಿ ಕನ್ನಡದ ಹವಾ ಬಹಳ ಜೋರಾಗಿದೆ ಭಾರತೀಯ ಚಿತ್ರರಂಗದಲ್ಲಿ ಹೆಮ್ಮೆಯ ವಿಷಯ ನಮ್ಮೆಲ್ಲರಿಗೂ,0
ಸತ್ಯವಾಗಲು ಸರ್ ನನಗೂ ಕೂಡ ಹಾಗೆ ಅನಿಸುತ್ತಿದೆ ಕಂಡಿತ ನಾವು ಈ ಸಿನಿಮಾ ಥಿಯೇಟರ್ ನಲ್ಲಿ ನೋಡಲಿಲ್ಲ ಅನ್ನೋ ಬೇಜಾರು ತುಂಬಾ ಆಗಿದೆ,1
idu charitre srustiso avatara asn,0
kelsa yavdadrenu maadu guru,0
bindu lowda hidko ba nan lowda,2
i love rakshit anna super movie sule rasmika mandan ge chappali le hodibeku,2
ಹೊಸತು ಹೊಸತು ಕಿವಿಗೆ ಹಿಂಪುnasn ತಂದ ಕನ್ನಡಕ್ಕೆ ಹುರುಪುnಇವ ಮಾಡಲ್ಲ ನಿರಾಸೆಯೆಂಬ ತಪ್ಪು nಇಂದ,0
ವಿಜಯ್ ಪ್ರಕಾಶ್ ಸರ್ voice,0
superb nice message to all,5
super song,0
nkn yan trailer guru maiye jumm anthu wow amazing,0
le tukali like dislike janakke bittaddu,3
ಇವ್ನಿಗೆ sensorನಲ್ಲಿ ua certificate ಸಿಕ್ಕಿತು ಅದಕ್ಕೆ ಈಗ everybody hands up,0
idu chatire srushtiso avatara,0
ಮಗ ಹೀಗೆ ಮಾಡು ಡ್ಯಾಸ್ ಲೈಕ್ಸ್ ಸಿಗುತ್ತೆ,1
nimm attendance kodri kelge nn,0
adre niv suprb bro,0
fuck tik tokrs,3
slow poison song annoru like maadi,0
le gandu nan magane,1
bharatha no 1 desha namma deshakke yaudu sari sati ella,1
ರಮಾ ರಮಾ ತುಸು rutha ಜಾರಿಪ,0
kannada tougari teppa,5
ಚಂದನ್ ಶೆಟ್ಟಿ ಟ್ರೊಲ್ ವಿಡಿಯೋ ನೀವು ನೋಡಿ ನೆಗಡ್ಡೆ ಇದ್ರೆ ನಾವ್ ಗ್ಯಾರಂಟಿ,0
ಅದ್ಭುತವಾದ ಹಾಡು,0
10 dubbing movie barudakkintha 1 e thara movie bandare sakku,1
chinna app delete madi pla,4
ulti music and signature step,0
i hate tiktok mobile thagondagindanu install made illa i hate this,4
super song,5
powerful music irbekittu annoru like madi,1
anna nivu comedy agi madila andru yene madidru entertaining agi eruthe keep rocking,0
v ninna luccha ige modale kaddi swalpa body madkond baralu helu olle baavali haage eddane mattu omdu hit movie kodoke helu madirodella flop,3
dbøss munde ivanu baccha,2
varshakke 3 thagadu movie madi industry haal mado hero galu ondh kade adrenn3 varsha kasta pattu ondhu olle film mado namma rakshith shetty haagu yash innondh kade n,3
shaata daagar fans,3
superb guru hogiri makke tiktok ishta padorige,0
trending no 1 wow,5
ನಿಜವಾದ ಸ್ಟಾರ್ ಅಂದ್ರೆ ನೀವು,0
flop movie boring,4
views struck,5
sup song hands up asn,5
is ashvadhama alive,5
bro neev mandya dhavara,0
ಅನವರತ mattu ಅವಿರತ eradu samana artha iro padagalu,0
appa geddhamele maga geddhage sir ur great,0
ದ್ರುವ ಅಣ್ಣಾ ಅಭಿಮಾನಿಗಳ ಕಡೆಯಿಂದ all the best,0
nivu madidu karekt,0
hindi kaha he bhai,5
ಅವರಪ್ಪ ದುಡ್ಡು ಕೂಡಿ ಹಾಕಿ ಹೋಗಬೇಕಾಗಿತ್ತು,0
umesh n j,5
super video anna,0
powerful music irbekittu annoru like madi,1
super guru,0
prajju yav dress hakudru super aage kantane,0
jai rakshith shetty,0
ias ips madirorigintha politicians ge value jasti iro namma vishala manassina indians badlagovargu nnam desha beliyodu kasta ide,0
namma devaru nimma devaru anta andkollodu samanyane,0
defenetely rakshit shetty,5
super kannda super,0
hands up super songs,0
ಒಬ್ರು ಹೋಗಿ ಫಿಲ್ಮ್ ನೋಡಲ್ಲ,0
uppi uppi,5
dr shambhu baligaaravarige thumba dhanyavadagalu,0
nija helbekandre ee song yako sync aagtilla movie trailer type ge,4
gud job nim nirdharakke nimma kelasakke namma gowrava namaskara kanditha nimge olle role kodo buddi nirdeshakarige haagu kannda industry ge barabeku,0
ಹಾಡು ಕೇಳ್ತಾಯಿದ್ರೆ ಒಂಥರ ಲವ್ಲಿ ಕಿಕ್ ಏರುತ್ತೆ ಅನ್ನೋರು ಲೈಕ್ ಮಾಡಿ nಧನ್ಯವಾದಗಳು nರಕ್ಷಿತ್ ಸರ್ ವಿಜಯ್ ಸರ್ ಅಜನೀಶ್ ಸರ್ ಸೂಪರ್ಬ್ ಸಾಂಗ್ ಹ್ಯಾಂಡ್ಸ್ ಅಪ್,0
monster_kannada ಲೋ ಗಾಂಡುಗೆ ಹುಟ್ಟಿದ ರಂಡಿ ಮಗನೇ,2
bega release madi sir hindi and other languages alli masala films na nodtidare jana actually khaali hoditide e film annu release madi,0
kalaburgi and bidar jille janaru like maadi,0
ವಿ ಪಿ ಸರ್,0
togari thipan hasya chataki supar,0
nijvaaglu sir olle information kottidiri,0
ಕನ್ನಡವನ್ನು ಇನ್ನೊಂದು ಹಂತಕ್ಕೆ ಕೊಂಡೊಯ್ಯುವುದರಲ್ಲಿ ಸಂದೇಹವೇ ಇಲ್ಲ nರಶ್ಮಿಕ ಕಕ್ಕ ಅವರೇ ನೋಡಿ ಉರ್ಕೊಳ್ಳಿ,4
bro ninna uru yavdu,0
dhananjay kinyaje ಇಲ್ಲ ಮಲಯಾಳಂನಲ್ಲಿಯೂ ಈಗ ಮೂವಿ ಓಡ್ತಾ ಇಲ್ಲ ಅಲ್ಲಿ ಏನಿದ್ರೂ ಸೂಪರ್ ಸ್ಟಾರ್ ಗಳ ಮೂವಿಗೆ ಡಿಮಾಂಡ್ ನಾನು ಎಷ್ಟೋ ಮೂವಿ ಯನ್ನು ಟಿವಿಯಲ್ಲಿ ನೋಡಿದ್ದೇನೆ ತುಂಬಾ ಚೆನ್ನಾಗಿರುತ್ತೆ ಆದ್ರೆ ಥಿಯೇಟರ್ ನಲ್ಲಿ ಓಡಿರೋದಿಲ್ಲ ಕನ್ನಡದಲ್ಲಿ ಹೊಸಬರಿಗೆ ಇರುವಷ್ಟು ಸ್ಪೇಸ್ ಬೇರೆ ಭಾಷೆಯಲ್ಲಿ ಇಲ್ಲ,1
best song i have heard after belagenddu,0
movie rerelease madi plss,0
noh ravindra lowdre naanu space nalli idini hudukikond baroke rocket beku nin yogyate ge adella illa bidu,2
ಚಂದನ್ ಶೆಟ್ಟಿ ಟ್ರೊಲ್ ವಿಡಿಯೋ ನೀವು ನೋಡಿ ನೆಗಡ್ಡೆ ಇದ್ರೆ ನಾವ್ ಗ್ಯಾರಂಟಿ,0
avane srimannarayana trailer bgm n re createdn,5
ಈ ಸಂಗೀತ ಮತ್ತು ಡಾನ್ಸ್ ಸ್ಟೆಪ್ ಒಂದು benchmark ಮತ್ತು trend ಆಗತ್ತೆ,0
yake andre d booos du kurishetra filam gay asker awold barbekittu yak kotela so d boos fens ee filam nodilla,4
i love you rakshit,0
im fanof rakshit shetty,5
ಕಥೆ ಚೆನ್ನಾಗಿದೆ ಇದು ದಯವಿಟ್ಟು ಕನ್ನಡ ಚಿತ್ರಗಳಿವೆ ಬೆಂಬಲ ಕೊಡಿ,0
chennagi ede song super,0
anyway good song,0
a r basavarajppa,5
k k super bro,5
nam kannada heroes ge support maadade dislike kodtiralla enro neevu all the best from d boss fans,0
broo niv aadtiraa game yavdu,0
china copy maadi naawu maadbekilla jana alli khushyaagilla naadre niw helidralli tumba kelsa aagbeku bhaaratadalli adella maadodu janakku bekaagalla,0
yake jana ogtila andre bec of telegram app bec yala movie galu 1 week ge sigtide yalrugu phone ale nodtidare tuu itara ole cinimas na yaru ogi nodtilwala anode bejaruu ban the telegram appnplzz,4
jai d boss,0
bro game name,5
rao en maadodu asht bejaar aagide ond olle cinema hesr maadlilvalla anta bejar maadkobedi,0
ಚಂದನ್ ಶೆಟ್ಟಿ ಟ್ರೊಲ್ ವಿಡಿಯೋ ನೀವು ನೋಡಿ ನೆಗಡ್ಡೆ ಇದ್ರೆ ನಾವ್ ಗ್ಯಾರಂಟಿ,0
ಏನು ಮಾಡೋದು ಸರ್ ದೇಶ ಉದ್ದಾರ ಮಾಡುವಷ್ಟು ದುಡ್ಡನ್ನು ನಕಲಿ ಗಾಂಧಿಗಳು ಲೂಟಿ ಮಾಡಿದ್ದಾರೆ ಅದು ಅಲ್ದೇ ಒಬ್ಬ ವಿದೇಶಿ ಮಹಿಳೆ ಕೈಯಲ್ಲಿ ದೇಶ ಸಿಕ್ಕು ಬರಬಾರದ ಪರಸ್ಥಿತಿಯಲ್ಲಿ ಬಂದುಬಿಟ್ಟಿದೆ ಅವಳ ಬ್ಯಾಂಕ್ ಬ್ಯಾಲೆನ್ಸ್ 3 ಬಿಲಿಯನ್ ಇದೆ ಯಾರಪ್ಪನ ಮನೆ ದುಡ್ಡು ಅದು ಸ್ವಲ್ಪ ಅದರ ಬಗ್ಗೆ ಒಂದು ವಿಡಿಯೋ ಮಾಡಿ ಲೂಟಿಕೋರರ ನಕಲಿ ಗಾಂಧಿಗಳ ಬಗ್ಗೆ,3
remake ಮಾಡಿ hit ಕೊಡೊಕೆ ಇದು 2010 ಅಲ್ಲ n2020 swamake ಮಾಡಿ ಖಂಡಿತ hit ಕೊಡುತ್ತೆ nಗೆಳೆಯ ಅಂತ ಸಿನಿಮಾಗಳು ಮಾಡಿ,1
yake jana ogtila andre bec of telegram app bec yala movie galu 1 week ge sigtide yalrugu phone ale nodtidare tuu itara ole cinimas na yaru ogi nodtilwala anode bejaruu ban the telegram appnplzz,4
jai d boss,5
krishna mosake karna duryodana marana ondidaru avaranu solesalu pandavarige sadyane ella,0
creative kannadiga ur super n tiktok users ge nive correct,0
kannada nigant allli dagar andre enu artha gotta n,1
yallo heno aythu anthane alva guru avnu sule maga,2
after marakkar trailer,5
ajaneesh lokanatha sir nodiyo kaliyo arujuna janya,1
loo nim makha muccha e video gu dislike yenro nim hendti munde haga avr character nodi kaliro life andre yenu antha thu nanmakla,4
and narayan swamy yaru yava uru,0
starting baro music kundavani ಕುಂದಾಪುರದ u remake,0
rakshit shetty we love you so much,5
love u boss,5
super video,5
super song,5
pakka and kgf chapter ii ಇದಕ್ಕಿಂತ inna ದೊಡ್ಡ ರಾಜ್ಯ ನೇ ಕಟ್ಟುತ್ತೇ waiting for asn kgf ii,0
togari thippa bahala chanagide,0
ಗುರು ನಿನ್ನ ಪಾದ ಝೆರಾಕ್ಸ್ ಮಾಡಿ ಕೊಟ್ಟ ಬಿಡಪ್ಪ,0
tiktok ದೂಳು ivathinda,1
raksihth settru super dooper,0
ee tara hosa prayatna namge,0
olledagli sir nimge,0
d boss love ers 1 like madi,0
i love u ದಿಯಾ,0
shivu mathe yavaglu telugu ge yake saitare alllli erorela,2
first karnataka dalli tamil and telugu cinema galile bedike kadime agbeku avarinda ne nam kannadakke e paristithi,1
pratvi yen acting guru nimdu,0
togari tippa is amazing,5
stupid fans buildup raaja neen est janunna nodidya choolnanmagne,2
est movie li ede tara ede same scenes,1
supper agi madiddiya guru,0
ನನಗೆ ಮಹಾಭಾರತ ಅಂದರೆ ತುಂಬಾನೆ ಇಷ್ಟ nಮಹಾಭಾರತದಲ್ಲಿ ಬರುವ ಪಾತ್ರಗಳು,0
ದಿಯಾ ಕನ್ನಡದ ಒಂದು ಸುಂದರ ಪ್ರೇಮ ಕಥೆ ಭಾವನಾತ್ಮಕ ಚಿತ್ರ ಹೊಸ ನಟನಟಿಯರ ಚಿತ್ರ ಅದೇನೂ ನೋಡೋದು ಸ್ವಾಭಾವಿಕ ಆದರೆ ಆತರದ ಅಭಿಪ್ರಾಯವನ್ನು ಸುಳ್ಳು ಮಾಡಿದ ಚಿತ್ರ ದೊಡ್ಡ ದೊಡ್ಡ ಸ್ಟಾರ್ ನಟರ ಚಿತ್ರಕ್ಕೆ ಕತೆನಿಲ್ಲದೆ ಬಾರಿ ಬಿಲ್ಡಪ್ ಚಿತ್ರ ಇರುತ್ತೆ ದಿಯಾ ಚಿತ್ರ ನೋಡಿ ಕನ್ನಡಕ್ಕೆ ಹೊಸ ನಟರಿಗೆ ಬೆನ್ನು ತಟ್ಟಿ ಪ್ರೋತ್ಸಾಹಿಸಿ ಬೆಸ್ಟ್ ಆಕ್ಟಿನ್ಗ್ ಇದೆ ಬೆಸ್ಟ್ ಕತೆ ಇದೆ ನೀವು ಈ ಚಿತ್ರ ನೋಡಿದ ನಂತರ ಒಂದಿಷ್ಟು ಹೊಸ ರೀತಿಯ ಅನುಭವವನ್ನು ಪಡೆಯುವಿರಿ,0
ಚಂದನ್ ಶೆಟ್ಟಿ ಟ್ರೊಲ್ ವಿಡಿಯೋ ನೀವು ನೋಡಿ ನೆಗಡ್ಡೆ ಇದ್ರೆ ನಾವ್ ಗ್ಯಾರಂಟಿ,0
ಉಗಿ ಕಳ್ಳ ನನ್ ಮಕ್ಲುಗೆ,1
wowww superb song,5
nambike eruvavaru nodi,4
en helde guru,0
nam mane gu bandida,1
yes bro,5
hats up rakshit,0
ultra ultimate song,0
entha valle trailer ri edu great nkelhu kachda galu n intha prathibe galu karnataka dalidru n dudina aase ge low quality movie madi nkannada andre jana intrest thoris bardu naa thara aprada madthidare,0
hindi songs kaha he,5
we varshada super song,0
music kelta erbekanisutade,0
javari tippa superb ri,0
ಮನೆಯಿಂದಲೇ ಸಂಪಾದಿಸಬೇಕೇ with income proof whatsapp 6362806874,1
narayana character yariga istha illi like madi,0
shapaa kottavane krishna avre ivaga badhukilla anthavreee,1
ಹೌದು ಸ್ವಾಮಿ ಇಂತ ನನ್ ಮಕ್ಕಳಿಗೆ ಎಷ್ಟು ಉಗಿದರೂ ಬುದ್ಧಿ ಬರಲ್ಲ ನಮ್ಮಲ್ಲೇ ಹೌರೆ ಶತ್ರುಗಳು ಐ ಡೋಂಟ್ ಲೈಕ್ ಚೈನಾ,4
nice pd,5
gowtham kiccha nimamman oorsoole nimammam thullige bale sigskondu keythivi hushaaru sik sikkid kade thika kodtha edre hardu oorbaglu madthivi amele doctorgu holge jaga erbardu hange keythivi beware bale pans,2
nan yavathu youtube video na like kuda madila but comment madidini so,1
bgm chindi,5
ನಿಮ್ಮ ಅಮ್ಮನ್ ತುಲ್ಲು,2
ಸರ್ bigg boss house ಗೆ ಹೋಗಿ ನೀವೇ ಗೆಲ್ತಿರಾ,0
ಈ ದರಿದ್ರ ಬಡ್ಡ್ಯತವ tiktok ನೋಡಿಯೆ ನಮ್ಮ ಮೋದಿಯವರು ಬ್ಯಾನ್ ಮಾಡಿದ್ದು ಗುರು,4
adu support irodarinda,0
hindi where,5
hauda angadre hogi avn tunne unnu,1
super movie,5
ಪವರ್ ಸ್ಟಾರ್ ಪುನೀತ್ ರಾಜಕುಮಾರ್ ಅಭಿಮಾನಿಗಳಿಂದ all tha best,0
ಒಳ್ಳೆತನಕೆ ಜಯ ಸಿಗುತ್ತೆ,0
super roast but e pubg vedios yake sink madi roast madtira change madi,3
super song guru,0
pubg plair gun,5
ಯೂಟ್ಯೂಬ್ನಲ್ಲಿ ದಿನನಿತ್ಯ ತುಂಬಾ ವಿಡಿಯೋಗಳು ನೋಡಿದ್ದೆ ಆದರೆ ನನಗೆ ತುಂಬಾ ಇಷ್ಟವಾದ ವಿಡಿಯೋ ಇದು ತುಂಬಾ ಅದ್ಭುತವಾದ ಮಾತುಗಳು ಸರ್ ಆ ದೇವರು ನಿಮಗೆ ಇನ್ನೂ ಆಯಸ್ಸು ಆರೋಗ್ಯ ಹೆಚ್ಚು ಕೊಡಲಿ ಎಂದು ಪ್ರಾರ್ಥಿಸುತ್ತೇವೆ ನಿಮ್ಮ ನಿಷ್ಕಲ್ಮಶವಾದ ಮನಸ್ಸು ನು ಯಾವತ್ತಿಗೂ ಆ ದೇವರು ಕೈ ಬಿಡುವುದಿಲ್ಲ ನಿಮಗೂ ನಿಮ್ಮ ಕುಟುಂಬದವರಿಗೂ ದಸರಾ ಹಾಗೂ ದೀಪಾವಳಿ ಹಬ್ಬದ ಶುಭಾಶಯಗಳು ಹಾಗೂ ಈ ವಿಡಿಯೋ ಮಾಡಿದ ಮಾಧ್ಯಮದವರಿಗೂ ದನ್ಯವಾದಗಳು,0
becaz kannada movies are not producing good movies,5
bere level aagi ede appata kannada haadu,0
ತುಳುನಾಡ ತುಳು ಸಿನಿಮಾ ಹೀರೋ ಪೃಥ್ವಿ ಅಭಿನಯ ಸೂಪರ್,0
ur just owsm man,5
i am not understanding,5
pakka kannadigana movie super,0
kirik party boys,5
video 18 min innu video upload maadi 12 min agide complete video nodade dislike madthirallo,3
ಗುರುವೇ ಇವತ್ತಿನಿಂದ ನಿನ್ನ ಫ್ಯಾನ್ ಆಗಬಿಟ್ಟೆ ನನ್ನ ದೇಶಾ ನನ್ನ ಹೆಮ್ಮೆ ಯಲ್ಲರು ಭಾರತೀಯ ವಸ್ತುಗಳನ್ನೇ ಬಳಸಿ ಭಾರತವನ್ನು ಉಳಿಸಿ ಜೈ ಹಿಂದ್ ತೆನೆ ತೆನೆ ಕುಡಿದ್ರೆ ರಾಶಿ ಹನಿ ಹನಿ ಕುಡಿದ್ರೆ ಹಳ್ಳಾ ಪ್ಲೀಸ್ ಯಲ್ಲರು ಇನ್ನ ಆದ್ರೂ ಒಗ್ಗಟ್ಟಾಗಿ ದೇಶದ ಪರವಾಗಿ ನಿಲ್ಲಿ ಜೈ ಹಿಂದ್,0
nan maga ge lali song wake up song ella nu e song agide,1
nice sir but message madidre reply madalla tavu yella dove,1
bro instagram nalli vagul dengorige edetara aapidri bro,3
awesome nbro send me link of part 2 nexited to listen part 2,0
hindi song yalli,0
ಇದೆಲ್ಲ ನಿಜಾನೆ ಏಕೆ ಅಂದ್ರೆ ಮಹಾಭಾರತ ನಡೆದಿರುವ ಬಗ್ಗೆ ನಮಗೆ ಗೊತ್ತಿದೆ ಅದರ ಕುರುಹುnಶ್ರೀ ಕೃಷ್ಣನ ಹೃದಯ ಈಗಲೂ ಪೂರಿ ಜಗನ್ನಾಥ್ ದೇವಸ್ಥನದಲ್ಲಿ ಜೀವಂತವಾಗಿ ಇರುವುದುn ನಮ್ಮ ಕೆಲವು ರಾಜಕಾಿಣಿಗಳು taxnಹಣ ದೋಚುವ ಬಗ್ಗೆ ಹೆಚ್ಚಿನ ಆಸಕ್ತಿಯನ್ನು ಹೊಂದಿರುತ್ತಾರೆ ಆದ್ದರಿಂದ ಇಂತಹ ಅನೇಕ ವಿಚಾರಗಳು ಯಾರಿಗೂ ತಿಳಿದಿಲ್ಲ,1
jai kirk star,5
i like your comments,0
love you shankar sir namage neevu beku sir matte neevu nammanna manaranjane maadi neevu illade iro kannada cinema naanu nodalla sir,0
g mathapati k,5
tuogeri tippa super,0
aa hudgi bandaga iro music nice,0
ಸಾವರ್ಥ ರಾಜಕೀಯ ಮತ್ತು ರೌಡಿಸಂ ಮತ್ತು ಕೆಲಸ ಗಾರರು ಮಾಲಿಕ ನನು ರಕ್ಷಣೆ ಮಾಡಲಿಲ್ಲ,3
kittod nanmaklu maarayya,4
plz chance kodi nodi avar acting,0
10 dubbing movie barudakkintha 1 e thara movie bandare sakku,1
ಅಪ್ಪಟ ಕನ್ನಡದಲ್ಲಿ ಮನಸು ಮುಟ್ಟೋ ಹಾಗೆ ಸ್ವಚಂದವಾಗಿ ಮುಖ ಒರಿಸ್ಕೊಳ್ಳೋ ಹಾಗೆ nಚೆನ್ನಾಗಿ ಉಗಿತಿರಾ ಅಣ್ಣಾ ಉರ್ಕೊಳ್ಳೋರು ಉರ್ಕೊಳ್ಳಿ ಕರೆಂಟ್ ಹೊಡಿದ ಕಾಗೆ ಹಾಗೆ,3
guru sakatha helidiya guru,0
ಯುದ್ಧ ಮಾಡಬೇಕು ಓದಬಾರದು ಕಟುಕರ ಮುಂದೆ ಭಗವದ್ಗೀತೆ,0
hi super song,5
supr bro aadhh yen kannadaa aaadhh yen punch waaaaa supr bro,0
super vidio,5
1 in trending,5
tippa yappa supper,0
ಚಂದನ್ ಶೆಟ್ಟಿ ಟ್ರೊಲ್ ವಿಡಿಯೋ ನೀವು ನೋಡಿ ನೆಗಡ್ಡೆ ಇದ್ರೆ ನಾವ್ ಗ್ಯಾರಂಟಿ,0
yan guru tik tok trolars mirisibite guru tik tok stars nin video nodidre madiro videos muti muti nodkobeku atara idea,0
ಅವನೇ ಶ್ರೀಮನ್ನಾರಾಯಣ ಅಲ್ಲnnಇವನೆ ನಮ್ಮ ಶ್ರೀಮನ್ನಾರಾಯಣ nಪವರ್ ಸ್ಟಾರ್ ಪುನೀತ್ ರಾಜಕುಮಾರ್ ಅಭಿಮಾನಿಗಳು ಸಪೋರ್ಟ್ ಮಾಡೋರು ಲೈಕ್ ಹೊಡಿರಿ nಜೈ ಪುನೀತ್ ರಾಜಕುಮಾರ್nಜೈ ಕನ್ನಡ ಚಿತ್ರ ರಂಗ,0
super togari tippa,0
adi and dia,5
kumar thankz hage insta alli follow madi,0
sᴛᴜᴅɪᴏ ᴍᴏᴠɪᴇs neen huttidh yav kuttige,2
druva sarja hit likenrakshith shetty commentsn,5
good morning mam,5
cult guru ellaa heroes andru yash na yaakappa bidtiyaa example santu straight forward,0
ಸೂಳೆಮಗನೇ yengo ediya ಎಲ್ಲಾ ಕಡೆ daagar ankondu promotion madtira gaandu sulemakla daagar kano avnu darshan alla,3
super bro nivu,0
ನಾನು ಚಿಕ್ಕವನಾಗಿದ್ದಾಗ ಕೇಳಿದ ಈ ತೊಗರಿ ತಿಪ್ಪನ ಕಥೆ ಈಗ ಮತ್ತೆ ಕೇಳಿ ನನ್ನ ಮನಸ್ಸು ಸಂತೋಷವಾಗಿದೆ ಸೂಪರ್ ತೊಗರಿ ತಿಪ್ಪ,0
ಹುಚ್ಚ ವೆಂಕಟ್ ಸೇನೆ ಮಂಡ್ಯ,0
e kannalli ennu en en nodbeko bro,0
idu idu channagirodu andrenbenki boss nivu,0
ನಮ್ಮ ದೇಶದಲ್ಲಿ ಸ್ವಲ್ಪ ಜನ ದೇಶದ ಬಗ್ಗೆ ಯೋಚನೆ ಮಾಡೋದು ಬಿಟ್ಟ ಬಕೆಟ್ ಹಿಡಿಯೋ ಕೆಲಸ ಚನ್ನಾಗಿ ಮಾಡ್ತಾರೆ ಅಣ್ಣಾ ಅದಕ್ಕೆ ಹೀಗೆಲ್ಲ ಮಾಡ್ತಾರೆ ಅವರು ndeshakkagi jeeva kotta aa yodhariginta e talent ankond yellargu irritate maado jana ne hechhu anna nindia bagge swalp aadru kalaji idre a application uninstall madri guru ndeshad bagge bhakti illa andre illi irok nalayakka avaru,1
varshakke 3 thagadu movie madi industry haal mado hero galu ondh kade adrenn3 varsha kasta pattu ondhu olle film mado namma rakshith shetty haagu yash innondh kade n,3
dandega takka maga sirnjhevana annodu hege anta thorise kottavru neu sirnyellanhayaka natarante sokeman nevalla sir,0
thanks ellakade link sher madi ntukali kushmikage hattiro kobbanna elisi,4
ಅಪ್ಪಟ ಕನ್ನಡದಲ್ಲಿ ಮನಸು ಮುಟ್ಟೋ ಹಾಗೆ ಸ್ವಚಂದವಾಗಿ ಮುಖ ಒರಿಸ್ಕೊಳ್ಳೋ ಹಾಗೆ nಚೆನ್ನಾಗಿ ಉಗಿತಿರಾ ಅಣ್ಣಾ ಉರ್ಕೊಳ್ಳೋರು ಉರ್ಕೊಳ್ಳಿ ಕರೆಂಟ್ ಹೊಡಿದ ಕಾಗೆ ಹಾಗೆ,3
ಪದಗಳು ಸೋತಿದೆ ಸಿನಿಮಾದnಅಂತರಾಳ ಅರಿಯಲು nಹೃದಯದ ಕಿನ್ನರಿಯಲಿ ಹೊಸ ನಾದಲಯವ ಮೊಳಗಿಸಿದ ಈ ಚಿತ್ರ ತಂಡಕ್ಕೆ ಸಾಸಿರ ನಮನ,0
ಇ ಎಡಿಟ್ ಹೇಗಿದೆn,0
brother nange kanniranna control madlikke agalilla nanage nanna ammana nenapu kadtide jotege idu out of feeling,0
only d boss ok jai kannada all movies hmmm kotigobba bittu hehehe,3
dbøss munde ivanu baccha,2
420 tik tok 420 china,4
nice i like it,5
nayak roberrt bangada goth aagutte,0
bari shocki wala mosale kanniru,4
hindi m bhi daal do yaaro,5
hello hindi song,0
yes tats y salman khan,5
tik tok sadegalu,4
e song ge tik tok madidavaru like madi,0
e film nodi yaraige shankaranag avaru nenapu agidre like madi nnanganthu rakshith ne namma next shakarnag ansittu,0
super film srimannarayana,0
song super ede bro,0
hands up avathara,0
jai narayana jaihooooooo,0
idu idu bekittu actually jai rk boss,0
yarella e hadige edict agidira like madi,0
ramayana agiye 500 varsha ayeetu indu sullu yakandre 5000yer back hege,1
superb bro,5
song is ok but it looks remake of tiger zinda hai song swag se karoonga sab ka swagath,1
nijvaaglu film na teaternalli nodade iroke sry innondu sari release madi,0
yuddha maadabeku odhabaradhu katukara mundhe bhagavadhgeethe,0
rakshith shetti luck like shankarnag,2
guru chaines apps yavyavu antha ondhu list kodi avna nam mobile ali instal madala,4
pls update hindi version,5
rekshith shetty kerala fans,5
ಧ್ರುವ ಬಾಸ್ ಅಭಿಮಾನಿಗಳು ಲೈಕ್ ಮಾಡಿ,0
gentlemen full movie linkn,3
mumbai alli release madi,0
song is ok but it looks remake of tiger zinda hai song swag se karoonga sab ka swagath,1
ho guru adu pubg alla adu yav game antha modlu thilko ninu,2
nagaraj h jagavar a,5
dislike kon kiya re m 0d,4
ಕಾಯಕವೇ ಕೈಲಾಸ ಎಂಬ ತತ್ವವನ್ನು ಪಾಲಿಸುತ್ತಿರುವ ಕಲಿಯುಗದ ಮನುಷ್ಯ ಮತ್ತು sir ನಾನು ನಿಮ್ಮ ತಂದೆ k s ಅಶ್ವತ್ಥ್ ಸರ್ ಅವರ ಅಭಿಮಾನಿ,0
i like u,0
super d boss,5
ನೋವು ನಲಿವಿಗೆ ಕಾರಣ nಅವನೇ ಶ್ರೀಮನ್ನಾರಾಯಣ,0
ಸೂಪ್ಪರ್ ಅಣ್ಣ,0
ಬೋಡ ಶೀರಾ ಅಭಿಮಾನಗಳು ಇಲ್ಲಿ ಲೈಕ್ ಮಾಡಿ,0
ನಕ್ಕನ್ ಇದು song ಅಂದ್ರೆnhands up nಹೌದೋ ಹುಲಿಯಾ,0
kannada ne barolla,2
super song sir rakshith shetty sahebara fans ella like madi,0
very nice togari tippa stori,5
தியா ஒரு அழகான காதல் காவியம் அனைத்து மொழியிலும் ஓர் தாக்கத்தை ஏற்படுத்திய திரைப்படம் தமிழ் மக்களின் சார்பாக எனது மனமார்ந்த வாழ்த்துக்கள்,5
ayyo guru yelli tanka jana moodnambke bidalvo alli tanka inta shatnayakru useless videos haktane irrtare guru nmahabharata tumba olle moral story jeevanakke bekagiro tumba paata ide idralli adunella use madkondu olle jeevna madbeku aste,1
guru chaines apps yavyavu antha ondhu list kodi avna nam mobile ali instal madala,4
ಸಕ್ಕತಾಗಿ ಹೇಳಿದ್ಯಾ ಗುರು,0
good work prajju,5
annaya super troll,0
ತುಂಬಾ ಚನ್ನಾಗಿದೆ ಸಾರ,0
ಕನ್ನಡ ಸಿನಿಮಾ ಬೆಳೆಸಲು ಕರಾವಳಿಯವರಾದ ಶಂಕ್ರಣ್ಣ,0
super song love u,5
ಇದು ಚರಿತ್ರೆ ಸೃಷ್ಟಿಸೊ ಅವತಾರ,0
bro e tiktok madovrna modlu thuldu sayisbeku nbari bildup kodo sedegale erodu bvrc galu,4
ya bro true,5
shivanna fans from kerala,5
mistake is done in promotion ee movie ge nan hogiddu flook alli coz nan friends yavdo ond movie ge hogonnan ankond yavdu show ilde idyavdo olle review idyalla movie antha hodvi but ee movie sakkath feel kodthu later nam friends ge heli kalsdvi,1
charetra hustsodu avatara,0
rakshith sir fan like here,0
ಹಲೋ ಸಿನಿಮಾ ತುಂಬಾ ಚೆನ್ನಾಗಿದೆ ಯಾರು ಗೊತ್ತಿಲ್ಲ,0
boss jote yaar chennagirtaro avrigella nam d boss fans yavaglu support made madtare alva bro,0
ನಮ್ಮ ಕಾಮೆಂಟ್ ನೋಡಿ ಓದಿದವರ ಸಮಸ್ಯೆಗಳು ಬೇಗ ಪರಿಹಾರವಾಗಲಿ ಓಂ ನಮೋ ನಾರಯಣಯ ನಮಃ,0
rashmika tunnanna nge max 5 years tym bt shetty ge innu 20 ys tym ide rakshith shetty belibeku annoru movie nodi,2
ashvatthsma idre avana photo kalsi,0
hahahaha lol nidiot beggar get lost,4
likes goskara yaakro prathi video nallu d boss fans,1
loo nim makha muccha e video gu dislike yenro nim hendti munde haga avr character nodi kaliro life andre yenu antha thu nanmakla,4
enadru public help ago vishayada bagge mathadi ivaga jana thumba buddivantharagidare,2
yen thapu illa inna chanag ugibeku,0
edu edu kannada industry olle kalavidrige,0
modi modi nyes papanbanning tik tok nno papan58 apps nhahaaaaaaa,5
like madi link share madi,0
ದಿಯಾ ಕನ್ನಡದಲ್ಲೆ sooper film ಕಾಸು ಕೊಡದೆ ಬಿಟ್ಟಿಯಾಗಿ ನೋಡಿದೆ ಅನ್ನೋ ಬೇಜಾರಿದೆ ಸಿನಿಮಾ ಗೆಲ್ಲಲಿ,0
rakshith is copy paste star full remake madalla alli alli copy madatane,2
kanth naa siggappu manithan,5
havali neene hachko yak andre ninge urdirutte,2
yar namblila andru nan nambthini nambikene jeevna,0
no words bro just,5
soundarya hi mem uta ayta mem gn,5
see 2 on trending,0
ಈ ಚಿತ್ರವನ್ನು ಮತ್ತೊಮ್ಮೆ ಚಿತ್ರಮಂದಿರಗಳಿಗೆ ತನ್ನಿ ನಮ್ಮ ಕನ್ನಡಿಗರು ಕೈಬಿಡುವುದಿಲ್ಲ ಮತ್ತೊಮ್ಮೆ ರಿಲೀಸ್ ಮಾಡಿ,0
lol darahan fans talking about quality,3
super song,0
ಚಂದನ್ ಶೆಟ್ಟಿ ಟ್ರೊಲ್ ವಿಡಿಯೋ ನೀವು ನೋಡಿ ನೆಗಡ್ಡೆ ಇದ್ರೆ ನಾವ್ ಗ್ಯಾರಂಟಿ,0
ಈ ರೀತಿ ಬೇಧ ಭಾವ ಬೇಡ ಇಡೀ ರಾಜ್ಯದಲ್ಲಿ ಅವರನ್ನು ಇಷ್ಟ ಪಡುವ ಅಭಿಮಾನಿಗಳು ಇದ್ದಾರೆ,1
nijavaglu belakaythu shankar sir,0
please intha cinemagalannu gellisona namma hemmeya kannada cinema,0
ಈ ಸಿನಿಮಾ ರಿಲೀಸ್ ಆದ ಸಮಯ ಸರಿಯಿಲ್ಲ ಈ ತರ ಸಿನೆಮಾ ಸ್ಟೂಡೆಂಟ್ ಹಾಗೂ it ವಲಯದವರಿಗೆ ಹೆಚ್ಚಾಗಿ ಇಷ್ಟವಾಗುತ್ತಿತ್ತೇನೋ,3
super bro,5
ಚಂದನ್ ಶೆಟ್ಟಿ ಟ್ರೊಲ್ ವಿಡಿಯೋ ನೀವು ನೋಡಿ ನೆಗಡ್ಡೆ ಇದ್ರೆ ನಾವ್ ಗ್ಯಾರಂಟಿ,0
ಈ ಚಿತ್ರದಲ್ಲಿ ಯಾವ್ ರೇಂಜ್ ಗೆ ಗ್ರಾಫಿಕ್ಸ್ ಮಾಡಿದ್ದಾರೆ ಅಂತ ಮತ್ತೊಬ್ಬ vfx ಆರ್ಟಿಸ್ಟ್ ಗೆ ಗೊತ್ತಾಗೋದು,0
asn song hansp song nice,0
promotion madilla guru adke jana bandilla,3
ನಮ್ಮ ದೇಶದಲ್ಲಿ ಸ್ವಲ್ಪ ಜನ ದೇಶದ ಬಗ್ಗೆ ಯೋಚನೆ ಮಾಡೋದು ಬಿಟ್ಟ ಬಕೆಟ್ ಹಿಡಿಯೋ ಕೆಲಸ ಚನ್ನಾಗಿ ಮಾಡ್ತಾರೆ ಅಣ್ಣಾ ಅದಕ್ಕೆ ಹೀಗೆಲ್ಲ ಮಾಡ್ತಾರೆ ಅವರು ndeshakkagi jeeva kotta aa yodhariginta e talent ankond yellargu irritate maado jana ne hechhu anna nindia bagge swalp aadru kalaji idre a application uninstall madri guru ndeshad bagge bhakti illa andre illi irok nalayakka avaru,1
nev hing madodhakene nav udhara agthilla,2
amazon prime alli bittidira yella manele nodtare,0
fittest will survive ashwath olle actor aadre maganu ange aagbeku andre aagutta dr rajakumar tara avr maklu aagalla avr yavattidru avre so illi acchari pado avashyakate illa,0
nivu pan india film madi sir nivu nam sandalwood most handsome hunk,0
super video bro,0
ningappa s malekoppa,0
devru nimge olledu maadli,0
super song,0
amazing music,0
tik tok nan shaaataaaaa,4
movie hindi me kb tk aa ne ka h,5
movie is song osam,0
ಸೂಪರ್ ಬಾಸ್ ನೀನು ಹೇಳ್ಳೇದ್ ಕ್ರೀಟ್ ಮಾಡಿದು ಸೂಪರ್,0
howdu gurunadre climax papa,0
ಗುರು ಉತ್ತರ ಕರ್ನಾಟಕ ಭಾಷೆ ದಾಗ ಗುಮ್ಮಿದಿ ಬ್ರೋ ಸೂಪರ್,0
hee sulli makalla videos beda tiktok ban agidhe holli kelsa,1
ನಾನು ಇವತ್ತು ಫಿಲ್ಮ್ ನೋಡಿದೆ ಸೂಪರ್nಸ್ವಲ್ಪ ಸಮಯ ಜಾಸ್ತಿ ಇದೆ ಆದ್ರೆ ಗೊತ್ತೇ ಆಗಲ್ಲ ಯಾವಾಗ ನೀವು watch ನೋಡ್ತಿರೋ ಅವಾಗ ಟೈಂ ನೋಡ್ತಿರೋ ಆಗ lag ಅಂತ ಅನಿಸ್ತಾದೆ ಇಲ್ಲಾಂದ್ರೆ 3 hours ಹೋಗೋಡೆ ಗೊತ್ತೇ ಆಗಲ್ಲ,0
spoon beesidava rishab shetty,0
ತುಂಬಾ ಚೆನ್ನಾಗಿದೆ ಹಿನ್ನೆಲೆ ಸಂಗೀತಕ್ಕೆ ಮಾರು ಹೋದೆ,0
17 million views,5
bro ನಿನ ಹತ್ರ ಏನಾದರೂ idea idre ಹೇಳಬಹುದು alva,0
havali nin astu urkondilla pa,2
ಪ್ರೇಕ್ಷಕರಲ್ಲಿ ತಲೆ ಇರುವವರು ಹಾಗೂ ತಲೆ ಇಲ್ಲದವರನ್ನು ಪರೀಕ್ಷೆ ಮಾಡಲು ಆವಾಗಾವಾಗ ಅವನು ಬರ್ತಾನೆ ಯಾರು ಅವನು,0
agadre no 3 yaru,0
tune at 2,1
rango english animated movie nodi story bardiro haag ede,0
e video nodi namma desha e stiti nodi bejar aytu nbangarada akki agidda bharatakke e paristi barabaradittu,4
taro sule makalu who is dis like gandugalu super vedios,3
avane srimannarayana beats kgf,0
delete tiktok your details are also hacking chinese,4
i m speechless,0
ಚಂದನ್ ಶೆಟ್ಟಿ ಟ್ರೊಲ್ ವಿಡಿಯೋ ನೀವು ನೋಡಿ ನೆಗಡ್ಡೆ ಇದ್ರೆ ನಾವ್ ಗ್ಯಾರಂಟಿ,0
tiktok nan shata shata,4
ಮ್ಯೂಸಿಕ್ ಗೆ ಮತ್ತು ಹಿರೋ ಸ್ಟೆಪ್ಸ್ ಗೆ ಫಿದಾ ಆದವರು ಲೈಕ್ ಮಾಡ್ರೋ,0
ಈ ಚಿತ್ರದಲ್ಲಿ ನಟಿಸಿರುವ ಎಂ ಕೆ ಮಠ ಅದ್ಭುತ ನಟ ರಂಗಭೂಮಿ ಹಿನ್ನೆಲೆ ಇರುವವರು ಬಹುಭಾಷಾ ನಟ ತಮಗೆ ಸಿಕ್ಕ ಕ್ಯಾರೆಕ್ಟರ್ ಗೆ ಪರಕಾಯ ಪ್ರವೇಶ ಮೂಲಕ ನ್ಯಾಯ ಒದಗಿಸುತ್ತಾರೆ love you ಮಠ ಸರ್,0
super song dance,5
e bevrcgal maneli yavandru sathidre sari erodu,4
ನಾವು ವಿಶ್ವ ಗುರುಗಳು,1
ಮೊದಲು ನೀನು ಟಿಕ್ ಟಾಕ್ ಡಿಲೀಟ್ ಮಾಡು ಗುರು,0
awesome movie frm kolkata,5
ragad song,5
ಟ್ರೈಲರ್ ಜಬರ್ ದಸ್ತ್ ಆಗಿದೆ,0
hindi song yavaga release madtira,0
goudar ಮೊದಲು ಕನ್ನಡವನ್ನು ಸರಿಯಾಗಿ ಟೈಪ್ ಮಾಡುವುದನ್ನು ಕಲಿರಿ ಆಮೇಲೆ ಧರ್ಮದ ಉಪದೇಶ ಮಾಡಿ plzzzzzz,2
ಇದು ಚರಿತ್ರೆ ಸೃಷ್ಟಿಸೊ ಅವತಾರ nಅವನೆ ಶ್ರೀಮನ್ನಾ ನಾರಾಯಣ,0
sir prajakeeya kke support madi sir daily 30sec adru adra bagge heli start madi sir pls eno help agutte subscriber bahala jana ide,0
kannada namma modala aadyathe aagirbeku,0
of king na helalla ningantu helallaa,2
ತುಂಬಾ ಖುಷಿಯಾಯಿತು ಕೇಳಿ,0
v even producer for kp,0
mind blowing song,5
navu kuda speed edivi makklu uttisodrale love madodrale,0
ee song ond hava start madutee ansidrey like madi,0
ban maadirodakke tumba thanks matte ee tara aap barde irali,0
parthasarathi loo sisya nin yello erodu,1
nivu like goskara tiktok ge hogi idannella collect maadkondidira thane niv e video maadide full thappu bcz nivu publisity goskare insta dalli follow maadi antha ella maathadthidira matte avaru yella helidu thappu annodadre niv thumba bad words use maadidu thappe,0
pu adu hachchagannda allappa achchakannada,2
ನೀ ತುಲ್ಯ,2
waiting asn,5
ur super sir but ಒಂದ hit movi kodi sir navu adakoskara kaetidivi,4
babu gandu sulemagane urko,2
super ಸಾಂಗ್ ವೆರಿ ನೈಸ್,0
ಏ ಭೈ ಏನೋಪ ನೀ ಹಿಂಗ ಮೈ ತೊಳೆದು ಬಿಟ್ಟಿ,0
trailer super guru,0
ಇದು ಇದು actually ಚೆನ್ನಾಗಿರೋದು,0
ಮೇಜರ್ ಜನರಲ್ ಅಬಿನಂಧನ್ ವರ್ಧಮಾನ್ ಡಿ ಬಾಸ್ ದರ್ಶನ್ ಅಭಿಮಾನಿಗಳಿಂದ ನಿಮ್ಮ ಚಿತ್ರಕ್ಕೆ ಶುಭವಾಗಲಿ,0
ಎನ್ ಮಾಡೊಕಾಗುತ್ತೆ ಕೆಲವರು ನಮ್ಮೋರೆ ತೆಲುಗು ಯಾವುದಾದರು ಸಾಂಗ್ ಟ್ರೈಲರ್ ಬಂದ್ರೆ ನಾಯಿ ಕಾಯೊ ಹಾಗೆ ಕಾಯ್ತಿರ್ತರೆ,3
hindi yalli innu song reales madilla yake,5
aata barutta 27 kke show madtini,0
i love u boss,5
ಅ ಬಿಂದು ಲವಡಗೆ modalu ತಿಕ್ಕ odibeku ಗುರು,2
ಹೌದು ನಮ್ಮ ಬರೀ ಕಣ್ಣಿಗೆ ಸಾಸಿವೆ ಗಾತ್ರದಲ್ಲಿ ಮಾತ್ರ ಕಂಡರೆ,0
b hj 8550080942,5
bro hindi language pls,5
ಸಾರ್ ನಿಮ್ ತಂದೆಯವರ ಅಭಿನಯ ನೋಡ್ತಾ ಇದ್ರೆ ಏನೊ ಹಳೇದೆಲ್ಲಾ ನೆನಪಿಗೆ ಬಂದು ಅಳು ಬರುತ್ತೆ ಆ ರೀತಿ ಮನಸ್ಸನ್ನೆ ಕರಗಿಸೊ ಕಲೆ ಅವರಲ್ಲಿತ್ತು ಅಂತಹವರ ಮಗನಾಗಿ ಹುಟ್ಟಿದ್ದು ನಿಮ್ಮ ಪೂರ್ವ ಜನ್ಮದ ಪುಣ್ಯ ಅಂದ್ರು ತಪ್ಪಾಗುತ್ತೆ ಒಳ್ಳೇದಾಗ್ಲಿ ಸರ್ ಎಲ್ರೂ ಸಾಯೋದೆ ಅಲ್ಲಿವರೆಗೂ ಖುಷಿಯಾಗಿರ್ಬೇಕು ಅಷ್ಟೇ ದೇವ್ರ್ ಒಳ್ಳೆದ್ ಮಾಡ್ಲಿ ನಿಮ್ಗೆ,0
ನನಗೆ ಕಾಣುವ ಒಂದೇ ತಪ್ಪು publicity ಮಾಡದೇ ಇದ್ದದ್ದು,1
123 but you support corupt political democracy,5
awsm song n,5
ಸೂಪರ್ ಜೈ d ಬಾಸ್,0
it looks like rangitharanga 2,5
parthasarathi ಎಷ್ಟು ರೇಟು ಒಂದು ರಾತ್ರಿ ಬ ಸಾಕು,2
vijay prakash voice fantastic sakkatagi ide song maatra d boss fan s like haer,0
tik tok beda anna,0
bgm release madi sir,0
ಎನ್ ಉಗದಿದಿಯಾ ಗುರು ಮಾತ್ ಮಾತಗು ಉಗುದಿದಿಯಾ ಈ video ನಾ ಏನಾದ್ರು tick tock star ಗಳು ಏನಾದ್ರು ನೋಡಿದ್ರೆ ನೇಣು ಹಕ್ಕೊತ್ತಾರೆ ಗುರು super,0
kannadada hemmeya asn filme annoru like madi,0
ಸಂಪೂರ್ಣ ಮಾಹಿತಿ ಅಣ್ಣಾ ಧನ್ಯವಾದಗಳು,0
ಡಿ ಬಾಸ್ ಫ್ಯಾನ್ ಕಡೆಯಿಂದ all tha best jai d boss,0
hahahaha lol nidiot beggar get lost,4
p ik,5
shree lo gaandu nan magne nam boss fans yavattu support madtare kano gubaald sule magane,2
ಸೂಪರ್ ಗುರು ಲಾಸ್ಟ್ ಅಲ್ಲಿ ಹೇಳಿದ್ರಲ್ಲ ತಿಕ ಹೊಡಿಯೋ ದೇವ್ರು ನಾ ಕಟ್ಕೊಂಡಿದಾರೆ ಅಂತ 100 ನಿಜ ಸೂಪರ್,0
en guru nin line s galu super agi helidiyaa bidu,0
super song,5
est movie li ede tara ede same scenes,1
ಸ್ವಾಭಿಮಾನ ಇಲ್ಲಾದವರು,1
ಚಂದನ್ ಶೆಟ್ಟಿ ಟ್ರೊಲ್ ವಿಡಿಯೋ ನೀವು ನೋಡಿ ನೆಗಡ್ಡೆ ಇದ್ರೆ ನಾವ್ ಗ್ಯಾರಂಟಿ,0
guru avnu darshan fan alla yash fanu,2
ondu varshakke 3 movie tegyodu dod dalla mattu adralli ondu movie li hit kottu innerdu movie li flop adavara jothe hudugi hodi hogodalla 3 varshakke ondu super hit kottu avra personality ge dakke tarde hodre adunne success antha helboudu that is rakshit shetty love u bro olle time ittu ansutte innu olle hudugi sigli nimge haagodella holledakkenindirect yake helodu direct agi rashmika ge heliddu idu,2
odeya nodokke theater ge ogide janane eddilla vaapas banbitri nanu nan frds,0
elru thika muchkond iri nim build up galu nodok agtilla producer gee enro kashta kashta irodhu badavarigee corona bandhu esht family sayta idave uta ildale esht himse agta idee avrige jeevna nadsoke maklige nettagee ondh otthu uta kodok agdale avrige help madi,4
ban tik tok,5
bro tiktok ban agide adhre barute ide swalpa settings ge hogi language change madi barute,4
pakka hit agutthe guru movie,0
ಇದು ಚರಿತ್ರೆ ಸ್ರಷ್ಟಿಸೊ ಅವತಾರಾ,0
super dancenand alsonjai vijaya prakesh,0
super bro bikat china,5
very nice togari tippa story,0
guru deshpande sir you are just amazing,5
ಅಣ್ಣಾ ಈ ವಿಡಿಯೋ ಮಾಡಿದಕ್ಕೆ ನಿನ್ಗೊಂದು ದೊಡ್ಡ ನಮಸ್ಕಾರ ಚೆನ್ನಾಗಿ ಹೇಳಿದೆ,0
stupid fans hudgiru comment madodunne nodok bartiya bevarsi madak kyaame ilvenoo lofer,2
nayak ಪೈಲ್ವಾನ್ ರನ್ನಿಂಗ್ ಸಕ್ಸಸ್ ಫುಲ್ ಇನ್ mars,0
avaru badlagabeku ivara badlagabeku annodu tappu modlu nav badlagbeku ekandre vote hakori nave matte avara gedda mele avaranna baioru nave nija ansidre like madi,0
ನಿಮಗೆ ಒಳ್ಳೆಯದು ಆಗಲಿ,0
nanu tiktak ballisilla avivekialu youtub nu kuda almadutidira nimmantorinda aellu agutte,3
loll pm llollpllllplllllllllpllpllplllllllllllllllllllllolllllnolplnlol lmk ppllllllloll,5
anyone after trending,5
bro avarage ennu ugi sattiro yodrali avara gadano magano edidre e mathu helatiralila yaaro gand yaarado makkalu e naayigalage yena alvaa tu prati yodanu namma ge anna tamma avara namma vastu tilakori naayigalaa,3
ಅಂಥಹ ಮಹಾನ್ ಕಲಾವಿದರ ಮಗನಾಗಿ ಹುಟ್ಟಿದಿರಿ ನೀವು ಅದೃಷ್ಟ ವಂತ್ರೆ ನಿಮ್ಗೆ ಕಂಡಿತವಾಗ್ಲು ಒಳ್ಳೆದ ಆಗುತ್ತೆ ಆ ಶಿವ ಶಕ್ತಿ ನಿಮ್ಗೆ ಒಳ್ಳೆದು ಮಾಡ್ತಾರೆ ಧನ್ಯವಾದಗಳು ಓಂಶಕ್ತಿ,0
yudha mada beku katukara munde oda baradu bhagavatgethe who likes this line,0
enn guru bgm chindhi maadbitte,0
monster_kannada ಓಹ್ ನೀನು ನಿಮ್ಮ ಮನೇಲಿ ಇವೆಲ್ಲ ಹೇಳ್ತೀಯಾ ನಿನ್ನ ಅಮ್ಮನನ್ನ ಅಮ್ಮ ಅಂತ ಕರೆಯೊಲ್ಲ ಅನ್ಸುತ್ತೆ ಅಮ್ಮನ್ ಅಂತೀಯ ಅನ್ಸುತ್ತೆ ಓಹ್ ನಿನ್ ಮನೇಲೂ ನೀನು ತುಣ್ಣೆ ತುಲ್ಲು ಅಂತ ಮಾತಾಡೋದಾ ಗ್ರೇಟ್ ಫಾಮಿಲಿ ಕಣೋ ನಿಂದು,2
u great pa love u,0
parthasarathi ಅಲಾ ಹಾದರಗಿತ್ತಿ ನಿಮ್ಮದು ದೊಡ್ಡ ತುಲ್ಲು ಬಿಡೆ,2
ಕಳಪೆ ವಸ್ತುಗಳ್ನು ಉತ್ಪದಾನೆ ಮಾಡಿ ಬೇರೆಯವರ ಹೊಟ್ಟೆಮೇಲೆ ಒಡಿಯೋದು ತಪ್ಪಲ್ವ,1
nice janapada shyale,0
setty illi gojjekesari yash du nayinu musalla,2
super songs,5
awalegia gandane yake hadabeku bere yaradru hadabhdal,1
ಫಿದಾ ಆಗೆವಿ ಅಕ್ಕಾ gorgeous movie,0
olle concept guru kannadadalli intha cinema barabeku,3
bari prayojanake barada films nododu facebook youtube li comments hodiyodu yaavalo hudugi siktale anta instagram li search madodo ede indians hanebaraha etara madidre dhesha development aagoke saadyana,3
doddamani muthu i am also ilakal,5
all hands up nand one like,0
real life great sir,0
jai d boss,5
superb trailer,5
ಕಳಪೆ ವಸ್ತುಗಳ್ನು ಉತ್ಪದಾನೆ ಮಾಡಿ ಬೇರೆಯವರ ಹೊಟ್ಟೆಮೇಲೆ ಒಡಿಯೋದು ತಪ್ಪಲ್ವ,1
ಏನ್ ಹೇಳೋಣ nsimply ಸೂಪರ್ nದಿಯಾ ಮಾತ್ರ ಅಲ್ಲ ಇಂಥಹ ಹಲವು ಸಿನಿಮಾಗಳು ಗೆಲ್ಲುತ್ತಾ ಇಲ್ಲ ನನ್ನ ಪ್ರಕಾರ ಥಿಯೇಟರ್ ನ ಟಿಕೆಟ್ ಬೆಲೆ ಕಡಿಮೆ ಅಗಬೇಕು,1
wow super sang,5
kannadigaralli oggattu illa fanism jasthi aytu,4
ಏಳ ನಿನ್ ಅಕ್ಕುನ್ ತಿಕಾ ನ ಕೈಯಾ,4
yes it s true,5
super song rakshit sir asn,0
nambike eruvavaru nodi,4
ಇದು ಚರಿತ್ರೆ ಸೃಷ್ಟಿಸೋ ಅವತಾರ,0
super song,5
after marakkar trailer,5
asn kgf,1
hands up addictive matte matte hadanna kelbeku ansatte,0
e movie li evre nan fav,0
ಪ್ರಚಾರದ ಕೊರತೆಯಿಂದ ಈ ಸಿನಿಮಾ ಸೊತಿದೆ,1
actually idu idu chanagirodu,0
best wishes asn,5
i like your video s,5
film super tumba kaaduva cinema,1
est movie li ede tara ede same scenes,1
ಇಡೀ ಸಿನಿಮಾ ಎಲ್ಲಿಯೂ ಕೂಡ ಬೇಸರ ಪಡಿಸದೆ ಉತ್ತಮವಾಗಿ ಪ್ರೇಕ್ಷಕರ ಮನಸ್ಸನ್ನ ಸೆಳೆಯುವಂತೆ ಮೂಡಿ ಬಂದಿದೆ ಗುಡ್ ಲಕ್ ಬ್ರದರ್,0
big boss kannada dalli ententa kachda jana haktare inta olle janrana haki,4
superb song superb making love you rakshith sir,0
nani kannd full movie,5
ಮರಿಯೋಕ್ ಸಾದ್ಯ ಆಗ್ದೆ ಇರೊ ಸಿನೆಮಾ,0
song super my laughg tamil sema,5
thriller movie andre ee tara irbeku,0
le bindu naayi phone all radi togonda aaytha avarge adara laba sikatu aadare tik tok end dinaa avarage laba baratte enna mele yaava vastu togo beda china vastu ninu togo beda naana antu tiragi nodalla ni ale tuu,2
youtube subscriber at list 5lack kooda ella yelli reach agutte t series nalli bittidre 10m agirodu avraddu tappu,1
super anna tumba chanag ugididera,0
ತುಂಬಾ ಚೆನ್ನಾಗಿ ಮೂಡಿಬಂದಿದೆ ಶುಭವಾಗಲಿ ಪ್ರಜ್ವಲ್ ಭಾಯ್ ಡಿ ಬಾಸ್ ಭಕ್ತ,0
shree lo gaandu nan magne nam boss fans yavattu support madtare kano gubaald sule magane,2
enayya neel acting yapppa,5
shapaa kottavane krishna avre ivaga badhukilla anthavreee,1
parthasarathi ನಂದಿನಿ ನಂದಿನಿ ನಿನ್ ಶಾಟ ವಾಸ್ನಿ,2
kannadigaralli oggattu illa fanism jasthi aytu,4
yes bro correct,5
ha ha ha ha,5
nice bro nina vicoe super,0
en ಕಮೆಂಟ್ ಗುರು ಎಲ್ ಇರ್ತೀರೋ ನೀವೆಲ್ಲಾ ಸೂಪರ್,0
ಹೊಸ ಇತಿಹಾಸ ಸೃಷ್ಟಿಸಿದ ಸಿನಿಮಾಗಳ ಸಾಲಿಗೆ ಸೇರಲಿ ಜೈ d boss,0
movie nija chanagila guru,3
yayayayayayay hitt songgg,5
idu kannadada chitra,0
chindi chithrannaaa guru,0
super movie super songs,0
super film sir account number kodi amount hakabeku nijavgalu,0
sharu yako sule magne sumne eroke agalva,2
e nayi nann makkalage thiliyode illa,1
i love to learn kannada languageni love to speak in kannadanbecause i m from karnatakankunda nagree karnataka,0
rakshit boss super dance u r looking like karate king shaankar nag nd vishnuvardan boss m vishnu sir fan,0
nemma anna antha barthane nodu avana hodibeku guru first gubal nan maga,0
jai rakshit shetty,5
parthasarathi ನಿಮ್ಮ ಅಪ್ಪ ದೊಡ್ ಗಾಂಡು ಸೂಳೆಮಗ,2
ಸರಿಯಾಗಿ ಹೇಳ್ದೆ ಗುರು ಊಗಿ ಚೀನಾಗೆ ಹುಟ್ದ್ ಗ್ ಆಡೋ ನಾಯ್ಗಳಿಗೆ,3
sandalwood ge obba trend setter sikkidaane n n n n n nyaaravnu n n n n n n navane srimannarayana,0
shetru always different,5
ಬಿಟ್ಟ ಹೋಗಿರೋ ರಶ್ಮಿಕಾ ಗೆ ಹೇಗ್ ಆಗ್ಬೇಕು ಗೊತ್ತಾ ಯಾಕಾದ್ರೂ ಬಿಟ್ಟ ಹೋದೆ ರಕ್ಷಿತ ಅವರನ್ನ ಅಂತ ಫೀಲ್ ಆಗ್ಬೇಕು ಆ ತರಾ success ನಿಮ್ಮದಾಗಲಿ ಶ್ರೀನಮ್ ನಾರಾಯಣ ಸಿನಿಮಾ,2
ಕೆಲಸ ಬೇಕಾncall to 8546903696,0
full movie kab bajo gay,5
rakshit abhimaanigale yaaru yaaru aa signature stepna try maadidiro illi like maadi,0
basavaraja basavaraja basu,0
ಚಂದನ್ ಶೆಟ್ಟಿ ಟ್ರೊಲ್ ವಿಡಿಯೋ ನೀವು ನೋಡಿ ನೆಗಡ್ಡೆ ಇದ್ರೆ ನಾವ್ ಗ್ಯಾರಂಟಿ,0
pls trailer relonch madi bere chanel alli subscriber kadime ide e chanel alli,0
music superrr addicted,5
super steps hands up,5
ಸೂಪರ್ ಹಾಡು ಎಲ್ಲ ಕನ್ನಡದ ಅಭಿಮಾನಿಗಳಿಂದ ಸಿನಿಮಾ ತಂಡಕ್ಕೆ ಆಲ್ ದಿ ಬೆಸ್ಟ್,0
awesome estu sari kellidru innod sari kellonna anstide addictive music nstory looks like rango,2
26k dislikes nthese are rashmika fans,3
super bro,5
doctor avrige avana bahse hege gottu,0
sir nim movie nodi nimge thumba ista aytu adre ondu bejaru agtide nnim movie song innu 2 songs release madiri please,3
ನಿಮ್ಮ ಕನ್ನಡ ಬಳಕೆ ತುಂಬಾ ಸೊಗಸಾಗಿದೆ ಈ ಸಿನಿಮಾ ಕುರಿತು ನೀವು ಹೇಳಿದ ಮಾತುಗಳೆಲ್ಲವು ಅಕ್ಷರಶಃ ನಿಜ ನಿರ್ದೇಶಕರ ಸೃಜನಶೀಲತೆ ಹಾಗೂ ಕಲಾತ್ಮಕತೆ ಎರಡೂ ತರ್ಕಕ್ಕೆ ನಿಲುಕದ್ದು,0
namma manigu banndidda ashwathama,1
ಯಾಕೆ dislike ಮಾಡ್ತಾರೆ ಮರೆ addicted,0
ట రయ లర చ ల బ గ ద,5
hindi m kb aayega hindi m v ache se promotion kijiye plz,5
box crct bro ಪೈಲ್ಸ್ ಮ್ಯಾನ್ ರನ್ನಿಂಗ್ ಸಕ್ಸಸ್ಫುಲ್ಲಿ ಇನ್ ಅನಸ್ ಮುಕುಳಿ,1
most super song,5
gowda lee sulemagane fans kade ಇಂದ ಸಪೋರ್ಟ್ ಅಂದರೆ,3
charitre shrustiso avatara nrakshith ge idu hosa avatara,0
sleeping beauty syndrome bari yuvakarige mathu yuvathige maatra baruthe ee vaisinnavirige alla ondhu point movie mistake,0
love you bro,5
ಅಲ್ಲಾ ಅವನು ಅ ಚುತ್ಯಾ,0
mankar hu bro,0
ಬದುಕಿಗೆ ನೂರು ದಾರಿ ಆ ಕಾಲದ ತೊಗರತಿಪ್ಪನಿ ಬುದ್ಧಿಮತ್ತೆಗೆ ನೂರು ಸಲಾಂ ಹಿರೇಮಠ ಹೋತಪೇಟ,0
ದಯವಿಟ್ಟು ಕನ್ನಡ ಅಭಿಮಾನಿಗಳು ಒಂದಾಗಿ ಕೆಲ್ಸ ಮಾಡೋ ಸಮಯ,0
two dislikes i think it may be rashmika and devarakonda,2
promotion ond bittu mikid ellanu chanag madtidira,3
jai d bosss,5
ನಿಜಕ್ಕೂ ಇದು ಚರಿತ್ರೆ ಸೃಷ್ಟಿಸೊ ಅವತಾರ,0
ಕೇಳಲು ಇಷ್ಟ ಆದರೆ ಇದು ನಿಜ ಅಲ್ಲ ಅನಿಸುತ್ತೆ ನನ್ನ ಪ್ರಕಾರ,1
super human you are sir,5
nam indiadallu tic tok thara app kandidobodu thane,0
promotion heg madodo anta kaliri,3
3 1k ಉರ್ಕೊಂಡು ಸಾಯ್ರಿ,4
karkala,5
rakshit shetty superb,0
ಬ್ರೋ ಅವರು ಗೆ ದೇಶದ ಬಗ್ಗೆ ಅಭಿಮಾನ ಇಲ್ಲಾ ಬಿಡಿ,4
nivu heliddu ondu ondu maathu sathyanee,0
ಕೆಲವರು ಟಿಕ್ ಟಾಕ್ ಅಲ್ಲಿ ಫಿಲಂ ಡೈಲಾಗ್ಸ್ ಮಿಕ್ಸ್ ಮಾಡಿ ಸ್ವಾಮಿ ವಿವೇಕಾನಂದ ಎಪಿಜೆ ಅಬ್ದುಲ್ ಕಲಾಂ ಜಿ ಥರ ಆಡ್ತಾರೆ ಅವರನ್ನ ಹೀಗೆ ಬಿಟ್ಟಿದ್ದರೆ ಕಲಿಯುಗದ ಸರ್ವಜ್ಞ ಹಾಗಿ ಬಿಡುತ್ತಿದ್ದರು ಥ್ಯಾಂಕ್ಯೂ ಮೋದಿಜಿ ಟಿಕ್ ಟಾಕ್ ಬ್ಯಾನ್ ಮಾಡಿದ್ದಕ್ಕೆ,1
video super bossu,0
ಟ್ರೈಲರ್ ತುಂಬ ಚೆನ್ನಾಗಿದೆ ನಿಮ್ಮ ಚಿತ್ರ ಒಳ್ಳೆ ಯಶಸ್ವಿ ಆಗ್ಲಿ,0
tik tok banned jolly jolly jai hind jai karnataka,5
bipin chettejana rama rama tusu daksha vrutha jaripa,5
ಜೀವನದಲ್ಲಿ ಶ್ರದ್ಧೆ ಮುಖ್ಯ ಶ್ರದ್ಧೆ ನಮ್ಮನ್ನು ಯಶಸ್ಸಿನ ಬೆನ್ನ ಹತ್ತುತ್ತಿಸುತ್ತದೆ,0
howdu first time keldaga nangu ok anstu bt ega kelbeku anstide and sakkath dance moves,0
ಗೋಲ್ಡನ್ ಸ್ಟಾರ್ ಗಣೇಶ್ ಅಭಿಮಾನಿಗಳಿಂದ all the best,0
100 times e song keldhe super,0
en song guruve i love this song k g f bitre ede super movie guru super,0
slow poison song annoru like madi,0
d boss naanu adanne hudukta idini,0
ಚಂದನ್ ಶೆಟ್ಟಿ ಟ್ರೊಲ್ ವಿಡಿಯೋ ನೀವು ನೋಡಿ ನೆಗಡ್ಡೆ ಇದ್ರೆ ನಾವ್ ಗ್ಯಾರಂಟಿ,0
godiyaga isfet adatida,0
brasthachara ellada deshane ella bharatha deshadalli navella ondhe annodu bhavane modhalu barbeku ondhu jathiyavaru ennondhu jathiyavaru dhosisodhu adhu kadime aagbeku rajakiyadavaru navella ondhe yella pakshadavaru ondagi desha katto kelasa aagbeku aaga navu hantha hantha vagee mele barbahudhu,0
super song i like it,5
idu riyel rar,0
lol darahan fans talking about quality,3
ದುಡಿಯೊದಕ್ಕೆ ಮೈಯತುಂಬಾ ಶಕ್ತಿ ತುಂಬೈತೆ ಅಡ್ಡ ದಾರಿ ಹಿಡಿಯೊದ್ ತಪ್ಪು ಅಂತ ಗೊತೈತಿ ನಿಮ್ಮ ಸ್ವಾಭಿಮಾನ ನಿಮ್ಮ ಅಸ್ತ್ರ ಸರ್ ನಿಮಗೆ ದೇವರು ಒಳ್ಳೆಯದು ಮಾಡಲಿ nಇಂತಿ,0
ಈ ಸಿನಿಮಾಗೆ ಎಲ್ಲರೂ ಪ್ರೋತ್ಸಾಹಿಸಿ ಇಂತಹ ಅತ್ಯುತ್ತಮ ಚಿತ್ರವನ್ನ ಬೆಳೆಸಿ,0
ೈ ಭಜರಂಗಿ ವಿಶ್ವ avaru dronara maga,0
ಕಕ್ಕ ಮಾಡ್ಕೊಳ್ಳೋಕೆ ಬಂದ್ ಬಿಟ್ಟಿದ್ದಿಯ ಇಷ್ಟೆಲ್ಲ ಹೇಳಿಕೂಡ chinaದು use ಮಾಡಲ್ಲ ನಾನ್ ಹೇಳಿರೋದು apps ಬಗ್ಗೆ ಕಣೋ products ಬಗ್ಗೆ ಅಲ್ಲ ಮಾಡಿರೋ ಕಕ್ಕನ ತೊಳ್ಕೊಂಡು ಮನೆಗೆ ಹೋಗು,1
ಬಾರಿ ಸಿಂಪಲ್ ಹಾಡು ಹಾಗೆ ಕೇಳ್ತಾನೆ ಇರಬೇಕು ಅನ್ನೋರು ಲೈಕ ಮಾಡಿ,0
ನಮ್ಮ ದೇಶದ ರಾಜಕಾರಣಿಗಳು ಚಿಲ್ಲರೆಗಳು ನಿಜಕ್ಕು ಸತ್ಯ,3
parthasarathi nim amman thulavru,2
ಹೌದು ಕನ್ನಡತಿ ಭುವನ ಅವ್ರೆ ಜೈ ಕರ್ನಾಟಕ ಮಾತೆ ಜೈ ಭುವನೇಶ್ವರಿ ತಾಯಿ ಜೈ ಕನ್ನಡಿಗ ಜೈ ಕನ್ನಡತಿ ಕಣ ಕಣದಲ್ಲೂ ಕನ್ನಡ ಕನ್ನಡವೇ ಸತ್ಯ ಕನ್ನಡವೇ ನಿತ್ಯ ಸಿರಿಗನ್ನಡಂ ಗೆಲ್ಗೆ ಸಿರಿಗನ್ನಡಂ ಬಾಳ್ಗೆ ಕನ್ನಡದ ಭಕ್ತ ಶಿವರಾಮ್ ಗೌಡ ಮಂಡ್ಯ 6363014117 8296261615,0
ಸೂಪರ್ ಆಗಿ ಇದೆn ಕೆಜಿಎಫ್ ಮತ್ತು ಅವನೇ ಶ್ರೀಮಾನ್ನಾರಯಣ ಇಂತಹ ಅನೇಕ ಕನ್ನಡ ಸಿನಿಮಾಗಳು ನಮ್ಮ ಕನ್ನಡಕ್ಕೆ ಬೇಕು ನಮ್ಮ ಕನ್ನಡ ಸಿನಿಮಾಗಳು ರಾಷ್ಟ್ರ ಮತ್ತು ದೇಶ ಮಟ್ಟದಲ್ಲಿ ಬೆಳೆಯಬೇಕು,0
suprb move rj nagarj come back m fvrtttt rj nagraj kushi aitu isttu oley move ali act madidakke,0
shyata yash,3
paaapa konegu tik tok hoythu nayigal boglod kadme aythu,4
hands up antha rashmika goskara bardang ide,0
upload in hindi plz,5
make it 100,5
manjunath hm bobby,5
kanni rrerworror,5
ennu madu guru eee sule magllu du troll na,3
ಚಿತ್ರದಲ್ಲಿ ಏನೋ ಇದೆ,0
sachin p,5
full comedy super,5
idu charitre srustiso avathara,0
super songs,5
song is super but innu swalp fast madiddare sakattagirodu,0
estella matadonu elli matadodkintta border ge hogi matado maraya,2
tik tok bevarsigalanna chaina gadiyalli chaddiyalli bomb ettu chaina kade odisa beku avaga sari agutte,3
2nd vol share pls,5
ದೇಶಧ್ರೋಹಿಗಳು ಡಿಸ್ ಲೈಕ್ ಮಾಡಿದರೆ ನೀವು ನಿಜವಾದ ದೇಶ ದ್ರೋಹಿಗಳು ನಾಚಿಕೆ ಆಗಬೇಕು ನಿಮ್ಮ ಜನ್ಮಕ್ಕೆ ಇಂತಹ ಅದ್ಭುತವಾದ ವಿಡಿಯೋ ಗಳಿಗೂ ಡಿಸ್ ಲೈಕ್ ಮಾಡಿದ್ರಲ್ಲ ನಿಮಗೆ ನಾಚಿಕೆ ಆಗಲ್ವಾ,3
ivru helirodu antalla namma dharma shashtra helide ashwathhama chranjivi endu adre avru doctor manège hogidru adu doubt,1
ನಿಜಾ ಬ್ರೋ ಜೈ ಹಿಂದ್,0
en guru ning isht like,0
parthasarathi le nayi ninu slumu navalla nana one day madu kharchu ninu ondu varakke madtiya hagnta nange yava chatnu illa,2
spuerrrrrrrrr songs,0
ದಿಯಾ ಸಿನಿಮಾ ನಾಯಕಿಗೆ ಅತ್ಯುತ್ತಮ ನಟಿ ಅವಾರ್ಡ್ ಕೊಡಲಿಲ್ಲ ಅಂದ್ರೆ ಆಯ್ಕೆ ಸಮಿತಿಗೆ ಮೆಟ್ಟ್ ಮೆಟ್ಟಲ್ಲೇ ಹೊಡಿತೀವಿ,4
b ajaneesh lokanath bgm stun bro,0
sir nimmannu prathyakshavagi nodalu aaseyagutide sir nimma hattira ondu dina full kaala kaleyalu aase idhe aadre yenu maadudhu sir nimmannu bittu barudhu yochane maaduvaaga manassige bahala bahala kashsta aagutte sir devaru nimma aasegalanella eederisaly,0
kayakave kailasa sir,1
parthasarathi ಹುಚ್ಚು ಮುಂಡೆ,2
nange ondu doubt mahabharatha nijavagi nadedidya or ಕಥೇನ,0
very good dr,0
shetru birthday party dina haadiro haadu aawaginindaa wait maadtide,0
nimge edu funny ansutha,2
nkn sakkat guru,0
super sogs guru,0
ಶೆಟ್ಟಿಗಳು ಎಲ್ಲಾ ಈತರ ಕಥೆ ತೆಗಿಯೋದು ಮುಖ್ಯವಲ್ಲ ಕಮರ್ಷಿಯಲ್ ಸಿನಿಮಾ ಮಾಡಿ ತೋರಿಸಿ,3
ಬಿಂದು ಗೆ ಹೂಡಿ ಮೇಟ್ನಗೆ ಟಿಕ್ಟಾಕ್ ಗೆ ಹುಟ್ಟಿದ್ದುಅನ್ನೂಗೆ ಹೇಳ್ತ್ತಳೆ ಸೂಪರ್ ಗೆ ವಿಡಿಯೋ ಮಾಡಿದ್ದಿಯಾ ಗುರು i love india,2
ತುಂಬಾ ಒಳ್ಳೆಯ ಹಾಡು,0
ನಮ್ಮ ದೇಶದಲ್ಲಿ ಎಣ್ಣೆ ಗೆ ಇಂಪಾರ್ಟೆಂಟ್ ಕೊಡ್ತಾರೆ,4
stupid fans war ge antha bandre nimmakkan minda naanu samskrutha innu start madilla ninge beku andre helu start madona,2
bevarsigalige artha aagirbeku bro chenag ugdhideera,1
very good song,0
super super super,5
ಸೂಪರ್ ಬ್ರದರ್ ಚನಾಗಿ ಹೇಳಿದಿರ ನಂಗಂತೂ ತುಂಬಾ ಇಷ್ಟ ಆಯಿತು,0
jaa dhinchak pooja ki songs dekh bollywoodiya,4
kunte okay,5
rumble onde ond sari kelde nfirst time ashtond ishta aglillanmatte matte kelta idre nishta agta ide slowpoison,4
super song 100,5
100 day s fix,5
ninyavaga hindi li nodidiyappa swalpa link share madu,0
jaathigalu ee deshada belavanigege athi dodda thodakaagide,0
ತೊಗರಿ ತಿಪ್ಪಾ ಹಾಸ್ಯ ಚಟಾಕಿ ಮಸ್ತ ಐತಿ ರಿ,0
ಚೆನ್ನಾಗಿದೆ ಅನ್ನೋರು ಲೈಕ್ ಮಾಡಿ,0
need it in hindiiiiiiii,5
monster_kannada ಲೋ ಬೀದಿ ಸೂಳೆ ಮಗನೆ ನಿಂಗೆ ಅಷ್ಟು ತಾಕತ್ ಇದ್ರೆ ನೀನು ಒಬ್ನೆ ಅಪ್ಪನಿಗೆ ಹುಟ್ಟಿದ್ರೆ ನೀನ್ ಹೇಳೋ ನಿನ್ ತುಣ್ಣೆ ನಿಂಗೆ ಗಟ್ಟಿಗೆ ನಿಂತಿದ್ರೆ ನನ್ ಅಡ್ರೆಸ್ ಕೊಡ್ತೀನಿ ಬಾರೋ ಪಾರ್ಥಸಾರಥಿ,2
ಗುರುಗುಳ ನಾನು ಚಿಕ್ಕವನು ಇದ್ದಾಗ ಟೇಪ ರಿಕಾರ್ಡರ್ ನ್ಯಾಗ ಕೇಳಿದ್ದೇ ಮತ್ತೆ ಇವಾಗ ಕೇಳಿ ಬಾಹಳ ಖುಷಿಯಾತು ರೀ,0
ಚಂದನ್ ಶೆಟ್ಟಿ ಟ್ರೊಲ್ ವಿಡಿಯೋ ನೀವು ನೋಡಿ ನೆಗಡ್ಡೆ ಇದ್ರೆ ನಾವ್ ಗ್ಯಾರಂಟಿ,0
ಸರ್ ಈ ತರಹ ಸ್ಪೀಚ್ ಬೇಕು ಪ್ರತಿ ನಿತ್ಯ ಇಂತಹ ವೀಡಿಯೋಸ್ ಬೇಕು ಸರ್ ತುಂಬಾ ಧನ್ಯವಾದಗಳು,0
yes agreed first time keldaga ansituu but 4 5 keldaga agoitu,4
we kannadigas have killed a good movie,5
ಸಿನಿಮಾ ಬಿಡುಗಡೆಗು ಮುನ್ನ ಹಾಡು ಬಿಡುಗಡೆ ಮಾಡೋಕೆ ಕನ್ನಡ ಇಂಡಸ್ಟ್ರಿ ಇಂದ ಮಾತ್ರ ಸಾಧ್ಯ ಅವನೇ ಶ್ರೀ ಮನ್ನಾ ನಾರಾಯಣ,0
gangadhar adi nuchnnamallaya,1
ಸೂಪರ್ ಸಾಂಗ್ ಡಿ ಬಾಸ್ ಫ್ಯಾನ್ಸ್ ಸಪೋರ್ಟ್ ಮಾಡುತ್ತೇವೆ ಕನ್ನಡ ಸಿನಿಮಾ ರಂಗ ಬೆಳೆಯಲಿ,0
edu charitre srustisuva avatraaa,0
super nakka nakka saakayatu,0
1 8k dislike kottiro sulemaklu yaarappa nim padha ondh sala mutbeku,3
ನಾವೇ thukali stars ಅಂತ ಟಿಕ್ tak maritha idru ಕೆಲ sade ಗಳು ivaga ಮನೇಲಿ ಮುಸುರೆ ತಿಕ್ಕಿ baddetava,3
monster_kannada nin yavano helake sule magane,2
ಇಂತಹ ಒಳ್ಳೆಯ ಕನ್ನಡ ಸಿನಿಮಾಗಳನ್ನ ಬೆಳೆಸೋಣ,0
ಯಾರೋ ಚೀನಾ ತು ಹುಟ್ಟಿರೋ ಮಕ್ಳು ೬ ದೀಸ್ ಲೈಕ್ ಮಾಡಿದಾರೆ,3
yudd madbeku odabardu katakar munde bagavtgithe annuv salannu hiro annbek ettu super song,0
music super,5
pakka nim movie gellisutteve jai kiccha boss,0
super hero kannada in raksit,0
super movie,5
idu nijvaaglu cinema na illa sum sumne naa,3
bro ur voice nyc bro,5
ಸೂಪರ್ ಡೂಪರ್ ಹಿಟ್ ಮೈ favarate ಸಾಂಗ್,0
flop disaster film is on the way nಇದ್ ಎನ್ ಸಾಂಗ್ ಕುಲವ ಗುರು ಡಬ್ಬ ಸಾಂಗ್,4
ಅಭಿಮಾನಿ ಅನ್ನೋದು ದೊಡ್ಡ ಮಾತು,0
gubaal tennis ge ball,5
yen song guru super,0
hegde elli dull ide,0
radha gn mem,5
a hu niamman kalskodu keydu kolve baavi madi kalsthini olike eldu snana madkollivanthe thuldeepannan pans for a reason caste dogs,2
filam is paka blackbaster,5
super anna neev helid matu 100 nija onedu matalu oned artayide,0
nimage holleyadaagali sir,0
namma manege bandidru avarige nanu nan dress kottu aliside,0
asn chitrakke olle dagli song atu adbuta reethili moodi bandide,0
sari korona bandare adana guna padisikolalu amount hestu karchu aguthe adu yavayavadake antha solpa maithi kodthira please,0
super energetic song,0
damm godd an song guru ajnish u made a magic broooo,5
ಬೆಂಕಿಗೇ ಇನೊಂದು ಅರ್ಥ rakshit ಶೆಟ್ಟಿ simple star alla fire star,0
ರಕ್ಷಿತ್ ಶೆಟ್ಟಿಯವರು ವಷ೯ಕೊಂದು nಮೂವಿ ಮಾಡಿ ಅನ್ನೋರು ಲೈಕ್nಮಾಡಿ,0
china da environment hegide yargu gotila,0
ಸುಪರ್ ತೊಗರಿ ತಿಪ್ಪ,0
s yes,5
ಲೋ ಫಸ್ಟ್ ನೀನು ಒಳ್ಳೆ ಮಾತನಾಡೋ,2
ಈ ದೇಶದ ದುರಂತ,4
yavdadru habba raja dina dalli release madbekitttu odtittu,0
loo nim makha muccha e video gu dislike yenro nim hendti munde haga avr character nodi kaliro life andre yenu antha thu nanmakla,4
ಚಂದನ್ ಶೆಟ್ಟಿ ಟ್ರೊಲ್ ವಿಡಿಯೋ ನೀವು ನೋಡಿ ನೆಗಡ್ಡೆ ಇದ್ರೆ ನಾವ್ ಗ್ಯಾರಂಟಿ,0
ಬೇಡಾ ಈ ಕಚಡ ಶೋ ಗೇ ಬರೋದು ಬೇಡಾ ಸರ್,1
shetty ಲೊ ಯಾರೋ ನಂದಿನಿ ಒನ್ ಲೀಟರ್ ಹಾಲು ಕೊಡ್ತಾಳ,2
ರಕ್ಷಿತ್ ಶೆಟ್ಟಿ,0
ಸು0ದರವಾದ ಬದುಕು ನಿಮ್ಮಿoದ ಕಲಿಬೇಕು,0
ಈ ದರಿದ್ರ ಬಡ್ಡ್ಯತವ tiktok ನೋಡಿಯೆ ನಮ್ಮ ಮೋದಿಯವರು ಬ್ಯಾನ್ ಮಾಡಿದ್ದು ಗುರು,4
obba batta na gi e rethi bare you du sare alla namma darmmake nave,3
swabhimaani neevu keep it up,0
love rakshith shetty,5
rakshit shetty style awesome,5
ಹಂದಿಗಳ್ಯಾಕೆ youtube use ಮಾಡ್ತಿವೆ ndislike ಕೂಡ ಮಾಡ್ತಿವೆ nnಇಂಥ ಸಾಂಗ್ dislike ಮಾಡೋರಿಗೆ ಎನ್ ಅನ್ಬೇಕು,0
maddy kannada kke nimma importance idre kushi ne,0
edu public mistake alla bidi evara mistake edu one week ga 11 films release adre jana yavdanta nododu its totally mistake of film makers planning,3
sariyagi promotion maadade cinema haal maadtarapan hindi song elranna,3
super drama,5
good news sir,5
avanige gaya vasi agbeku andre avnu krishna na bhakti madi vasi madbeku eela kaliyuga nasa agbeku,4
powerful music irbekittu annoru like madi,1
monster_kannada shetty davi lowdan lovezz candy ಅಂತಾ blind followersಗೆ ಈ ರೀತಿ ಅರ್ಥ ಮಾಡಿಸಬೇಕಾ ನೆನ್ನೆ ಮೊನ್ನೆ ಲಬೊ ಲಬೋ ಅಂತ ಬಾಯಿ ಬಡ್ಕೋತಿದ್ದ ಇವತ್ತು ಅದೆಲ್ಲಿ ಹೋದನೊ mobile no ಹಾಕೋಕು ಹೆದರಿಕೆ ಬೋಳಿಮಗನಿಗೆ ಸುಮ್ನೆ ಬಾಯಿ ಹರಿದುಕೊಂಡು ಅಮ್ಮನ್ ಅಕ್ಕನ್ ಅನ್ನೋದಲ್ಲ ನೀವೂ ಗಂಡಸರೆ ಆಗಿದ್ರೆ ನಿಮ್ ನಂಬರ್ ಹಾಕ್ರೋ ಬೇವರ್ಸಿ ಬೋಳಿಕೆಗಳ ಥೂ ನಿಮ್ ಜನ್ಮಕಿಷ್ಟು ಬೆಂಕಿ ಹಾಕ,3
dabba movie soo sad,4
togir tippa sotre super,0
sᴛᴜᴅɪᴏ ᴍᴏᴠɪᴇs boli magane nin appan third a,2
ಈ ಸಿನಿಮಾ ರಿಲೀಸ್ ಆದ ಸಮಯ ಸರಿಯಿಲ್ಲ ಈ ತರ ಸಿನೆಮಾ ಸ್ಟೂಡೆಂಟ್ ಹಾಗೂ it ವಲಯದವರಿಗೆ ಹೆಚ್ಚಾಗಿ ಇಷ್ಟವಾಗುತ್ತಿತ್ತೇನೋ,3
super song bro,5
loo nim makha muccha e video gu dislike yenro nim hendti munde haga avr character nodi kaliro life andre yenu antha thu nanmakla,4
super bro,5
hindugale heege mathadudre bere caste avaru innu enen mathadalla,3
it s tamil movie dubnplz don t dub sir,5
namma deshanu china thara aitu andre badatanane erala sir,3
sir movie bagge eradu matilla adre ivatu multiplex jasti agi bittive rate kooda bhayankara ondu nominal price idre hogbahudu tumba janru kooda primenalli,1
aradhya where,5
liked it thanks god no drinking songs anymore in kannada,5
sir super keep it up,5
supeeeeeeeeeeeeeeeer nam ajjii held nenap,0
bro see irum u kottai murattu singam film,5
ultimate movi,5
ಭಹಾಳ್ ಚನ್ನಾಗಿ ಇದೆ,0
very soon in tv,5
monster_kannada nnimm todeya release gu modale damaar,3
nithinnav en madvappa,2
ಜಾಸ್ತಿ ಕಾಯುಬೇಡಿ ಈ ವಿಡಿಯೋ ನೋಡಿ ಹೆಸರಾಂತ ಹಿಂದಿ ಟಿವಿ ಚಾನೆಲ್ ಜಿ ನ್ಯೂಸ್ ನವರು ಸೆರೆ ಹಿಡಿದಂತಹ ನೈಜ ಘಟನೆ,0
shankar ashwath swabhimäni,0
ಗುರು ulti movie superb chindi,0
yes bro tiktok ban agbeku,0
enu baitira guruve,0
full roast madiddiya e somberigalige,3
ಚೇಳ್ ತಿನ್ನೋ ಚಪ್ಪರ್ ನನ್ಮಕ್ಳು,3
takathidre kariya thara movie madli,1
boring agidre all india trending agtirlilla,0
love you my boss rakshi setty,5
yava game name,0
ವಿಜಯ್ ಪ್ರಕಾಶ್ ಅವರಿಗೆ ಈ ಸಾಂಗ್ match ಆಗ್ತಿಲ್ಲ but music is good,0
anirud superb yar wat a thinking man,0
ತುಂಬಾ ಚೆನ್ನಾಗಿದೆ ಸರ್ ಯುದ್ಧ ಯಾರು ಮಾಡಿದರೆ ಏನು ಗೆಲುವು ನಮ್ಮದೇ ಆಗಿರಬೇಕು ಅವನೇ srimannarayana,0
18 pakka,0
ಹ್ಯಾಪಿ ನ್ಯೂ year ಇನ್ ಅಡ್ವಾನ್ಸ್ ಅಂಡ್ ಇಮ್ ವೈಟಿಂಗ್ ಅವನೇ ಶ್ರೀಮನ್ನಾರಾಯಣ ರಕ್ಷಿತ್ ಶೆಟ್ಟಿ ಸರ್,0
anjali devi super,5
ನಿನಕ್ಕೂ ತುಂಬಾ ಪ್ರಾಮಿಸಿಂಗ್ ಆಗಿದೆ ಟ್ರೈಲರ್ ಟ್ರೈಲರ್ ನೋಡ್ತಾ ಇದ್ರೆ ಸಿನೆಮಾ ನೋಡಬೇಕು ಅಂತ ಅನ್ಸುತ್ತೆ ಪ್ರಜ್ವಲ್ ಸಿನಿ ಲೈಫ್ ಗೆ ಟರ್ನಿಂಗ್ ಕೊಡೋ ತರ ಇದೆ ಒಳ್ಳೆಯದಾಗಲಿ ಜಂಟಲ್ ಮನ್ ಸಿನಿಮಾ ಟೀಮ್ ಗೆ ಹಾಗೂ ಪ್ರಜ್ವಲ್ ದೇವರಾಜ್ ಗೆ,0
ಹೌದು ಸ್ಪೂರ್ತಿಯ ಮಾತುಗಳು ನಿಜವಾದ ಕಲಾವಿದನಿಗೆ ಬೆಲೆ ಇಲ್ಲ ಶಂಕರ್ ಅಣ್ಣನಿಗೆ ಒಳ್ಳೆಯದಾಗಲಿ,0
ಈ ದೇಶದ ದುರಂತ,4
ನಾವು ವಿಶ್ವ ಗುರುಗಳು,1
rakshit shetty future superstar annoru like madi,0
hai guru you tube nalli hest hesto video nodidde adre nim thara yaru rost madilla supero super ede thara video madtha eri,0
ಲಾಕ್ ಡೌನ್ ಸಮಯದಲ್ಲಿ ಕಾರ್ಮಿಕರು ವಲಸಿಗರು ರೆಸ್ತೆ ಮೇಲೆ ನಡೆದುಕೊಂಡು ಹೋಗುತ್ತಿರುವ ವಿಡೀಯೋಗಳನ್ನ tiktak ನಲ್ಲಿ ಜನರಿಗೆ ತೋರಿಸಲಾಯಿತ್ತು ಈ tiktak ಇಲ್ಲ ಅಂದಿದ್ದರೆ ಈ ದಳ್ಳಾಳಿ ಮಿಡಿಯಾ ಬುಲೆಟ್ ಟ್ರೈನ್ ಅಲ್ಲಿ ಹೋಗುವ ಆಗೆ ಜನರಿಗೆ ತೋರಿಸುತ್ತಿದ್ದರು ಜನರಿಂದ ಜನರಿಗೆ ಮಾಹಿತಿ ತಿಳಿಯುತ್ತಿತ್ತು ಇದರಲ್ಲಿ ಸಾದಕ ಬಾದಕ ಇದೆ ಆದರೆ ಕೆಲ ಬಡ ಮಕ್ಕಳ ಟ್ಯಾಲೆಂಟ್ ಹೊರ ಜಗತ್ತಿಗೆ ತಲುಪುತ್ತಿತ್ತು ಏನು ಮಾಡೋದು ಈ ಕೆಲ ಜನ tiktak ban ಮಾಡಿದ್ದರೆ ದೇಶಭಕ್ತಿ ತರ ಫೋಸ್ ಕೊಡೋದು ನೋಡಿದರೆ ಅಸಹ್ಯ ಆಗುತ್ತದೆ ಒಳ್ಳೆಯದನ್ನು ತಗೋಳಿ ನಮ್ಮ ಹೆಮ್ಮೆಯ ಸೈನಿಕರಿಗೆ ಒಳ್ಳೆಯ ಆಹಾರ ಮತ್ತು ಸವಲತ್ತು ಒದಗಿಸಿ ಮತ್ತು ಚೈನಾ ಬಂಡವಾಳ ಹೂಡಿಕೆಗಳನ್ನ ನಿಲ್ಲಿಸಿ ಯಾವ ನಿಮ್ಮ ಯೋಗ್ಯತೆಗೆ ಸಣ್ಣ ಕೈಗಾರಿಕೆಗಳನ್ನ ಬುಡ ಸಮೇತ ಕಿತ್ತು ಅವರನ್ನ ರಸ್ತೆಗೆ ತಂದವರು ಯಾರು ದೇಶಭಕ್ತಿಯ ಹೆಸರಲ್ಲಿ ನಮ್ಮ ದೇಶದ ಜನಗಳ ಮೇಲೆ ದಬ್ಬಾಳಿಕೆ ಮಾಡುವ ಜನರನ್ನ ಮೊದಲು ಒದ್ದು ಹೊಡಿಸಬೇಕು ಜೈಭಾರತ್,0
shiva k k,5
rashmika haters like madi,3
1 46 bgm music super,0
guri bennatto netara hands upp,0
ಯಾರ್ಯಾಗ್ ಈ ಸಾಂಗ್ ಇಷ್ಟ ಆಯ್ತು ಲೈಕ್ ಮಾಡಿ,0
ultimate bro,5
waiting for the film ನೋಡಲು ಕಾತುರನಾಗಿದ್ದೇನೆ,0
modlu keldaga mamuli song ashtukke ashte annusthu,1
signature stepge kaasu adakkentha theatre hogthini,0
ನೀವು ಈ ತರ ಪ್ರಯೋಗಾತ್ಮಕ ಮೋವಿಗಳನ್ನೆ ಮಾಡಿ ನಿಮ್ಗೆ ಈ ತರನೆ ಸೆಟ್ ಆಗೋದು,4
bro ninge roost madakke baralla rc ge nodi kali,2
superbb movie osm evthu movie nodied super,0
ಚಂದನ್ ಶೆಟ್ಟಿ ಟ್ರೊಲ್ ವಿಡಿಯೋ ನೀವು ನೋಡಿ ನೆಗಡ್ಡೆ ಇದ್ರೆ ನಾವ್ ಗ್ಯಾರಂಟಿ,0
ಅತ್ಯದ್ಭುತ ಕನ್ನಡದ ಸಿನಿಮಾ ಕಲಾವಿದರು ಕೂಡ ತುಂಬಾ ಚೆನ್ನಾಗಿ ನಟಿಸಿದ್ದಾರೆ,0
ನಿಮ್ಮ ವ್ಯಕ್ತಿತ್ವ ದೇವರಂಥಹದು,0
idella yake kannada films dodda samrajjya ne katbeku dodda charitrene srusti madbeku anta helu,0
sir u r attitude dance killed performance,0
yes 100 true,5
hands up anno pada ide alva,0
stand up for hands up song,5
e song super and handsome step super annowru like madi,0
olledaytu bidi mem,0
super bro,0
guru ninu super,0
ಹೌದು ಸರ್ ಅಶ್ವತ್ಥಾಮ ಇನ್ನೂ ಬದುಕಿದ್ದಾನೆ,0
bro super aagi ode kottidiya manga nann makkalige,3
ಕನ್ನಡ ಚಿತ್ರರಂಗವು ಬೇರೆ ಚಿತ್ರರಂಗ ಕಿಂತ ಕಡಿಮೆ ಇಲ್ಲ ಎಂಬುವುದನ್ನು ಅವನೇ ಸಾಬೀತು ಪಡಿಸುತ್ತಾನೆ,0
togari tippa super,5
supper supper,5
nice video song,0
ಹಲೋ ಫಾರ್ ನನ್ ಮಗಂಗೆ ಮಾನ ಮರ್ಯಾದೆ ಇಲ್ಲ ಅಣ್ಣ ಇಲ್ಲೋ ಏನು ಆಗಿದೆಯಂತೆ ಯುನೋ ಭಾರತ ಚೈನಾ ಫಸ್ಟ್ ಕೇಳಿ ಅಣ್ಣ ನಮ್ ದೇಶಕ್ಕೆ ದ್ರೋಹ ಬಗ್ಗೆ ದ್ರೋಹಿಯನ್ನು ಅಣ್ಣ ಇನ್ನೂ ಸ್ವಲ್ಪ ಚೆನ್ನಾಗಿ ಉಗಿರಿ ಅವನಿಗೆ,2
vaal kachidu bhal nagu tarastri bhari ada ri kati,5
boss nivu rashmi kinta jasthi belibeku,0
nandini parthasarathi d bass ge jai,0
gaming ನಿಮ್ಮ ನಂಬಿಕೆಗಳು,0
hands up kannada super song but like me anyone s 2020 like me,5
super songnಜೈ ಕರ್ನಾಟಕ ಜೈ ಕನ್ನಡ,0
ಖಂಡಿತ ಮಾಡೋಣ bro,0
eh tiktok ela andre nimanatha troller kooda mundhe bartirlilia,2
tenniske baal,1
ಡಿ ಬಾಸ್ ಅಭಿಮಾನಿಗಳಿಂದ all the ಬೇಸ್ಟ್,0
bal chand aytri estu sala kelidru mat mat kelbeku,0
sam,5
i love you dia,5
super music avane srimannarayana movie super it movie anoru like me,0
amazing song in kannada,5
ಟೀವಿ ನೈನ್ ಕನ್ನಡದಲ್ಲಿ ಈ ವಿಚಾರ ತೋರಿಸಿದ್ದಾರೆ,0
nice dialogue,5
promotion ಚನ್ನಾಗಿ ಮಾಡಿ sir yeno sir karnataka outside film sound ಮಾಡ್ತಾ ಇಲ್ಲ ನಿಮಗಿಂತ ನಾಮಿಗೆ ಈ ಫಿಲ್ಮ ಹಿಟ್ ಆಗಲ್ಲಿ ಅನೋ ಆಸೆ ಇದೆ sir,0
tugari thjppa super,0
anjali devi super,5
sak sak thika muchrole aathara career change yenagalla laude nan makla hog kelsa nodi,3
ನನಗೆ ಯಾದೀಮೇ ಶಾದೀ ಹಾಡುಗಳು ಬೇಕಾಗೀವೇ,0
ಹೌದು ಹೌದು ನಿನ್ನೆ ನಮ್ಮನಿಗೂ ಬಂದಿದ ಚಾ ಕುಡ್ಕಾ ಹೊದ,0
ಸೂಪರ್ ಹಾಡು ಶೆಟ್ರೆ,0
flop disaster film is on the way nಇದ್ ಎನ್ ಸಾಂಗ್ ಕುಲವ ಗುರು ಡಬ್ಬ ಸಾಂಗ್,4
status nalli feelings haakondu,0
noraru kooti suriyo kannada film industry entha kalavidara nu belasalu sadyavilave enta nachike vishaya alva,0
no 1 song ri,0
chandra naan kelv comment nodidakke heliddu,0
asome bro nd boss,0
kannadiga eno ond bid guru nin maat keltirode chandaa aden matadtiya brochindi bro keep roasting,0
anna super agi edit madidiya,0
pmt andre yavdu,0
ede tara mondeagute annru like madi,0
super song alva,0
idu nimage hege gottaytu,0
big fan kerala,5
salaam racky bhai,5
yes yes yes,5
12 dislikes by gandu nanmakalu,4
nimge idu suit agolla sir,0
top benki maga,0
uppi fans next like raksith setty,5
ggggggggggggggggggggg song of 2019 to 2020 one like for 2020,5
olle msg bro sakath agi helidira,0
tital nodi ond matu helbeku anth annistu pade pade prashne keli alohage maditirode nivu nachike agbeku nimge,0
hagadare kaleyugaku antya edhe antha aytu ero ast dina enjoy madkond erbekappa,1
bahusha nanna jeevana kooda nimma dariyalle naditha ide sir hat s off sir nimma swabhimaanakke,0
jana theatre ge bandilla aadrinda collection kadime aagide,1
diya thumba chennagide ondu olle prayathna movie kone vargu sinimada ondu bhagavagi ondu olle feeling nalli movie na nodthidde but kone seen nijakku ishata aglilla tragidi ishtondu bekitta ellara manisige ishta ada adi na sayisbekitta so last seen nodida thakshna alliyavaregu idda feel pat antha maya agi edenu heeg madudru ansuthe,3
ತೊಗರಿ ತಿಪ್ಪnಜಾನಪದ ಹಾಸ್ಯ ತುಂಬಾ ಚೆನ್ನಾಗಿ ಇದೆ ಡಾ ಶಂಭು ಬಳಿಗಾರ ರವರಿಗೆnಧನ್ಯವಾದಗಳು,0
ಒಂದ ಮೂವಿ ಮಾಡೋಕೆ 7 ವರ್ಷ ಅದಕ್ಕೆ ಸರಿಯಾಗಿ ಆಗಿದೆ ಮುಂದೆ ಬೇಗ ಮಾಡಿ ಬಿಡಿ ಇನ್ನೂ ಇದನ್ನೇ analyse ಮಾಡ್ಕೊಂಡು 7 ವರ್ಷ ಕುತ್ಕೊಬೇಡಿ ನೋಡಿದ ಜನ anacin ಅಂತ ಇದಾರೆ ಆಬ್ಬ ಆಡಿಷನ್ ದಿಯಾ ಅಂತ ಒಂದು ಕಥೆ ಮಾಡಿ,1
i like sir,5
tumba kalaavidara gati ide kalege bele illa ashwath awara family ge ee thara aagbaardittu,0
ಕನ್ನಡದಲ್ಲಿ ಪ್ರತಿಭೆಗಳಿಗೆ ಕೊರತೆಯಿಲ್ಲ,0
prajakeeyada bagge videos madi please,0
super guroonsakkattagittu video,0
eli eddeli boss nim time bandide,0
ಸೂಪರ್ ಬ್ರೋ ನಿಜ,0
vishwanath guruve nav dboss fans kannada songs nodoku modle like madovru sumne thika yella matadbedi,3
rumble onde ond sari kelde nfirst time ashtond ishta aglillanmatte matte kelta idre nishta agta ide slowpoison,4
super dance,5
kannadigaru dislike madbardu,1
yappa bhaya agutte,1
youtube nali upload agiroduna modhlu delete madsii,3
ಇನ್ನು ಇಂಥ ಒಳ್ಳೆ ಸಾಂಗ್ಸ್ ಇದವೆ ಅಂತ ಗೊತ್ತಿಲ್ಲ ಸೂಪರ್ ಸಾಂಗ್ಸ್,0
ಮೊದಲು ನಾವು ಬದಲಾಗ ಬೇಕು,0
gud pair praju nishvika,0
ಚಂದನ್ ಶೆಟ್ಟಿ ಟ್ರೊಲ್ ವಿಡಿಯೋ ನೀವು ನೋಡಿ ನೆಗಡ್ಡೆ ಇದ್ರೆ ನಾವ್ ಗ್ಯಾರಂಟಿ,0
nammuralli bandidda nane one up coffee bread kottu kalsde,0
ಬಹಳ ಚೆನ್ನಾಗಿ ದೇ,0
jai d boss,5
d boss fens,5
parthasarathi ನಂದಿನಿ ನಂದಿನಿ ನಿನ್ ಕೊಜ್ಜೆ,2
sir naanu helabekiddanna thumba channagi helidira nimma mathugalashte sumadura hrudaya sparshi agide pls yelladru nodi 1 sala adru olle anubhava beku antha iroru,0
super songs bro,0
ಸಾಹಿತ್ಯ ತುಂಬಾ ಚನ್ನಾಗಿದೆ dance ತುಂಬಾ ಚೆನ್ನಾಗಿದೆ bgm ಕೂಡ ಚನ್ನಾಗಿದೆ,0
avra manelli yavagadru hoddu sayisudre gottagutte kittod nan maklige tik tok yak ban madbeku andorge saryagelidira bro,3
konegu rakshith shety kainal dance madsok avne barbrkitu nyaaaaravnu asn,0
even i had same feelings,5
bro your playing game name,5
ಇದು ಚರಿತ್ರೆ ಸೃಷ್ಟಿಸೋ ಅವತಾರ,0
yella ok iee aroygyake hankaraka bidi yake,1
ee boli maklige deshakoskara1 app delete madakkaglilla,4
vishnuvardhana agreed,5
super movie sir,5
god bless prajju sir,0
ಎಲ್ಲಾ ಇರೋನು ಒಂದೇ ಜೈ ಕರ್ನಾಟಕ ಮಾತೆ ಜೈ ಭುವನೇಶ್ವರಿ ಕನ್ನಡದ ಅಭಿಮಾನಿಗಳ ಏನ್ರೀ ಸುದೀಪ ಪಾನ್ ಲೈಕ್ ಮಾಡಿ ದರ್ಶನ್ ಫ್ಯಾನ್ ಲೈಕ್ ಮಾಡಿ ನಾನು ಪುನೀತ್ ಫ್ಯಾನ್ಸ್ ಲೈಕ್ ಮಾಡಿ ಪ್ರೆಸ್ ಟು ಕನ್ನಡ ಸಿನಿಮಾ ನೋಡ್ರಿ,0
kittod nanmaklu maarayya,4
super ತೊಗರಿ ತಿಪೃ,0
super video,5
trending list gaagi wait maadtiror like,0
aadu nane broo soul naa replacement maddee bere body gee antha aansthidee,4
song ಸೂಪರ್,0
ಇದು ಚರಿತ್ರೆ ಸ್ರೃಷ್ಟಿಸುವ ಅವತಾರ nbaground music,0
ಎಲ್ಲರೂ the best ಆಗಿ ಕೆಲಸ ಮಾಡಿದಿರ,0
kelly hinge matad tidre adne madtini,2
shivanand kattimani so,5
mirajakar thank u,5
yella ok iee aroygyake hankaraka bidi yake,1
anna niv super agi creative maadthira super anna,0
nangu gottu yarigu helbeda,0
neen build up films nodkindu irappa illi yake bande,1
ee movieyinda dodda mattada success siguthhe prajwal sirge,0
hindi version plzzz,5
love you sir,5
spr song,0
i support your videos bro,0
kumar may be,5
mass song,5
last scene nice guru,0
caller tune code piz,5
ಯಾಕೆ ಎಲ್ಲ ವಿಡಿಯೋ ದಲ್ಲೂ ಈ ಗೇಮ್ ನ add ಮಾಡಿ ಆಕ್ತಿರಲ್ಲ,0
ಬಹಳ ಕ್ಯೂರಿಯಾಸಿಟಿ ಇರೋ ಹಾಗಿದೆ ಚಿತ್ರವನ್ನು ನೋಡಲು ಕಾತರದಿಂದ ಕಾಯುತ್ತಿದ್ದೆನೇ,0
handsup shoot madbeka dishkaew,0
ಬುದ್ಧಿ ಹೇಳೋಕೆ ಬುದ್ಧನೇ ಆಗಬೇಕು ಅಂತ ಏನ್ ಇಲ್ಲ ತಲೆಯಲ್ಲಿ ಬುದ್ಧಿ ಇದ್ರೆ ಸ್ವಲ್ಪ ಸಾಕು ck,1
shivanand kattimani 12 9,5
parthasarathi yello erodu ninu lowde,0
nanu 14 sala nodidha movie idhu,0
ಎಕ್ಸ್ ಪಾ ಟೇಶನ್ ದಬಲ್ ಹೈತು,0
love u brooo,5
cult guru lo guru bere heroes na support maadidre nin gantenaadru hoguttaa ellaa actors avre depore,0
11k logo ne kya soch kr dislike kiya,5
excellent anna super,0
fuck tik tokrs,3
anna nin super yelargu saryag ugdidya avrgela bartha edid bikshe kaasu miss aythu antha support madtha edru aste,0
ನನಗೆ ಕಾಣುವ ಒಂದೇ ತಪ್ಪು publicity ಮಾಡದೇ ಇದ್ದದ್ದು,1
ಅಜನೀಶ್ ಏನ್ ಮ್ಯೂಸಿಕ್ ಗುರುnಬಾಲಿವುಡ್ ಸಾಂಗ್ಸ್ ಗಿಂತ ಚೆನ್ನಾಗಿದೆnwaiting for fdfs,0
chutiyaa ganesh gintaa olle movie irutthe bidu guru idu ganesh ge olle swamake maadoke helu modlu,2
ಇದು ಪಕ್ಕ ಚರಿತ್ರೆ ಸೃಷ್ಟಿಸೋ ಅವತಾರನೇ,0
trailer tumba channagide,0
ಏಳನೇ ದಿನ ಕೇಳ್ತಾ ಇದ್ದೇನೆ,0
ninnantha mabb sulemaklige intha film artha aagalla bido nimmouna,2
ಇದು ಪಾನ್ ಇಂಡಿಯಾ ಮೂವಿ ಮಾಡೋ ಅವಶ್ಯಕತೆ ಇತ್ತ ಲೋ ಬಡ್ಜೆಟ್ ಡಬ್ಬ ಮೂವಿ ಸಾಂಗ್ಸ್ ಶಾಟ ತರ ಇದೆ ಆದ್ರುನು ಚೈಲ್ಡ್ ರಕ್ಷಿತ್ ಫ್ಯಾನ್ಸ್ ಬಿಲ್ಡಪ್ ಕೊಡ್ತವ್ರೆ,3
super song and making to 100,5
bro yaarnu bidbedi tiktok uninstall aagovargu rost maadi prathiyobrunnu,3
love ನಲ್ಲಿ ನೀನು ph,2
ಉರ್ಸೋಕೆ ನಿಂತ್ರೆ ಕನ್ನಡದವರು ಚರಿತ್ರೆ ಬರೀತಾರೆ ಅಂತ ಗೊತ್ತಾಗಲಿ ಕೆಲವು ಕಿಡಿಗೇಡಿಗಳಿಗೆ,3
enu investigation nedithidya ashwattama idara omg nomboke agtilla devre ashwattama nija vaglu idre it is unbelievable god please a doctor ega idre investigation madi and a yavudho hasiru guhe andharela ali hogi nodi inu pooje madthidhara and mate avru sikidra yarigadharu please information kodi and good job nanna devaru channel,0
ಎಲ್ಲರಿಗೂ ಹೊಸ ವರ್ಷದ ಹಾರ್ಧಿಕ ಶುಭಾಶಯಗಳು ಯಾರು 2020 ರಲ್ಲಿ ನೋಡ್ತಾ ಇದ್ದೀರಾ please like ಮಾಡಿ,0
super movie,5
ಇಪ್ಪತೈದು ವರ್ಷಗಳ ಹಿಂದೆ ಕೇಳಿದ್ದು ಮತ್ತೆ ಕೇಳಿದಾಗ ತುಂಬಾ ಸಂತೋಷ ವಾಯಿತು,0
tik tok nan shaaataaaaa,4
super togari tippa,5
marketing swalpa bekittu ansutte,4
super song,5
ಸಾರ್ ಇದು ಕಲ್ಪನೆಯ ಕಥೆಯ ಏನು ನಿಜವಾದ ಕಥನ,0
hinene sariyagide sir,0
monster_kannada nim maneg bande iru ning hosa tengi sigtale 4monts admele soo be happy bro nim amman sule magne,2
guru en helde guru suuuuper ne china deshdorge huttiro nan maklu nodire jamun juice agigirutte pakka guru nin voice dialogue keltidre keltane irbeku anstide guru but suuuuuuuuuper,4
dislikers are not real kannadigas,3
ಯಲ್ಲ ಭಾಷೆಲು ನೋಡಿದೆ ಫುಲ್ ಬೆಂಕಿ ಪಾ,0
guru same feeling,5
movie na theatre nalli nodokagilla anta and movie tumba dina odilla anta bejaragtide,0
ಕನ್ನಡ ನಾಡಿನ ಕೀರ್ತಿ ಜಗತ್ತಿನೆಲ್ಲೆಡೆ ಹರಡಲಿ ಅಂತ ಬಯಸುತ್ತೇನೆ,0
idhu charithre shrushtiso haadu,0
sar good ur so good,5
guru sure news nanu tik tok dawn lod madeda yavaga nama ndudu tindu nama dashda mala uddha madaka bandro avaga deleted,0
babu gandu sulemagane urko,2
i love adi acting super,5
ಕನ್ನಡಿಗರು ಲೈಕ್ ಮಾಡಿ ಪ್ಲೀಸ್,0
ಏನ್ ಗುರು ನಿನ್ನ ಚರಿತ್ರೆ ಸೃಷ್ಟಿಸುವ ಅವತಾರ ತುಂಬಾ ಚೆನ್ನಾಗಿ ಇದೆ ರಶ್ಮಿಕಾಗೆ ತುಂಬಾ ಉರುಸು,0
e bevrcgal maneli yavandru sathidre sari erodu,4
patil but torsalla,0
r ಸಿನಿಮಾ ನೋಡಿ promotion ಮಾಡಿ,0
karnataka ke bandu kannada matadidna ane guru sullu avnu sooside madko bahudittu alvaa fake news,2
super anna,0
music is unique,0
sir mate tik tok bandideee stop madsi http,0
rakshith shetty fan like here,5
idu idu andre,0
super edit anna,0
100 million agalla bro,1
goodboy swami,5
ಸಾಹಿತ್ಯ ಬಹಳ ಸೊಗಸಗಿದೆ ಇದು ಕನ್ನಡದ ಹಾಡು,0
ಜೈ ಆಂಜನೇಯ,0
super jai kanadiga,0
javari tippa superb ri,0
aadu nane broo soul naa replacement maddee bere body gee antha aansthidee,4
namma hagu kelavara aase nija aytu tik tok,0
madhu thanks bro,5
super music ettidira e songalli yast sala e song kelidru bejar aagolla tumba channagide,0
spr ಜೈ ಡಿ ಬಾಸ್,0
gichhh movie,5
suprb song rakhit shety karnataka boss,0
kannadagru like here nama kannada movie he estu craze edaa,0
first karnataka dalli tamil and telugu cinema galile bedike kadime agbeku avarinda ne nam kannadakke e paristithi,1
super cute little song,5
love u bro,5
super song guru,0
nija nivu mahabaratha nodilva,0
togari tippa is greaterden,0
yes bro nanu chinese apps galna delete madidhini e thara innu jasti video madi bro e thara good message viedio madthairi,0
420 tik tok 420 china,4
nivu tiktok madilva,0
rao bari inta comments maadkond koothkoli thuu inta cinema na kannadadalli prothsaha maadilla anta naachike aagbeku,4
ms thank you,5
brother ಆ ನನ್ ಮಕ್ಳಿಗೆ ಅರ್ಥ ಆಗೋಥರ ಹೇಳಿದೀರಾ ಅವ್ರಿಗೆ ಹೀಗೆ ಹೇಳಿದ್ರೇನೇ ಅರ್ಥ ಆಗೋದು,0
ಕೆಲವರು ಟಿಕ್ ಟಾಕ್ ಅಲ್ಲಿ ಫಿಲಂ ಡೈಲಾಗ್ಸ್ ಮಿಕ್ಸ್ ಮಾಡಿ ಸ್ವಾಮಿ ವಿವೇಕಾನಂದ ಎಪಿಜೆ ಅಬ್ದುಲ್ ಕಲಾಂ ಜಿ ಥರ ಆಡ್ತಾರೆ ಅವರನ್ನ ಹೀಗೆ ಬಿಟ್ಟಿದ್ದರೆ ಕಲಿಯುಗದ ಸರ್ವಜ್ಞ ಹಾಗಿ ಬಿಡುತ್ತಿದ್ದರು ಥ್ಯಾಂಕ್ಯೂ ಮೋದಿಜಿ ಟಿಕ್ ಟಾಕ್ ಬ್ಯಾನ್ ಮಾಡಿದ್ದಕ್ಕೆ,1
ಸರಿಯಾಗಿ ಹೇಳ್ದೆ ಗುರು ಊಗಿ ಚೀನಾಗೆ ಹುಟ್ದ್ ಗ್ ಆಡೋ ನಾಯ್ಗಳಿಗೆ,3
ಿಚ್ಚನ ಹಾವಳಿ astu cheepalla bido nimtara 60cr above madide pailwan kurukshetra 100cr collection madide,0
louda cinema director pyscho channagiro cinema ending allii haal mad da,2
ಜೈ ಕನ್ನ ಡಗ,0
ಯಾರು ದೊಡ್ಡ ಮಟ್ಟದಲ್ಲಿ ಬೆಳೆಯುತ್ತಾರೆ ಅವರನ್ನು ಪಕ್ಷಕ್ಕೆ ಸೇರುವಂತೆ ಒತ್ತಾಯ ಮಾಡುದು ಪಕ್ಷಕ್ಕೆ ಸೇರದಿದ್ದರೆ ಐಟಿ ಇಡೀ ರೈಡ್ ಮಾಡಿಸುದು ಅವರಿಗೆ ಬೇರೆ ದಾರಿ ತೋಚದೆ ಆತ್ಮಹತ್ಯೆ ಮಾಡುದು,0
super video sir,5
tik tok ban maadi ellari india app mitron app use maadi adhu same tik tok tharane idhe,0
le maraya ninu nijavaglu hero kano super mama ninna madirodhu video,0
diy supar movise,0
ಈ ಚಿತ್ರದಲ್ಲಿ ಯಾವ್ ರೇಂಜ್ ಗೆ ಗ್ರಾಫಿಕ್ಸ್ ಮಾಡಿದ್ದಾರೆ ಅಂತ ಮತ್ತೊಬ್ಬ vfx ಆರ್ಟಿಸ್ಟ್ ಗೆ ಗೊತ್ತಾಗೋದು,0
ಸಾರ್ ಸಾರ್ಥಕ ಬದುಕು ನಿಮ್ಮದುnಸತ್ಯಶುದ್ಧ ಕಾಯಕ ನಿಮ್ಮದು,1
obba batta na gi e rethi bare you du sare alla namma darmmake nave,3
ಆ ನೂರ ಕೋಟಿ ಭಾರತಕ್ಕೆ ಅಲ್ಲ ಇಡಿ ವಿಶ್ವಕ್ಕೆ,0
ಇದೊಂದು ದುರದೃಷ್ಟ ವೇ ಸರಿ ಇಂತ ಮ್ಯೂಸಿಕ್ ಇಂತ ಲಿರಿಕ್ಸ್ ಇಂತ ಬ್ಯಾಗ್ರೌಂಡ್ ಎಡಿಟಿಂಗ್ ಎಲ್ಲ ವಿಭಿನ್ನ ಸುಂದರ ವಾಗಿದ್ದರು 6 ದಿನ ಕಳೆದರು ಕೇವಲ 2 2m ಅಂದ್ರೆ ಬೇಸರದ ಸಂಗತಿ nಯಾವುದೋ ಪರಭಾಷಗಳಿಗೆ ತೋರಿಸೋ ಪ್ರೀತಿ ನಮ್ಮ ಕನ್ನಡ ಚಿತ್ರಗಳ ಮೇಲಿಲ್ಲ,4
yenge nivu kalru nivu,0
ಕರಾವಳಿ ಜನರಿಂದಲೇ ಕನ್ನಡದ ಘಮಲು,0
hindi me kab aygi ye movie,5
i like so much,5
idu charitre shristisuva avatara 100,0
parthasarathi balegar bale bale matte ninna akkna minda kano nanu mindri magne randi maga ninu bere heros bagge kettadagi comments madodu bidu navu yaru tantegu hoglla boss tantege bandre gottala,2
anjali devi hi,5
25 m view,5
hand s up,0
i like prutvi ambar adi style,5
sir nimagay salam,0
mutturaj melageri k,5
iliger ķ n2 90nlķìïhas qqàrt78 ml07þ52,5
nim ge esta agiddare like comments madi,0
ಸಿನಿಮಾ ನಮ್ಮ ಕಲ್ಪನೆಗೂ ಮೀರಿದೆ ಅದ್ಬುತವಾದ ಪ್ರೀತಿಯ ಲೋಕ ಆದರೆ ಸಿನಿಮಾದ title ಸೆಳೆಯದೆ ಇರುವುದು ಒಂದು ಕಾರಣ,0
yes edre adare yli,0
dislikes are from pedigree foodies,3
china avru nan shata,3
idu nijvaaglu cinema na illa sum sumne naa,3
bro ee devru yallru india davre na athava india bittu ogallva,4
intha olle video nu dislike madiroru yentha kachada nanmaklirbeku,3
ನಾನು ಕನ್ನಡದ ಗುಲಾಮ ನನಗೆ ಈ ಪದ ಯಾಕೆ ಅಷ್ಟು ಇಷ್ಟ ಆಯ್ತು ಅಂದ್ರೆ ಸಾಹಿತ್ಯ ಅಚ್ಚ ಕನ್ನಡದಲ್ಲಿ ಮೂಡಿ ಬಂದಿದೆ,0
super song with dance sakathagide,0
harisa sooper annthamma,0
masthmaga na duplicate madbitaru amar sir,2
monster_kannada guru bari mathadak aste yav sule makligu munde bandu mathadastu dhum ella boss always king,2
ಇಂತಹ ಅದ್ಭುತ ಸಿನಿಮಾಯಳು ಮತ್ತು ಹಾಡುಗಳು ಕನ್ನಡದಲ್ಲಿ ಹೆಚ್ಚು ಹೆಚ್ಚು ಬರಲಿ ಎಂದು ಎಲ್ಲರೂ ಹಾರೈಸೊಣ,0
nam deshadali jati satre desha uddara agothe nchunavanne barli nive nodi gothagothe hindu muslim abbbaaa halka rajkarnnigallu,3
e song ero range ge 3to 5 millone agbekittu,0
ಇಂಥ ಕಥೆ ಹುಟ್ಟುಹಾಕಿದ ಮಹಾನುಭಾನಿಗೆ ನಮೋನಮಹಾ,0
nam kannada songs yavglu super hit,0
different r s maga ninu,0
anjali devi v,5
hi bro yav urruuuuuuu ninduuuu kollegala na,0
charan gowda db,5
dis like hakorge ond math hekok esta padthini nimig esta agilla andre sumne erbod alva yak sumne dislike hakthira ade bere bhashed est kacchada edru like hakthira alva nimmanthor erodrindane kannada movies ast hesru madtha illa,3
helide guru ninu,0
flop disaster film is on the way nಇದ್ ಎನ್ ಸಾಂಗ್ ಕುಲವ ಗುರು ಡಬ್ಬ ಸಾಂಗ್,4
nija helbekandre ee song yako sync aagtilla movie trailer type ge,4
parthasarathiಲೆ ಹಾದರಗಿತ್ತಿ ನಿನ್ ತುಲ್ಲು ಊರು ಬಾಗ್ಲು ಅನ್ಸುತ್ತೆ,2
nice sir but message madidre reply madalla tavu yella dove,1
nev hing madodhakene nav udhara agthilla,2
trailer superb pajju promotion chennagi maadi pakka blockbuster agutte,0
ನಿಮ್ಮ ಅಕ್ಕುನ್ ಒನ್ ನೈಟ್ ಕಲ್ಸು bgm,2
ena kachadagolo nivu istella adru tik tok bidalla antirallo nivella nam indea davara tu nima janmakke,4
yella characters supermatte re release madi,0
ಪ್ರಜ್ವಲ್ ದೇವರಾಜ್ ಅಭಿಮಾನಿಗಳು ಮಾತ್ರ ಈ ಕಾಮೆಂಟ್ ಲೈಕ್ ಮಾಡಿ,0
ಈ ದರಿದ್ರ ಬಡ್ಡ್ಯತವ tiktok ನೋಡಿಯೆ ನಮ್ಮ ಮೋದಿಯವರು ಬ್ಯಾನ್ ಮಾಡಿದ್ದು ಗುರು,4
super kantha,5
super navu chikvara idaga kelta idavi super childhood memories,0
hi my friend,5
rakshit sir on fire benki ollede aythu ha dagar inta olle vekthi ge siglila,0
elru thika muchkond iri nim build up galu nodok agtilla producer gee enro kashta kashta irodhu badavarigee corona bandhu esht family sayta idave uta ildale esht himse agta idee avrige jeevna nadsoke maklige nettagee ondh otthu uta kodok agdale avrige help madi,4
nam janakke love story iro movie andre bari romance,0
super bro,5
ಇದರಲ್ಲಿ ಎನ್ ಚನ್ನಗಿದಿಯೊ ಗೊತ್ತಿಲ್ಲ ಆದರೇ ಮ್ಯೂಸಿಕ್ ಡ್ಯಾನ್ಸ್ ಚಿಂದಿ ಆಗಿದೆ,0
ರಕ್ಷಿತ್ ಶೆಟ್ಟಿ ಅಭಿಮಾನಿ,0
super guru neevu,0
avinash bere language movies na beggers thara nodo kachda janagal irovargu kannada movies ge bele iralla bro,4
urkobetvre guru,1
g mathapati ಡ,5
parthasarathi illa kgfuck aythu,3
elru phone le nodthare manele adke yaru takis ge bandu nodthilla nanu kuda phone le nodiddu tam tam app inda ella new films dwld madkondu manele nodthare so adke yaru takis ge barthilla ansuthe,4
super song,5
ವಿಜಯ್ ಮಲ್ಯ ಅವರೇ,0
nithinnav en madvappa,2
kannada industry alli hosa dakale baryok bandavn yar avnu avane sreemannarayana,0
kannada intha telugu alli song chang idhe,0
jeevanadalli navu chenagiddaga baro sambandakkinta navu novinnali eddaga namma na a novinninda ache baro hage maduva sambandakke bele kodbeku so ninge ega arta aytu ankotini,2
super guru sariyagi ugdidiya,0
super togari tippa,5
ದಯವಿಟ್ಟು ನನ್ನ ಸಂದೇಶ ನೋಡ್ತಾ ಇರೋ ಎಲ್ಲಾ ಸಾಹಿತ್ಯ ಬರಹಗಾರರಿಗೆ ದೊಡ್ಡ ವಿನಂತಿ ಸಾಹಿತ್ಯನ ಅಚ್ಚ ಕನ್ನಡದಲ್ಲಿ ಬರೆಯಿರಿ ಇದೆ ಥರಾ ದಯವಿಟ್ಟು,0
ಸತ್ಯಕ್ಕೆ ಸಾವಿಲ್ಲ ಸುಳ್ಳಿಗೆ ಸುಖವಿಲ್ಲ ಇದುಸತ್ಯ,0
ಇದು ಹಾಡು ಅಂದ್ರೆ ಥಿಯೇಟರ್ ಲಿ ನೋಡಿದ ಮೇಲಂತೂ ಇನ್ನೂ ಕಿಕ್ ಕೊಡ್ತು,0
ಸಕ್ಕತಾಗಿದೆ ಮರಯ,0
guru yava game edu,0
vitthal ಏನ್ಲ ಬಳೆಗಾರ ಲುಚ್ಛನ್ ಫ್ಯಾನ್ಸ್,2
ಇದು ಪಕ್ಕಾ ಶಂಕರ್ ನಾಗ್ ಸ್ಟೇಲ್ ಟ್ರೈಲರ್ ಅಷ್ಟೇ ಸಾಂಗ್ ಅಷ್ಟೇ ಸರಿ ಏನೇ ಇರಲಿ ಓಳ್ಳೇದಾಗಲಿ ನಮ್ಮ ಭಾಷೆ ನಮ್ಮ ಹಿರಿಮೆ,0
super hands up,5
rakshit shetty fans like this,5
after karaabu,5
1999 ರಲ್ಲಿ ನಡೆದ ಘಟನೆಯನ್ನು ಕೇಳಿ ತಿಳಿದು ನೋಡಿ ಅವಗ ನೀಮಗೆ ತಿಳಿಯುತ್ತದೆ ನಮ್ಮ ದೇಶದ ಅಭಿಮಾನ ಆವಾಗ ನೀವು tiktok ನ್ನು ಅವಾಗಲೆ ತೆಗೆದು ಹಾಕೂತಿರಿ ಇದು ನನ್ನ ಬಾಲ್ಯದ ನೆನಪು,0
life alli esto movie nodidivi adre diya movie astu yavdu ista agtilla diya nodid mele love madbeku,0
100 million agalla bro,1
kannada badhiki bandhantaitu,1
first hog film nodu amele yen bekadru comment madu,2
ivrantu un install madalla sulemaklu avrna following madtiro nayigalige buddi barbeku modlu nam india dalliro inta nayigala kathe ne istu deshad bagge yenadru gottidre tane tiktok nalli bandu motivation helo ivlige deshad bagge keladre yenu gottiralla guru ivakke avar maneli bodig bittidare avalna navadru enmadokagatte,1
hands up kannada na thu ninna,2
ಏಳ ನಿನ್ ಅಕ್ಕುನ್ ತಿಕಾ ನ ಕೈಯಾ,4
jai hind sir,5
sir nevu mele bande bartiraa neman tuldavru nem kaladi bartare aga nem time,0
parthasarathi ಮುಕುಳಿ ಮುಚ್ಚಿಕೊಂಡು ಸೈಡ್ ಅಲ್ಲಿ ಇರು ಇದು ಗಂಡಸ್ರ ವಿಶ್ಯ ಬಳೆಗಾರು ಎಲ್ಲಿ ಎಲ್ಲ ಬಾರೋ ಹಾಗಿಲ್ಲ ಬೇವರ್ಸಿ ಮುಂಡೆ,2
ಖುಷಿ ತುಂಬ ನೋವಾವಿತಮ್ಮ ನೈಜ ನಟನೆ ನನಗೆ ನಿನ್ನ ನೋಡಿ ತುಂಬ ಅತ್ತುಬಿಟ್ಟೆ,0
super danger 1,5
tenniske baal,1
next time gravity ge viruddavaagi film madi hero ond punch madidre nelakke appalisi vapas aakashada kade hogbeku jaatre dialogue idi film hit aagutte nam janakke ade beku,0
un like madorge mana maryadine ella guru oledelidru kidodrthada adthare,4
superb guru,0
india kudda munde baruthe but late navella odmele,0
vivek g side ge hogro nim,3
ಪ್ರಜಾಪ್ರಭುತ್ವ ಕಾನೂನಲ್ವಾ ಅದಕ್ಕೆ,0
ಅಚ್ಯುತಣ್ಣ ಕ್ಯಾರೆಕ್ಟರ್ ಯಾರಿಗೆಲ್ಲ ಇಷ್ಟ ಆಯಿತು,0
shankar sir moulyayutha nudigalu,0
dislike madiroru pakka rashmikha kadeyavare,3
c lol judge ge lancha kottu jailge hogi bandirorna cm madiroru 420 bjp,3
tiktok madorena chinese ge kalse beku,3
ultimate song,5
lo hucch baddimagne,2
nithinnav en madvappa,2
neev mado pratiyond videos galu mukake ekda tegdu oddag irutte bidi bro and nim voicenim big fan agbitidivi bro,0
dayanand 123 ಕಮಕಲಲ,0
ಹೌದೋ ಹುಲಿಯ,2
ಆಶ್ವತಾಮ ಇನೂ ಬದಕಿದಾನಾ,0
d ಬಾಸ್ ಅಭಿಮಾನಿ ಕಡಿಂದ ಆಲ್ ದ ಬೆಸ್ಟ್,0
superntelugu lo kuda,5
hands up super song,0
number 1 song,5
nammaneg bandidda mare full party,0
le bindu naayi phone all radi togonda aaytha avarge adara laba sikatu aadare tik tok end dinaa avarage laba baratte enna mele yaava vastu togo beda china vastu ninu togo beda naana antu tiragi nodalla ni ale tuu,2
theatre nalli hudukidru 28 jana datutilla krishna bangalore nalli odeya ge,0
2019 utter flop in sandlewood,3
ಬುದ್ಧಿ ಹೇಳೋಕೆ ಬುದ್ಧನೇ ಆಗಬೇಕು ಅಂತ ಏನ್ ಇಲ್ಲ ತಲೆಯಲ್ಲಿ ಬುದ್ಧಿ ಇದ್ರೆ ಸ್ವಲ್ಪ ಸಾಕು ck,1
ajanish sir superb music,0
sory sir teatarali film nodlike agilla tumba bejaride,0
ಇದು ಚರಿತ್ರೆ ಸೃಷ್ಟಿಸೋ ಕಮೆಂಟು,0
est sari kelidrunu kelbek anusutte,0
now 28k dislikes,3
lo thagari thippa suppr kano,0
bro adru evaga bere language enda open madkond use madtaidaralla bro thumba janridare nam jana e tara vishyadalli haladavru,3
film hit ahagokai e tharadha song irbaiku,0
en helde guru super agi helde rip tiktok,0
your father is a great actor but industry nalli ollethankke bele kodalla olle natarige sambavane kodalla mohini maukha holuva parabasha marina hakkondu movie dabba movie madi,0
bro nin ello hogbutte bedu bro,0
by mistakly nimma ondu video nodi subscribe agbitte keep it up bro,0
rakshith nan yakda dboss dabba nan maga,2
ಚೀನಾ ಎಷ್ಟೇ ಮುಂದುವರೆದಿದ್ದರೂ ಅದು ಅನ್ಯದೇಶವೇ ಹೊರತು ನಮ್ಮ ದೇಶವಾಗುವುದಿಲ್ಲ ಅವರನ್ನು ಹೊಗಳಿ ನಮ್ಮನ್ನು ತೆಗಳಿ ಯಾವುದೇ ಪ್ರಯೋಜನವಿಲ್ಲ ನಾವು ಪ್ರಜೆಗಳಾಗಿ ಯಾವರೀತಿ ನಡೆದರೆ ದೇಶವನ್ನು ಮುನ್ನಡೆಸಲು ಸಾಧ್ಯ ಎಂದು ನಮ್ಮಲ್ಲಿ ಅರಿವು ಮೂಡಿಸುವ ಸಂಘಟನೆ ಅತ್ಯಗತ್ಯ ಮೋದಿ ಸ್ವಚ್ಛ ಭಾರತ ಅಭಿಯಾನವನ್ನು ಆಡಿಕೊಂಡು ಹಂಗಿಸಿದವರೆ ಹೆಚ್ಚು ಸ್ವಚ್ಛ ಭಾರತವನ್ನು ಮೋದಿ ಮಾಡುವುದಲ್ಲ ಬದಲಾಗಿ ಅದು ದೇಶದ ನಾಗರೀಕರ ಕರ್ತವ್ಯ ಎಂದು ಒಬ್ಬರಿಗೂ ಅನಿಸಲಿಲ್ಲ ಈಗಲೂ ಮೋದಿ ಏತಿ ಎಂದರೆ ಅಲ್ಲ ಪ್ರೇತಿ ಎನ್ನುವ ಜನರಿದ್ದಾರೆ ಯಾವುದೇ ಒಳ್ಳೆಯ ಕೆಲಸಕ್ಕೆ ಕಾಲೆಳೆಯುವ ಜನರು ದೇಶದಲ್ಲಿ ತುಂಬಿ ತುಳುಕುತ್ತಿದ್ದಾರೆ ದೇಶ ದ್ರೋಹಿಗಳನ್ನು ಬೆಂಬಲಿಸುವ,1
bro nanu tik tok install madidde onde dinakke uninstall madde matte tik tok sahavasakke hogilla allinda tik tok agu hogugalanna troll video dalle nodi njoy madta idini super bro,0
s ninge nanu yenta helide maraya,0
ಚಿನಾ ಎನನಾ ಉತ್ಪಾದನೆ ಮಾಡಲಿ ನಿನು ನಿನದೇಶ ಉತ್ಪಾದನೆ ಮಾಡಿದ ವಸ್ತುಗಳು ಉಪಯೊಗಿಸು ನಮ್ಮ ಗಿಂತ ದೊಡ್ಡದೆನು ಅಲ್ಲ ಭಾರತೀಯರನ್ನು ನಿನ್ನ ಅತಿ ಬುದಿವಂತಿಕೆಯಿಂದ ಕಿಂಚಪರಿಚಬೆಡ,2
ಯಾವುದೇ holloywood ಮಟ್ಟಕ್ಕೂ ಕಮ್ಮಿ ಇಲ್ಲದಂತೆ ಬಂದಿರುವ ಹಾಡು ಮತ್ತು ಸಿನೆಮಾ ಗೆ ಒಂದು hands up,0
rakshit bro nodi no1 tranding thogando bhandihivi saka bro,0
i think junior pawan kalyanni am waiting,0
wt a coment,5
sandalwoodnalli dhamaka mado avatara start agalide,0
ತಂದೆಗೆ ತಕ್ಕ ಮಗ,0
ಎನ್ ಗುರು ಎನ್ ಲಿರಿಕ್ ಎನ್ ಮ್ಯೂಸಿಕ್ ನಮ್ಮ ಮನೆಯಲ್ಲಿ ಈ ಹಾಡಿಗೆ ಫುಲ್ ಫೀದ ಆಗಿದರೆ,0
hands up,5
ashwathvru badukiddaga saryagi nodkollalillva ivnu,5
ಅಣ್ಣಾ ಚೆನ್ನಾಗಿ ಉಗಿತಿರಾ,2
thanks ellakade link sher madi ntukali kushmikage hattiro kobbanna elisi,4
Áÿįøøøøø super broooo love u,0
sachin yalaburgi u,5
32 million boys,5
kannadiga ಹೂ ಅಣ್ಣ ನಿಮ್ಮ ವೀಡಿಯೋ ದಿನಾ ನೋಡ್ತೀನಿ ನಾನು ತುಂಬಾ ಚೆನ್ನಾಗಿ ಮಾತಾಡ್ತೀರ ನಾನು ಲಾಸ್ಟ್ ಅಲ್ಲಿ ತಮಾಷೆ ಮಾಡ್ದೆ ಅಷ್ಟೇ ಅಣ್ಣ ಹೀಗೆ ನಗಿಸುತ್ತಾ ಇರೀ ಅಣ್ಣ ಆ ದೇವರು ನಿಮಗೆ ಒಳ್ಳೇದ್ ಮಾಡ್ಲೀ ತುಂಬಾ ಥ್ಯಾಂಕ್ಸ್ ರಿಪ್ಲೈ ಮಾಡಿದಕ್ಕೆ ಇದರಲ್ಲೇ ಗೊತ್ತಾಗುತ್ತೆ ನೀವು ಅಭಿಮಾನಿಗಳನ್ನ ಎಷ್ಟು ಪ್ರೀತಿಸುತ್ತೀರಾ ಅಂತ,0
love u junior d boss,5
bari shocki wala mosale kanniru,4
kelly hinge matad tidre adne madtini,2
ಈ ಚಿತ್ರದಲ್ಲಿ ಯಾವ್ ರೇಂಜ್ ಗೆ ಗ್ರಾಫಿಕ್ಸ್ ಮಾಡಿದ್ದಾರೆ ಅಂತ ಮತ್ತೊಬ್ಬ vfx ಆರ್ಟಿಸ್ಟ್ ಗೆ ಗೊತ್ತಾಗೋದು,3
manoj idu charetre,0
shambhu baligar superr,5
super anna,0
nagaraj o,5
pruthvi avara acting anthu nanna avarisikondu bittide nanna friend helidda thayi sentimentalli avara acting nodi ninu emotional agthiya nodu antha adre nanu nanu aagalla andidde adre aa scene nodbittu nanu ankonde evarige national award kodbeku antha,0
salute for music,0
ಇದರಲು ಅಂಗ್ಲ ಇದೆ,0
mallad modalu bere hero respect kododu kali amele maathadu gaandu kudlu ella adu ella andkondu,2
bladey piracy madidara yallaru alli node status hakidara movie yalli theatre alli yar nodatara first telegram ban madabaku,3
kannada cinema belisi,0
kaytidde bro yarana lyrics aktara anta tq,0
very nice story,5
kannada padagala jodane adhbhutha,0
togari teeppa super,0
unique talent of kannada,5
hahahaha lol nidiot beggar get lost,4
ondondu maathu shalege chappali suthkondu hodeda hagide bro nnnkn chaina apps ban maadsi avar arthikathage hodetha bilali nntq so much,3
ಸರ್ ಅಶ್ವತ್ಥಾಮ ಆ ವೈದ್ಯರ ಮನೆಗೆ ಬರುತ್ತಿದ್ದ ಅಂತ ಹೇಳುದ್ರಿ ಅವನಿಗೆ ಹೇಗೆ ಗೊತ್ತು ಅವರು ವೈದ್ಯರು ಅಂತ ಮತ್ತೆ ಮುಖ್ಯವಾಗಿ ಮಹಾಭಾರತ ಕಾಲದಲ್ಲಿ ಹಿಂದಿ,1
yes agreed first time keldaga ansituu but 4 5 keldaga agoitu,4
parthasarathi ನೀನೇನು ಬರೋದು ತುಲ್ಲೇ ನಾನೆ ಬರ್ತೀನಿ ಬೋಳಿಮಗನೇ crct ಅಡ್ರೆಸ್ ಹೇಳೋ ಬೇಕೂಪ,2
rashmika haters like madi,3
anjali devi super story,5
basavaraj marennavar mccartney,5
kithodnan maklu galu alli saytha edare elli yak madbeku uninstall madbeku anthare gandu galu,4
guru ashwattama na jote avr appa kuda bandidru nam urge gottilvaa nimge krishna kuda sikkiddaa,0
ಅಣ್ಣ ಏನೋ ಪಾ ನಿನ್ನ ಮಾತುಗಳಿಗೆ ಫಿದಾ ಆಗಿನಿ ಸೂಪರ್ ವಿಡಿಯೋ for tiktok haters not tiktok lovers,0
bgm next level nswag,0
bro nimgenu thale kettidiya film release agde video song bittidiralla yella hal madkothira idunnella bittu channag promotions madi bere languages nalli,2
kgf chaffer 2 bega bara beku,0
super video bro,5
ನಾವೇ thukali stars ಅಂತ ಟಿಕ್ tak maritha idru ಕೆಲ sade ಗಳು ivaga ಮನೇಲಿ ಮುಸುರೆ ತಿಕ್ಕಿ baddetava,3
igun kaldalli 60 years badkodhe kasta 5000 varsa irtara yakro janara inocentna use madkotira,3
ನಮ್ಮ ಜನರನ್ನು ಕೇವಲ ಸುಳ್ಳಿನ ಭ್ರಮಾಲೋಕದಲ್ಲೇ ಸುತ್ತಿಸುವ ನಮ್ಮ ಕನ್ನಡದ ಮಾಧ್ಯಮದೊಳಗೆ ಸತ್ಯದ ಕಹಿಯನ್ನು ನೇರವಾಗಿ ತಿಳಿಸಿದ್ದಕ್ಕೆ ಧನ್ಯವಾದಗಳು ಅಮರ್ ರವರೇ,0
nice togari tippa kathegalu,0
ನಿಜವಾಗಿಯೂ ಅದ್ಭುತ heartly heltidini plz avrigella namma nimmellara supprt beku,0
ಸಖತ್ song ವಿಜಯ್ ಪ್ರಕಾಶ್ ಧ್ವನಿ,0
song chindi chitranna guru,0
ಕಥೆ ಅರ್ದ ಅಗಿದೆ ಅಶ್ವತ್ತಾಮ ತನ್ಣಗಾಯಗೊಂಡ ದೇಹವನ್ನು ಗುಣಪಡಿಸಿದ್ದು ಕಲ್ಲಡ್ಕ ಪ್ರಭಾಕರ್ ಭಟ್ ನಂತರ ಅಶ್ವತ್ತಸಮ ತನ್ನ ಹೆಸರು ಬದಲಾಯಿಸಿ ನರೇಂದ್ರ ದಾಮೋದರ ಮೊಲದಿ ಎಂಬ ಹೆಸರಿನಿಂದ ಬಾರತದ ಪ್ರದಾನಿಯಾಗಿ ಅತನ ಅನುಯಾಯಿಗಳೇ ಮೋದಿ ಭಕ್ತರೆಂಬ ಕೌರವರು ಇವಾಗ ಮುಸ್ಲಿಂ ಎಂಬ ಪಾಂಡವರ ವಿರುದ್ದ ಕುತಂತ್ರ ಯುದ್ದ ಮಾಡುತ್ತದ್ದಾರೆ,3
ನಿಮ್ಮ ಸ್ವಾವಲಂಬಿ ಬದುಕಿಗೆ ನನ್ನದೊಂದು ಸಲಾಂ ಸರ್,0
u missed duniyaa movie,5
guru nin heliddu super nija adre e bindu lowda avn ammun tukali sule maklige uriyutte ade indiyadalli gst jasti madidre strick madthare ade tik tok madi chinage amount hodre kushi agthare ivrella bharatiyaralla chinise tunnege uttdoru,2
super bro,5
supar hit song anna,0
shankarnag sir uppi sir nantara obb uttama actor director sikkidane nam kannada industry ge rakshit shatty,0
ಚಂದನ್ ಶೆಟ್ಟಿ ಟ್ರೊಲ್ ವಿಡಿಯೋ ನೀವು ನೋಡಿ ನೆಗಡ್ಡೆ ಇದ್ರೆ ನಾವ್ ಗ್ಯಾರಂಟಿ,0
super rakshit shetty,5
ಈ ಒಂದು ಸ್ಟೆಪ್ ಸಾಕು ಸಿನೆಮಾ ನೋಡಲು ಎಂತ ಮಾರ್ರೆ ಚೆನ್ನಾಗುಂಟು ಐತ ಸ್ಟೆಪ್ಪು,0
trailer looks soo promising,5
dislikes are from pedigree foodies,3
hlo bro even i uninstalled at stupid app,4
all d best for appu fans,5
unique tune ade thamte,1
diya thumba chennagide ondu olle prayathna movie kone vargu sinimada ondu bhagavagi ondu olle feeling nalli movie na nodthidde but kone seen nijakku ishata aglilla tragidi ishtondu bekitta ellara manisige ishta ada adi na sayisbekitta so last seen nodida thakshna alliyavaregu idda feel pat antha maya agi edenu heeg madudru ansuthe,3
navu kuri alla guru kaliyugada kaligallu,2
ಯಾರೆಲ್ಲ ಡಿಸ್ಲೈಕ್ ಮಾಡಿದ್ದಾರೆ ಅವರೆಲ್ಲ ರಶ್ಮಿಕ ಮಂದಣ್ಣ ಅವರ ಫ್ಯಾನ್ಸ್ ಇರ್ಬೊದು nಪಾಪ ಉರಿತಾ ಇದೆ ನಮ್ಮ ತುಳುನಾಡಿನ ಪ್ರತಿಭೆನ ನೋಡಿ,3
ನಿಮ್ಮ ಈ ಮಾಹಿತಿಗೆ ಧನ್ಯವಾದ ಸರ್ ನಾವು ಸಾಮಾನ್ಯ ಜನ ಜಸ್ಟ್ ವಿಡಿಯೋ ನೋಡ್ಕೊಂಡು ಇಂಡಿಯಾ ಬಗ್ಗೆ ಯೋಚನೆ ಮಾಡಿದ್ರು ಅದು ಉಪಯೋಗ ಆಗಲ್ಲ ಈ ಮಾಹಿತಿ ಕೆಲವೊಂದು ವರ್ಗದ ಜನರಿಗೆ ಮನಮುಟ್ಟುವಂತೆ ಆಗ್ಬೇಕು ಆಗ ಏನಾದ್ರು ಚೇಂಜ್ ಅಗಬಹುದೆನೋ ಗೊತ್ತಿಲ್ಲ,0
ಸೂಪರ್ ಸೋಮಣ್ಣ ಮಾಚಿಮಾಡ ಇಂತಹ ಒಳ್ಳೆಯ ಕೆಲಸ ಇನ್ನೂ ಮುಂದುವರಿಯಲಿ ಶಂಕರ್ ಸರ್ ನಿಮ್ಮ ನೇರವಾದ ಮತ್ತು ವಾಸ್ತವವಾದ ಮಾತಿಗೆ,0
ಸೂಪರ್ ಸಾಂಗ್,0
6 6 6 6 6 6 super 30,5
suites for pub dances,5
ಅಣ್ತಮ್ಮ ಸೂಪರ್ ಆಗಿ ಉಗ್ಧಿದಿಯ ಬೋಲೋ ಮಕ್ಳಿಗೆ ಬಾರ್ಡರ್ ನಲ್ಲಿ ಅವ್ರ ಅಪ್ಪ ನೋ ಅಣ್ಣ ತಮ್ಮ ಯಾರಾದ್ರೂ ಇದ್ದಿದ್ರೆ ಇತರ matadtirlilla bolimaklu,4
ಆಲ್ ದ ಬೆಸ್ಟ್ ಕಿಚ್ಚ ಸುದೀಪ್ ಫ್ಯಾನ್ಸ್,0
ಬಿಟ್ಟ ಸ್ಥಳ ತುಂಬಿ __ ಶಟ,3
anna nim ella videos nodide ella video super innu chennagi videos maadtha iri sonu srinivas gowda mobile touch maadoku bhaya padabek aa tara maadi,2
haage madidre nam india dalli ketta kasa eralla anna,0
ಏನ್ ಮ್ಯೂಸಿಕ್ ಕೊಟ್ಟೀದಿಯ ಗುರು ni m surrender ಟು ಲಿರಿಕ್ಸ,0
nivu thumba super,0
tiktok sede galu,3
anna super anna anna mind super,0
ಉತ್ತರ ಕನ್ನಡದ ಹೆಮ್ಮೆ ಯ ನಟ್ and ನಮ್ಮ ಮೆಚ್ಚಿನ,0
ಒಬ್ಬರ ತಲೆ ಹೊಡೆದು ಬದುಕೋ ಶ್ರೀಮಂತರಗಿಂತ nಸ್ವಾಭಿಮಾನದಿಂದ ಬದುಕುತ್ತಿರೋ ನಿಮ್ಮನ್ನು ನೋಡಿ ಹೆಮ್ಮೆ ಅನಿಸುತ್ತೆ,0
ಿಚ್ಚನ ಹಾವಳಿ book my show alli pailwan 16cr kurukshetra 28cr madide nodo amele maatadu yavdu jaasti collection madide anta,3
productions shnakar nag anna nice man,0
ಅಧ್ಬುತ bgm super,0
nan math nge fida agode,0
kannada matte remake film,1
ಸರ್ ನೀವು ತುಂಬಾ ಚೆನ್ನಾಗಿ ಅರ್ಥ ಮಾಡ್ಸಿದಿರಿ ಆದ್ರೆ ನೀವು ಬರಿ ರಾಜಕೀಯದ್ದೇ 24 ಗಂಟೆ ತೋರಿಸ್ಥಿರೀ ಅವರನ್ನ ಬಿಟ್ಟು ನಮ್ಮ್ ದೇಶದ ರೈತರ ಬಗ್ಗೆ ಯೋಧರ ಬಗ್ಗೆ ತಂತ್ರಜ್ಞಾನ ಮುಖಾಂತರ ನಮ್ಮ್ ದೇಶ ಉತ್ತಮ ಗೊಳ್ಳಬೇಕು ಅದನ್ನ ದಿನಾಲು ತೋರ್ಸಿ ಆಗ ಮಾತ್ರ ನಮ್ ಜನಗಳು ಬಾದ್ಲ್ಆಗ್ತಾರೆ,0
est movie li ede tara ede same scenes,1
super ulti song,5
exelent music dance,4
avinash bere language movies na beggers thara nodo kachda janagal irovargu kannada movies ge bele iralla bro,4
very good song,0
yen song guru superb,0
kiran kumar account number loude ke bal pakad,5
nam janane istu ond olle fresh song ge support madalla bari same old tamte song iddiddre 10 million s madiroru,0
yake andre d booos du kurishetra filam gay asker awold barbekittu yak kotela so d boos fens ee filam nodilla,4
prajju boss is back,5
ಉದಯ್ ಪವರ್ 0iijujuuiuu7jhu8,0
diya best movie in kannada what a acting superb 3,5
ondu varshakke 1or2 film madodkintha entha ondu olle film madidre kannada industry ellige ogutthe,4
nice video bro,5
kodona bro adukkenu,2
waiting atyadbuta katahandara,0
super film,0
shivu mathe yavaglu telugu ge yake saitare alllli erorela,2
hlo bro even i uninstalled at stupid app,4
ಲೈಕ್ ಮಾಡಿ ಇಲ್ಲ ಅಂದ್ರೆ ನಿಮ್ಮನೆ ದೇವ್ರು ಶ್ರೀ ಮನ್ನಾರಾಯಣ ನ ಮೇಲಾಣೆ nnhands up,3
ಸೂಪರ್ ಸೂಪರ್ ಚೆನ್ನಾಗೆ ಉಗಿದಿದ್ದೀರಾ ಅನ್ನ ಕೊಟ್ಟ ಮನೆಗೆ ಕನ್ನ ಹಾಕೋ ಬೇವರ್ಸಿಗಳು ಚೀನಾ,0
well said sir,5
rakshit shettys fans like,5
സൂപ്പർ മൂവി,5
mohareer nತಪ್ಪೇನಿಲ್ಲ nಆದರೆ ಎರವಲು ಪದಗಳ ಬದಲು ಅಚ್ಚಗನ್ನಡ ಅಣ್ಣೆಗನ್ನಡ ಹಚ್ಚಗನ್ನಡ ದ ಪದಗಳನ್ನು ಹೆಚ್ಚಾಗಿ ಬಳಸಲು ಒತ್ತು ಕೊಟ್ಟರೆ,0
amazed amazing amazefull,0
inta kithhodda sule maklige tiktok ban agedu olled aithu,4
climax swalpa change madbekittu,3
super ತೊಗರಿ ತಿಪ್ಪ,0
ತೊಗರಿ ತಿಪ್ಪ ಸುಪರ್ ಕಾಮಿಡಿ so super thogari thippa comdey,0
kannada or tamil,5
kannada cinema dali osha parvaa,0
en music guru,0
super songr new rekard break madly,0
bosdike nimmappa sattaga ninu mosale kanniruhaktiyo i ll a shocky madtiyo no do na madarchod,2
ತೊಗರಿ ತಿಪ್ಪ ಹಾಸ್ಯ ಚಟಾಕಿ ಸುಪರ್,0
please innodh video maadi bro ticktock bagge,0
ತಪ್ಪು ಏನು ಇಲ್ಲ drive ಮಾಡಿದ್ರೇ ನಿಮ್ಮ ಬಗ್ಗೆ ಬಹಳ ಹೆಮ್ಮೆ ಇದೆ ನಮ್ಮ ಬಹಳ ಯುವಕರು ಕೆಲಸ ಮಾಡದೇ ಕುತಿದ್ದಾರೇ ಅವರಿಗೆ ನೀವು ಒಂದು ಮಾದರಿ ಶ್ರೀಮಂತಿಕೆ ಗುಣದಲ್ಲಿ,0
1000 ne like nandhe brother,0
kerala antha helbedi bro adu kuda jathi na nodutte agi hechagi nodutte nan sutta muttalina example nalli heltha idini i have many malli frnds so,0
edu public mistake alla bidi evara mistake edu one week ga 11 films release adre jana yavdanta nododu its totally mistake of film makers planning,3
ನಮಗೆಲ್ಲ ನಮ್ಮ legendsನ ಕೆಲವರಲ್ಲಿ ಕಾಣುತ್ತೇವೆ 1 ವಿಷ್ಣುವರ್ಧನ್ ಕಿಚ್ಚ ಸುದೀಪ್ 2 ಡಾ,0
super song sir,5
yes sir i too join,5
ಸ್ವಾಭಿಮಾನ ಇಲ್ಲಾದವರು,1
audience are customers,5
diya thumba chennagide ondu olle prayathna movie kone vargu sinimada ondu bhagavagi ondu olle feeling nalli movie na nodthidde but kone seen nijakku ishata aglilla tragidi ishtondu bekitta ellara manisige ishta ada adi na sayisbekitta so last seen nodida thakshna alliyavaregu idda feel pat antha maya agi edenu heeg madudru ansuthe,3
obba batta na gi e rethi bare you du sare alla namma darmmake nave,3
i love rakshit anna super movie sule rasmika mandan ge chappali le hodibeku,2
ammanagedi chindi voice l helidiya guru,0
ganesh bhat ನಿನು ಒ೦ದು ಬ್ರಾಹ್ಮಣ ಸರಿಯಾಗಿ ಜಾತಿ ಮಯಾ೯ದೆ ಇಟ್ಟು ಮಾತಾಡುವದನ್ನು ಕಲಿ,2
eppa all fake,1
manjunath hmv bobby j,5
ನಾನು ಕೇಳಿರುವಹಾಗೆ ಪುಟ್ಟಣ್ಣ ಕಣಗಾಲ್ ರವರ ರಂಗನಾಯಕಿ ಚಿತ್ರ ಕೂಡ ಮೊದಲನೇ ಬಾರಿ ತೆರೆಕಂಡಾಗ ಜನರು ಮಿಶ್ರ ಪ್ರತಿಕ್ರೆಯೆ ನೀಡಿದ್ದರು ಏಕೆ ಎಂಬುವುದು ಯಕ್ಷ ಪ್ರಶ್ನೆ ಆದರೆ ದೇವರ ಮೇಲೆ ಭಾರಹಾಕಿ ಎರಡನೇಸಲ ಬಿಡುಗಡೆ ಮಾಡಿದಾಗ ಅದಕ್ಕೆ ಸಿಕ್ಕ ಪ್ರತಿಕ್ರಿಯೆ ಅಬೂತಪೂರ್ವಕ ನಿರ್ಮಾಪಕರಿಗೆ ತುಕ್ಕಿಡಿದ ಕಬ್ಬಿಣ ವಾಗಿದ್ದ ಸಿನಿಮಾ ಈಗ ಚಿನ್ನದ ಗಟ್ಟಿಯಾಗಿ ಹೊರಹೊಮ್ಮಿತು n ಹೀಗಾಗಿ ನಾನು ಚಿತ್ರತಂಡದಲ್ಲಿ ಮಾಡುವ ಕಳಕಳಿ ವಿನಂತಿ ಧಯಮಾಡಿ ಸಿನಿಮಾವನ್ನು corona effect ಬಳಿಕ re release ಮಾಡಿ nನನ್ನ ಈ ಕೋರಿಕೆಯನ್ನು ಚಿತ್ರತಂಡಕ್ಕೆ ತಿಳಿಸಿ,0
parthasarathi ಲೆ ಗತಿಗೆಟ್ಟು ಮುಂಡೆ ನಿಮ್ಮ ಲುಚ್ಛನ್ ತರ ಬೇರೆ ಲ್ಯಾಂಗ್ವೇಜ್ ಅವ್ರಿಗೆ ಬಕೆಟ್ ಹಿಡುದು ಸೈಡ್ ರೋಲ್ ಮಾಡಿಲ್ಲ ನಮ್ d boss ಪೈಲ್ಸ್ ಮ್ಯಾನ್ ಅಂತೇ ಬಾಡಿ ನೇ ಇಲ್ಲಾ ಅವುನ್ ನ ಪೈಲ್ವಾನ್ ಅಂತೀರಾ ಮತ್ತೆ ನಮ್ ಬಾಸ್ year ಅಲ್ಲಿ 3 boxoffice hit ಆಗೋದನ್ನ ಒಪ್ಪಿಕೊಳೋಲ್ಲಾ ಯಾಕ್ರೆ ಮುಂಡೇರೆ ಯಾವುದು ಮೊಡ್ದು ತುಣ್ಣಿ ಸಿಗ್ಲಿಲ್ವಾ,2
dia name meaning yenu,0
avinash bere language movies na beggers thara nodo kachda janagal irovargu kannada movies ge bele iralla bro,4
ಕಿಚ್ಚ ಸುದೀಪ ಅಣ್ಣನ ಅಭಿಮಾನಿಗಳಿಂದ ಕಡೆಯಿಂದ ಆಲ್ ದಿ ಬೆಸ್ಟ್ nಚರಿತ್ರೆ ಸೃಷ್ಟಿ ಅಗೋದು ಪಕ್ಕ,0
nimma narayana na avathara charithre srustisali olledagali,0
ವಾವ್ ಸಕ್ಕತ್ ಆಗಿದೆ ಗುರು,0
ಇದು ಸ್ಲೋ ಅಡಿಕ್ಟ್ ಸಾಂಗ್ ಗುರು nಅಡಿಕ್ಟ್ ಆಗೋದು ಪಕ್ಕಾ,0
bro nivu super,0
bro a game yavdu,0
ಸ್ವಲ್ಪ ದಿನದ ಹಿಂದೆ ಈ ಮೂವಿ ನೋಡ್ದೆ ನಿಜವಾಗಲೂ ಅದ್ಬುತವಾದ ಮೂವಿ ಥೀಯೇಟರ್ನಲ್ಲಿ ನೋಡ್ಲಿಲ್ವಾಲ ಅಂತ ತುಂಬಾ ಫೀಲ್ ಆಯ್ತು,0
ನಿನ್ ಅಡ್ತಿರೋ pubge ನು ಚೈನ ದೆ ಅದನ್ನು uninstall madu,2
super jai d boss,0
nivu helodu sari china app ban agalebeku,0
nam guru songs always different,0
no 1 trading guru asn,5
ತೊಗರಿ ತಿಪ್ಪ ಭಾಗ 2 ಅಪ್ಪ್ಲೊಡ ಮಾಡಿರಿ,0
ಾನು ನೀನು thank you bro,0
ಹೊಲಸ ರಾಜಕಿಯ ದಿಂದ ನಮ್ಮ ದೆಶ ಅದಕ್ಕೆ ಹಿಂದ ಉಳಿದಿದೆ,4
ಏನ್ ಹೇಳೋಣ nsimply ಸೂಪರ್ nದಿಯಾ ಮಾತ್ರ ಅಲ್ಲ ಇಂಥಹ ಹಲವು ಸಿನಿಮಾಗಳು ಗೆಲ್ಲುತ್ತಾ ಇಲ್ಲ ನನ್ನ ಪ್ರಕಾರ ಥಿಯೇಟರ್ ನ ಟಿಕೆಟ್ ಬೆಲೆ ಕಡಿಮೆ ಅಗಬೇಕು,1
nice infromation brother n but ella problems bagge matdiri solution en madbeku anta helivalaa brother ivelladakku solution andre money namma tax amount govt alva n nsimple agi helbeku andre main problem politics anta ella gottu adkke solution nive helida haage revolution n aa revolution prajaakeeya ivg strt agide nivu adakke kai jodisbeku alva idu correct,0
nikal lowde osmmm dialogue bro,4
ಸೋಮಣ್ಣ ಮಾಚಿಮಾಡ super,0
hit moviee kannada hit movie pakka,5
ಚಂದನ್ ಶೆಟ್ಟಿ ಟ್ರೊಲ್ ವಿಡಿಯೋ ನೀವು ನೋಡಿ ನೆಗಡ್ಡೆ ಇದ್ರೆ ನಾವ್ ಗ್ಯಾರಂಟಿ,0
ಏನಾದರೂ ತಪ್ಪಿದ್ದರೆ ಕ್ಷಮೆ ಇರಲಿ nಹೀಗೆ support ಮಾಡ್ತೀರಿ ನಾನು ನಿಮಗೆ entertainment ಕೊಡ್ತಿರ್ತಿನಿ nಹಾಗೆ instgram ಅಲ್ಲೂ ಕೂಡ follow ಮಾಡಿn,0
ಸರ್ ನಿಮಗೂ ನಿಮ್ಮ ಕುಟುಂಬಕ್ಕೂ ತಾಯಿ ಚಾಮುಂಡೇಶ್ವರಿ ಆರೋಗ್ಯ ಆಯುಷ್ಯ ಕೊಟ್ಟು ಕಾಪಾಡಲಿ,0
good luck for rakshit shetty sir and his team frm kiccha sudeep sir fans,0
chinna app delete madi pla,4
shetty no klnap no kkjjmb nn,5
bere bashyalli anuvadha maadi,0
rao,5
inta kithhodda sule maklige tiktok ban agedu olled aithu,4
neo ನಾನು ಎಲ್ಲಾ 3 ಚಿತ್ರಗಳನ್ನು ನೋಡಿದೆ ನನಗೆ ಇಷ್ಟ ಆಯ್ತು in fact it ninspired me to think creative ಆದ್ರೆ ಮೂವಿ ಗೆಲ್ಲಿಸೋಕೆ ಕೆಲವರಿಂದಾನೆ ಸಾಧ್ಯ ಇಲ್ವಲ್ಲ,0
kicchana abhimanigala kadeyinda alll the best pakka,0
kannadadalle bandilla innu,0
janapada in north karnatak,0
ಮೂವಿಗಾಗಿ ಕಾಯುತ್ತಿರುವವರು ಲೈಕ್ ಮಾಡಿ,0
tik tok bevarsigalanna chaina gadiyalli chaddiyalli bomb ettu chaina kade odisa beku avaga sari agutte,3
k k nimmayyi tulla hattava,2
looks promising,0
super super boss,5
sara super nivu holleya kalaviddaru sara nivu nuraru varusa chanagiri,0
spr hero raksitsetty sir,5
nice dialogue nan ondhu sari sathidini enondu sala sayalla,0
super duper comedy,0
ena kachadagolo nivu istella adru tik tok bidalla antirallo nivella nam indea davara tu nima janmakke,4
flop movie boring,4
ganeshakar hlo ಹೇಳಪ್ಪ ಇದಿನಿ,0
ಡಾನ್ಸ್ ಸ್ಟೆಪ್ಸ್ ನೋಡ್ರೆ ನಮ್ ಶಂಕರನಾಗ್ ನೆಂಪಾಗ್ತಾವ್ರೆ ಆದ್ರೂ ಸಾಂಗ್ ಸೂಪರ್ ಮತ್ತು ಡಾನ್ಸ್ ಸೂಪರ್ ಸಿನೆಮಾನೂ ಸೂಪರಾಗಿರುತ್ತೆ,0
ಟಿಕ್ ಟಾಕ್ ಬ್ಯಾನ್ ಮಾಡಿದ್ದೂ ಒಳ್ಳೆ ವಿಷಯ ಚೈನೀಸ್ ಅಪ್ ಗಳೆಲ್ಲ ಬ್ಯಾನ್ ಮಾಡಿದ್ದೂ ತುಂಬಾ ತುಂಬಾ ಒಳ್ಳೆ ವಿಷಯ,0
rashmikage vs takkange ede e song super guru,0
abbabba super movie,0
ಸತ್ಯವಾಗಲು ಸರ್ ನನಗೂ ಕೂಡ ಹಾಗೆ ಅನಿಸುತ್ತಿದೆ ಕಂಡಿತ ನಾವು ಈ ಸಿನಿಮಾ ಥಿಯೇಟರ್ ನಲ್ಲಿ ನೋಡಲಿಲ್ಲ ಅನ್ನೋ ಬೇಜಾರು ತುಂಬಾ ಆಗಿದೆ,1
mallad luccha fans nimma luccha suderpdu movie nodo ella flop agtive side actor get fit baavali age eddane balegaara correctagi tindu barlike hell baavali,4
ರಕ್ಷಿತ್ ಎಂಬುದು ಹೆಸರು asn ಎಂಬುದು ಎಮೋಷನ್,0
parthasarathi ನಿನ್ ತುಲ್ಲ್ ನೋಡ್ಬೇಕ್ ನಾನು plz send ur address,2
ಎಲ್ಲಿ ವರೆಗು ನಿವು ಟೈಟಲ್ ಕೆಳಿ ಸಿನಿಮಾ ಒಪ್ಪಿ ಕೊಳ್ಳುತ್ತಿರೊ ಅಲ್ಲಿವರೆಗೆ ನಿಮ್ಮ ಯಶಸ್ಸಿನ ಬಾಗಿಲ ನಿಮ್ಮ ಪಕ್ಕದಲ್ಲಿ ಇರುತ್ತೆ ವಿನಃ ಅದು ತೆರೆಯಲ್ಲ ಅಣ್ಣ ನಮ್ಮಂತ ಮಾಸ್ ಆಡಿಯನ್ಸ್ ಗೆnನಿವು ತುಂಬ ಒಳ್ಳೆಯ ನಟ ಸ್ವಲ್ಪ ಎಚ್ಚರಿಕೆಯಿಂದ ಕಥೆನ ಸೆಲೆಕ್ಟ್ ಮಾಡಿ ನಿಮಗೆ ಕಂಡಿತ ಒಳ್ಳೆಯದಾಗುತ್ತೆ,0
boss mania kaili aagde iro shandru mai paruchkotave nnadak naav tale kedskolalla nndagar na nam karnataka dalle yavangu gottilla inna other state,3
jai d boss appu,0
great work bro,5
sir movie bagge eradu matilla adre ivatu multiplex jasti agi bittive rate kooda bhayankara ondu nominal price idre hogbahudu tumba janru kooda primenalli,1
ellla ok kannada kammmi aytu nimm mathalli,3
tiktok ban madidre desh ke walendu,0
ಬಾರಿ ಐತೀ ಬಾರಿ ಅಂದ್ರ ಬಾರಿ ಬಾರಿnಅನಾಹುತ್ ಅಂದ್ರ ಅನಾಹುತ್ ಐತಿn,0
ಈಗಿನ ಕಾಲದ ಸ್ವಾಭಿಮಾನಿ ಮನುಷ್ಯ hand s up sir,0
ಸೂಪರ್ ಅಣ್ಣ,0
chutiyaa ganesh gintaa olle movie irutthe bidu guru idu ganesh ge olle swamake maadoke helu modlu,2
nin yavag nodidde baggi avn potential muchole,2
raj tulunad and kannada bashe meli abhimana super guru,0
nyc bro,5
king is back,5
come back prajwal,5
k k nin amman thulle shaata bekaadre helu nin chulbort movie hair wig ge dagaar boss cutout bekaadre helu dappa sodane hodkodtivi ondu maatu helu saaku haage shaatad haara redi maadustivi ashtu salalilla andre helu mettin haara maadustivi dagaar fans nin amman ganda dagaar soole maga hale aanti iddange idaanallo avnige kodu bale,2
ನನಗು same ಹಂಗೇ ಅನ್ನಿಸ್ತು,0
wt a question bro,5
bro suprb ur voice is amazing,5
cp pakka,0
100 times correct,5
tiktok ದೂಳು ivathinda,1
aadu nane broo soul naa replacement maddee bere body gee antha aansthidee,4
super song,5
allige ella beda just ondhu rally attend madli,3
i ಸೂಪರ್ brother,0
trailer supernlast music like a telugu movie raakshasudu,5
ಅನ್ನ ನೀಡುವ ಯಾವ ಕೆಲಸವೂ ಕಡಿಮೆಯಲ್ಲ ಶಂಕರರವರೆ ನಿಮ್ಮn ಸ್ವಾ ಭಿಮಾನಿ ಜೀವನಕ್ಕೆ nನನ್ನ ದೊಂದು ಸಲಾಂ,0
nachike agtide nange enthado dod dod heros movi chennagildiddruu odtave,4
avanu allla bro avaru annabeku,1
bro super bro allarigu artha agothara alidira,0
e nayi nann makkalage thiliyode illa,1
ನಿಮ್ಮ ನಾಯಕರಿಗೆ ಹೇಗೆ ಬೇಕಾದರೂ ಹೊಗಳಿಕೊಳ್ಳಿ ಆದರೆ ಇಲ್ಲಿ ರಶ್ಮಿಕಾ ಮಂದಣ್ಣನವರನ್ನು ಎಳೆದು ತರುವುದು ಏಕೆ,2
hindi walo nlike pelo,5
asn film nodoru like maadi,0
k s karthik yash fernd nanbarn9916102619 devaraj,5
i like dis song i not like k g f,3
ಡಿ ಬಾಸ್ ಅಭಿಮಾನಿಗಳ ಕಡೆಯಿಂದ all the best,0
sᴛᴜᴅɪᴏ yen bekaadru baiko naan yaav hero blind fan alla nin thara,2
signature steps awesome pakka tag agthe,0
ಪ್ರಜ್ವಲ್ ದೇವರಾಜ್ ಅವರು ಕ್ಲಾಸ್ ಗಿಂತ ಮಾಸ್ ಸೂಪರ್ ಅನ್ನೋರು ಲೈಕ್ ಮಾಡಿ,0
nice movie like from tamilnadu,5
an anna nivu super bidi anna nivu,0
movie super agidhe,0
patel i am not blaming india bro,5
kumar c ೧೦೦ ನಿಜ ಹೇಳಿದೆ ಗುರು,0
super song,0
is different song full ishtar aytu movie ellaru nodri,0
super guru est chennagi arta madisidira,0
ನಿಜnnn ಇದು ಚರಿತ್ರೆ ಸೃಷ್ಟಿಸೊ ಅವತಾರnnnಕೆಜಿಎಫ್ ದಾಖಲೆ ಮುರಿದುಹೋಗುತ್ತದೆnnಕೆಜಿಎಫ್ ಚಾಪ್ಟರ್ 2nಬಂದು ಇದರ ದಾಖಲೆ ಮುರಿಯಬೇಕು ಅಷ್ಟೇ ಅದು ಸಹ ಅನುಮಾನnnಯಾಕೆಂದರೆnಮುಂದೆ ಪುಣ್ಯಕೋಟಿ ಬರ್ತಾ ಇದೆ,0
i feel sandalwood have not lost shankarnag after seeing rs2,0
nice bro nanu ella china apps delete madidini,0
ನಮ್ಮ ಕನ್ನಡ ಇಂಡಸ್ಟ್ರಿ ಯಾಕೆ ನಮ್ಮ ಕಲಾವಿದರನ್ನ ಕೈ ಬಿಡ್ತಿರಾ,0
manjunatha manju,5
ಫೆಂಟಾಸ್ಟಿಕ್ ಸಾಂಗ್ ಇನ್ ಕನ್ನಡ ಇಂಡಸ್ಟ್ರಿ ಫುಲ್ ಡಿಫರೆಂಟ್ ಟೈಪ್ song ಫುಲ್ ಗಿಚ್ಚ,0
wow exlent verry new dfrent yellu kelilla nodilla danyavadagalu,0
spr song,1
super guru iam proud my india,0
elru nodle bekadaa video,0
very good movie,0
nivu yaste ugudru sariagla,0
100 nija edu,0
nice bro jai d boss,5
k k nin amman thika nayi keyya dagaar darshan elladru neenu huttakintha munche nin appan munche koting kottidda ansutte soole magne nin amman dengaa,2
alla inta olle video gu dislike madtaralva avrige manaviyate manushyatva olle guna kuda illa ansutte enta swabhimani vyakti weekness na kuda strenth agi madkond swabhimani agi jeevna madtidaralva great sir,0
shankar patil ಸುಪ್ಪರ,5
ಚಂದನ್ ಶೆಟ್ಟಿ ಟ್ರೊಲ್ ವಿಡಿಯೋ ನೀವು ನೋಡಿ ನೆಗಡ್ಡೆ ಇದ್ರೆ ನಾವ್ ಗ್ಯಾರಂಟಿ,0
super song,0
ತಗೋ ಗುರು ನಂದೊಂದು ಲೈಕ್,0
yelli tanka jana moodnambke bidalvo alli tanka inta shatnayakru useless videos haktane irrtare guru nmahabharata tumba olle moral story jeevanakke bekagiro tumba paata ide idralli adunella use madkondu olle jeevna madbeku aste,1
ಕಲ್ಪನಾಲೊಕಕ್ಕೆ ಮಿತಿ ಇಲ್ಲ ತೊಗರಿ ತಿಪ್ಪ ನಾಟಕ ಮನೆಮಾತಾಗಿತ್ತು ದನ್ಯವಾದಗಳು,0
pap pabap pap pabapabapap ntin ti din tin tiditididinnread in a flownnadditcted,5
macha neen badukbeka,2
super bindu ge takkar kottidira bro,0
yaka anna difference madtira aapa aapane maga magane both are good nly,2
pls ellaru nodi views jasti madi pls its a request,0
ha nam manegu bandiida,1
shivu rajkumarnpunith rajkumarnraghavendra rajkumarnavvr ge chance kodda beku pappa,4
nimdu bari ide aagoythu telegu avaru copy maadudre tm movie nodthira kannada davru own aagi maadudru kyathe thegithira,4
le tiktok huchhu sulemakle,4
bossu bgm dance,5
kumar mister modan kumor ascar yenu nobal price,0
ಇದು ಚರಿತ್ರೆ ಸ್ರುಷ್ಟಿಸೊ ಅವತಾರ,0
ellar mobile alli dia movie ide kanri theatre ge jana yake barthare heli yake online alli leak aythu movie nonline alli movie nosbodu andre jana bidthara heli neeve,3
nayak flop yaavdu antha karnataka ge gottu bidi,1
d boss fans kadeindaaa best of luck,0
ಜಾನಪದ ಹಾಸ್ಯ ತೊಗರಿ ತಿಪ್ಪ ನಾಟಕ ಸೂಪರ್,0
nan november indha kaytiddhe,1
manju kannadiga ಘಗಖಢಛಞಗಛಜ,5
ಉತ್ತರ ಕರ್ನಾಟಕದ ಭಾಗದಲ್ಲಿ ನಡೆದ ನೈಜ ಘಟನೆ ಆಧಾರಿತ ಕಥಾ ಸಂಗ್ರಹ,0
ಇದು ಚರಿತ್ರೆ ಸೃಷ್ಟಿಸೋ ಸಾಂಗ್ nಮಧ್ಯ ಸೇವನೆ ಅಭ್ಯಾಸದಿಂದ ಬೇಕಾದ್ರೆ ಮುಕ್ತಿ ಪಡೆಯಬಹುದು ಆದ್ರೆ ಈ ಸಾಂಗ್ ಇಂದ ಅಲ್ಲ ನಿಜಾ ಅನ್ನೋರು hands up ಮಾಡಿ,0
vinu ಇವ್ನು ಯಾರ್ ಗುರು ನಂದೆಲ್ಲಿ ಇಡ್ಲಿ ಅಂತವ್ನೆ,1
sir make vidieo on drone prathap,5
ಮನ ತಣಿಸುವಂತ ಕಥೆ ತುಂಬಾ ಚೆನ್ನಾಗಿದೆ,0
copycat raja rakshith shetty,2
so super cute,5
i forgot prems even is a best song maker,5
ತುಂಬಾ ವರ್ಷದ ಹಿಂದೆ ಕೇಳಿದ್ದೆ ಈಗ ಸಿಕ್ಕಿದ್ದು ಸಕತ್ ಖುಷಿ ಆಗಿದೆ,0
iddu charitre badalisuva avatara,0
bro aa game name heli,0
le tukali like dislike janakke bittaddu,3
ತೊಗರಿ ತಿಪ್ಪ ಸೂಪರ್ ಹಾಸ್ಯ ಕಥ,0
nin voice and dialogues ge fidha guru,0
superrr movie,0
super anna nija anna,0
ಉಪೇಂದ್ರ avra thara ide direction,0
anjali devi ಊಟ,1
benki guru ninu,0
kgf tera baap hai,5
super great words sir,5
super marvlese percent 365 day,5
hands upppppppp super song,0
alla ri valmiki real life na khate bardidaro real khate bardidaro avnu ganeshana hattira barsiridu avaga ramayana mahabharata nadide ella haganta ashvataama badkidane anta hege nambtira astukku adu nadidide elvo namg gotte ella adu hege aahvataama badkidane anta heltira edu bidi nivu avna nodidira bandu kate helda anta ede alla nivu hogi kelidira avaru buildope ge helirbodu edu yarige esta agidiyo avru like madi,2
wow super super super jai india,5
ಪ್ರೀತಿಗೋಸ್ಕರ ಪ್ರಾಣನೆ ಬಿಡ್ತಾರೆ,4
muchele dagar munde sule,0
ದಿಯಾ ತುಂಬಾ ಚೆನ್ನಾಗಿ ಇದೆ ಎಲ್ಲರೂ ನೊಡಿ ಆದರೆ ಚಿತ್ರಕ್ಕೆ ಸರಿಯಾದ climax ಬೆಕಾಗಿತ್ತು,3
like from kasaragod,5
nija vada mathu,0
vijay prakash,5
fantastic,0
yudda maadabeku hogabaradu katukara rasmika nmunde bhagavthgeethe,0
jaa dhinchak pooja ki songs dekh bollywoodiya,4
rex कब तक ह सकत ह र ल ज,5
devaru olleyavarige kasta kodthane adhare kay bidala,0
nagu ನಾನು ಹೇಳ್ತಿರೋದು ಇಷ್ಟೇ ಥಿಯೇಟರ್ ಅಲ್ಲೂ ನೋಡಲ್ಲ atleast ಮೊಬೈಲ್ ಆದ್ರು amazon ಅಲ್ಲಿ ನಿಯತ್ತಾಗಿ ನೋಡಿ npiracy telegram ಅಲ್ಲಿ ನೋಡ್ಬೇಡಿ ಅಂತಾ,3
plz send account details,5
ನಮ್ಮ ಕನ್ನಡ ಚಿತ್ರರಂಗ ವಿಶ್ವ ಮಟ್ಟದಲ್ಲಿ ಬೆಳಗಲಿ ಅನ್ನೋ ಆಶಯ ಇದ್ದವರು ಲೈಕ್ ಮಾಡಿ,0
ಈ ಸಿನಿಮಾ ರಿಲೀಸ್ ಆದ ಸಮಯ ಸರಿಯಿಲ್ಲ ಈ ತರ ಸಿನೆಮಾ ಸ್ಟೂಡೆಂಟ್ ಹಾಗೂ it ವಲಯದವರಿಗೆ ಹೆಚ್ಚಾಗಿ ಇಷ್ಟವಾಗುತ್ತಿತ್ತೇನೋ,3
ನಮಸ್ಕಾರ super bro,0
nakkan idhu subject andre eevag heltheeni industry change aagthide thousand times better than jaatre films of sarjas,4
great work bro nkeep it up,5
asn release in nkannada dec 27ntelugu jan 1stntamil malayalam jan 3rdnhindi jan16thnnastaralli ella mobile nalli nodi mugsirtaare aaga release maadi aden record create maadtaro n300 koti beku anta tweet maadidre saaladu ondu cinemana janagalige yav reethi talupisodu anta gottirbeku kurukshetra ide reethi promotion ilde haalagi hoytu innoo idunnoo hange maadtidaare,1
suuuuper d boss,0
ಥಿಯಾ ಸುಂದರವಾದ ರೋಮ್ಯಾಂಟಿಕ್ ಮಹಾಕಾವ್ಯವಾಗಿದ್ದು,0
enna e sulegalege troll madu guru,3
raaja prathyaksha devatha,0
super song i love it,0
gowda muchole sakku dengbeka bagsi,2
ಕ್ಲೈಮಾಕ್ಸ್ ಚೇಂಜ್ ಮಾಡಿ ರೀ ರಿಲೀಸ್ ಮಾಡಿ ಚಿತ್ರ ಸುಪರ್ ಹಿಟ್ ಆಗುತ್ತೆ ಗ್ಯಾರೆಂಟಿ,0
ಹಾಡು ಸೂಪರ್,0
sakkat matu,0
supper speech anna,0
seems like they are sallu muvi fans,3
vinu ಇವ್ನು ಯಾರ್ ಗುರು ನಂದೆಲ್ಲಿ ಇಡ್ಲಿ ಅಂತವ್ನೆ,1
avinash bere language movies na beggers thara nodo kachda janagal irovargu kannada movies ge bele iralla bro,4
ನಾನು ಒಂದ್ ಸಲ ಸತ್ತೀದ್ನಿ ಇನ್ ಒನ್ದ್ ಸಲ ಸಾಯಲ್ಲ್,0
ಚೇಳ್ ತಿನ್ನೋ ಚಪ್ಪರ್ ನನ್ಮಕ್ಳು,3
parthasarathi ನಿನ್ ತುಲ್ಲಗೆ 7ಅಪ್ ತುರ್ಕಾ,2
ivru helirodu antalla namma dharma shashtra helide ashwathhama chranjivi endu adre avru doctor manège hogidru adu doubt,1
super hit song kannada,0
one week salala reach abeku ivag ela fast ide nyc movie nodbeku etara agbhardu node nodthare jana nodo tym ivag irbeku etara agbhardu,4
e video nodi namma desha e stiti nodi bejar aytu nbangarada akki agidda bharatakke e paristi barabaradittu,4
masto togari tippa,0
prakash avru legends kannada film industry annu ee varege thegondu bandirodu avre avrinda ivthina actors ge easy agirodu nidara madyadalli kannada film industry track kalkondithu,0
unlike kottiroru ramshakkana fanse erbeku,3
ಸೂಪರ್ ಅಣ್ಣ ನೀನು,0
ಒಳ್ಳೆಯ ಕಥೆ ಯೂಟ್ಯೂಬಲ್ಲಿ ಇಂತಹ ಒಳ್ಳೆಯ ಹಾಸ್ಯಮಯವಾದ ಮತ್ತು ಜನರಿಗೆ ಅನುಕೂಲವಾಗುವ ರೀತಿಯ ಸಮಾಜಕ್ಕೆ ಸಂದೇಶ ಸಾರುವ ನೀತಿಕಥೆಗಳನ್ನು ಹಾಕಿದ್ದೀರಿ ಅವರಿಗೆ ಧನ್ಯವಾದಗಳು ಹಾಗೂ ತೊಗರಿ ತಿಪ್ಪ ಗೋಧಿ ಹುಗ್ಗಿ ಗಂಗಯ್ಯ ಒಳ್ಳೆಯ ಕಥೆಗಳನ್ನು ಅಪ್ಲೋಡ್ ಮಾಡಿ,0
nim mane ge banadhu ellva,0
arjun janyan karkond bandu music kelisiri,0
super vodis soing,0
dia nan recent aagi nodiro moviegalalli adbutha,0
making super,5
ವಿಡಿಯೋ ಇದೆಯಾ ತೊಗರಿ ತಿಪ್ಪ,0
super song awesome,0
our karnataka is great state in india,5
togari tippa super star,5
super super super,4
ಚಂದನ್ ಶೆಟ್ಟಿ ಟ್ರೊಲ್ ವಿಡಿಯೋ ನೀವು ನೋಡಿ ನೆಗಡ್ಡೆ ಇದ್ರೆ ನಾವ್ ಗ್ಯಾರಂಟಿ,1
prajwal devaraj,5
ನಿಮಗೆ ಭಗವಂತನ ಅನುಗ್ರಹ ಅನವರತ ಇರಲಿ n nಇವತ್ತಿಗೂ ನಮ್ಮದು ಮೈಸೂರು ಸಂಸ್ಥಾನವೇ ಮಹಾರಾಜರನ್ನು ಹೊರಗಿಟ್ಟು ಈ ಕಳ್ಳ ರಾಜಕಾರಣಿಗಳು ಮಾಡುವ ದಸರಾ ಮೆರವಣಿಗೆನೂ ಒಂದು ಮೆರವಣಿಗೆನೇ ಯಾವತ್ತೂ ಸಾಧ್ಯವಿಲ್ಲ ಇನ್ನಾದರೂ ಎಚ್ಛೆತ್ತು ಕೊಳ್ಳಿ,0
nav gottala d boss fans,0
ನಾವೇ thukali stars ಅಂತ ಟಿಕ್ tak maritha idru ಕೆಲ sade ಗಳು ivaga ಮನೇಲಿ ಮುಸುರೆ ತಿಕ್ಕಿ baddetava,3
oh baby once again also yaar,5
worst raaja kiyanbest prajaa kiya,5
super sir,5
ನಿಜ ನನ್ಗು ಹಾಗೆ ಆಯ್ತು ಮರ್ರೆ,0
dinadalli 18 gante malgonige kelsa yar kottru guru contact info idya,2
muccukondiro neenu ninna labaskoskara bogalbeda kendra sarakara mannu tinnuttiddara modige takattu ilva byan madakke,2
shali ಲೈ ಶ್ಯಾಟ ನಿನ್ ಅಯ್ಯನ್ ಯಾವ ಪ್ರಶ್ನೆ ಕೆಳ್ದೆ ನೀನು ಕೋಡು ನಿನ್ ನಂಬರ್ ಇಲ್ಲಾ ಆಡ್ರಸ್ ಕೋಡು ದೆವ್ರಾಣೆ ಡೈರೆಕ್ಟ್ ಆಗಿ ಉತ್ತರ ಕೊಡ್ತೀನಿ,2
sir lahari music navru karaoke uplode madtidare new song nivu uplode madi lyirical song ge karaoke add madi uplode madi,0
suppar anna i am army boy,0
dboss murkha abhimani galu,3
jaa dhinchak pooja ki songs dekh bollywoodiya,4
ಸಾಂಗ್ ಫಸ್ಟ್ ಲೈನ್ ಮ್ಯೂಸಿಕ್ ಸ್ವಲ್ಪ ಡಲ್,4
ಸುದೀಪ್ ಸರ್ ಅಂಡ್ ದರ್ಶನ್ ಸರ್ ಅವರಿಗೆ ಇರೋ ಫ್ಯಾನ್ಸ್ ಫಾಲೋಯಿಂಗ್ ರಕ್ಷಿತ್ ಶೆಟ್ಟಿ ಇಲ್ಲ ಅಂದ್ರು ಸಾಂಗ್ 2m ಮತ್ತು ಟೀಸರ್ 8 5 m ಬೆಂಕಿ ಗುರು ಮೂವಿ ವೇಟಿಂಗ್,0
r naan sigapu manithan,0
super song,5
sar nanu nemma thandhe abimani sar good luck,0
very nice speech,5
movie super boss,0
ಸೂಪರ್ ಅಣ್ಣ,0
ಈ ದೇಶದ ದುರಂತ,4
pogaru barthide wait madi guru,1
ಏನೋ ಪಾ ಅಷ್ಟ್ ಇಷ್ಟ ಆಗ್ಲಿಲ್ಲ ಏನೇನೋ ಇದೆ ಹಿಂದಿ ಪ್ರೇಕ್ಷಕರಿಗೆ ವಿಚಿತ್ರ ಎನ್ನಿಸ ಬಹದು,3
nagu ನಾನು ಹೇಳ್ತಿರೋದು ಇಷ್ಟೇ ಥಿಯೇಟರ್ ಅಲ್ಲೂ ನೋಡಲ್ಲ atleast ಮೊಬೈಲ್ ಆದ್ರು amazon ಅಲ್ಲಿ ನಿಯತ್ತಾಗಿ ನೋಡಿ npiracy telegram ಅಲ್ಲಿ ನೋಡ್ಬೇಡಿ ಅಂತಾ,3
ಶಂಕರ ಅಶ್ವತ್ ಕಷ್ಟಪಟ್ಟು ಜೀವನ ನಡೆಸುತ್ತಿರುವ ಉತ್ತಮ ಗುಣಮಟ್ಟದ ವಕ್ತಿ,0
super song bro,5
jai d boss,5
nice rakshith shetty,5
making sakat,0
super song nnn loved it,0
nange gottu ashwathama ellidane anta,0
unique tune ade thamte,1
est movie li ede tara ede same scenes,1
vitthal ಏನ್ಲ ಬಳೆಗಾರ ಲುಚ್ಛನ್ ಫ್ಯಾನ್ಸ್,2
modi ji gamana kodi namma sath nemage ide,0
houdu ri promote matadbeku,0
yen quality guru,0
bhai main kabhi aisa video nahi dekha kisi movie mein,5
ennu madu guru eee sule magllu du troll na,3
mallad luccha fans nimma luccha suderpdu movie nodo ella flop agtive side actor get fit baavali age eddane balegaara correctagi tindu barlike hell baavali,4
pandavaru mamsa tinthidra,0
ashwath sir acting,5
children s dan s aha jumtaka jum jum,5
thumba chanegide sir,0
tumbane chennagide haadu,0
nange aaki kastadalli idhene,2
we need hindi,5
ಈ ರೀತಿ ಬೇಧ ಭಾವ ಬೇಡ ಇಡೀ ರಾಜ್ಯದಲ್ಲಿ ಅವರನ್ನು ಇಷ್ಟ ಪಡುವ ಅಭಿಮಾನಿಗಳು ಇದ್ದಾರೆ,1
studios nನಮಸ್ಕಾರ,0
sᴛᴜᴅɪᴏ ᴍᴏᴠɪᴇs neen huttidh yav kuttige,2
fuck tik tokrs,3
r hu bro name halmodakke,2
en guru song akkan idu song andre akkan navgothalla,0
bro tiktok ban agide adhre barute ide swalpa settings ge hogi language change madi barute,4
ಅದ್ಬುತವಾಗಿದೆ ಅವನೇ ಶ್ರೀಮನ್ನಾರಾಯಣ ಚಿತ್ರದ ಹಾಡು ಹ್ಯಾಂಡ್ಸಪ್,0
ಸೂಪರ್ ಹಾಡು,0
eega ellakade ursthayirodu kannadigare,3
supper anna,0
from king k i c h h a b o s s badshaha fans all d best,5
gurudesh pandey sir remake madobadlu swamek madi sir,0
e film yarigella ista agide,0
bandhu kigiadhe ganahesruu hands up,5
le tiktok huchhu sulemakle,4
ಈ ಸಾಂಗ್ ಕೇಳಿ ರಶ್ಮಿಕಾ ಮಾದಣ್ಣ ಎಷ್ಟು ಹುರ್ಕೊಂಡಿದಾಳೊ ಅವ್ಳಿಗೆ ಒಂದು ಐಸ್,2
ಸರಿ ಇದೆ ಅಣ್ಣ,0
superb bro ur righttiktokers ge sariyag heliddira,0
shivu m hikkangutti v,1
avanige savilla adre evagu edana,0
ಕೊಳೊತೊಗಿರೊ ಕೊಬ್ಬ್ರಿ ಮಿಟಾಯಿ,0
idhu charitre srushtisuva avataara,0
hai nanoo kooda bharathnnangu aste nidde ondu dodda kayile agide,0
paramvah music hindi,0
olle kannada song anthane helbahudhu,0
wt a bgm,5
thika urkondu dislike madbittidira already nsuper song asn nnam shettru steps anthu,3
unique tune ade thamte,1
chindi bro,0
ditto shankranna kandru aa step hakovaaga,0
aadu nane broo soul naa replacement maddee bere body gee antha aansthidee,4
ಈ ಎಲ್ಲ ಅಂಶಗಳನ್ನು ಗಮನಿಸಿದರೆ ನಮ್ ದೇಶದಲ್ಲಿಯೂ ಸಾರ್ವಭೌಮತ್ವ ಇರಬೇಕಿತ್ತು ಅನ್ಸುತ್ತೆ,0
anjali devi super,5
bro super nive,5
idanna odidre nimdu kuda love marriage anta namg ansta ide,0
ಕರೆಕ್ಟ್ ಬ್ರದರ್ love you bro,0
super making super cinematography,0
narayana swag ಗೆ ಯಾರು ಫಿದಾ ಆದ್ರಿ like maadi,0
ಮಧ್ಯ ಪ್ರದೇಶದಲ್ಲಿ ಕೂಡ ಓರ್ವ ಮಹಿಳೆಗೆ ಮಹಾಭಾರತದ ಅಶ್ವತ್ಥಾಮ ಎಂದು ಪರಿಚಯ ಮಾಡಿಕೊಂಡು ಮತ್ತು ಅವಳಿಗೆ ಮಹಾಭಾರತದ ಸನ್ನಿವೇಶಗಳ ವಿಡಿಯೋವನ್ನು ಆ ಮಹಿಳೆಯ ಮನೆ ಗೋಡೆ ಮೇಲೆ ಮಹಾಭಾರತದ ದೃಶ್ಯಗಳನ್ನು ಬರುವ ಹಾಗೆ ಮಾಡಿದ್ದನಂತೆ ಹಾಗೂ ಅವಳಲ್ಲಿ ನೀನು ಯಾರಿಗೆ ಹೇಳದೇ nಈ ದೃಶ್ಯ ನೋಡಬಹುದು n ಇಲ್ಲವಾದಲ್ಲಿ ಹೇಳಿದರೆ ಈ ದೃಶ್ಯ ಕಾಣುವುದಿಲ್ಲ nಆದ್ದರಿಂದ ನೀನು ನನ್ನ ಮಾತಿನಂತೆ ನಡೆಯಬೇಕು ಎಂದು ವಚನ ತೆಗೆದುಕೊಂಡು ಅಲ್ಲಿಂದ ಅದೃಶ್ಯವಾಗಿದ್ದಾನಂತೆ,0
making super sir,5
le mc tuje dislike logoo ka kya lena dena magyaa,5
ಸುಪರ್ ಅವನೆ ಶ್ರೀಮನ ನಾರಾಯಣ,0
super ತೊಗರಿ ತಿಪ್ಪ,0
huchha venkat sene innu jeevantha ide bhaya padbeda sir,0
swabhimani shankar ashwath avru elrigu maadari u r great sir,0
ಯಾಕ್ ಗುರು ಈ ಹಾಡು ಇಷ್ಟು ಅದ್ದಿಕ್ಟ್ ಆಗ್ಬಿಟ್ಟಿದೆ,0
yaru tension agbede yakandre dislike madiravru mindrika kadeyavru,3
guru chinese mobile yen madodu,0
super kannada story togari tippa,5
ಬನ್ನಿ ಸರ್ ನಾವು driver ರೆ ದೇವರು ಯಾರಿಗೂ ಅನ್ಯಾಯ ಮಾಡೋಲ್ಲ ನಮ್ಮ ಪಾಲಿಗೆ ಬಂದಿದ್ದನ್ನ ನಾವು ಅನುಭವಿಸಲೇ ಬೇಕು god bless you sir,0
nayak ಅದಿಕ್ಕೆ ನಿಮ್ಮ ಲುಚ್ಚಾ ಹೆಂಡ್ತಿ ಮೇಲೆ ಅನುಮಾನ ಪಟ್ಟು ಡೈವರ್ಸ್ ಮಾಡೋಕೆ ಹೋಗಿದ್ದ ಯಾರೋ ಬುದ್ದಿ ಹೇಳಿದರೆ ಗಂಡರ ಗಂಡ ಜಗ ಮಿಂಡ ನಿಮ್ಮ ಕಾಮಣ್ಣ ಲುಚ್ಚಾ ಬಳೆಗಾರ,2
super song kannada,0
lovely gichhi kyaka chindi,5
super rost anna,0
sie good eveninig,5
idappa kannada song andre kfi back on track,0
100 days pakka super,5
super sr togari tippa,5
shetty wt,0
30 m,5
super agi helidera bro soooooper,0
super duper hit,0
enta song guru idu super,0
ನಿಜವಾದ ಕನ್ನಡಿಗರು ಲೈಕ್ ಮಾಡಿ ಈ ಸಿನಿಮಾ ನಮ್ಮ ಸಿನಿಮಾ ಎಂದು ಗೆಲ್ಲಿಸೋಣ,0
randhawa movie 10 rating ide,0
superb song,0
very nice tippa story,5
1 3k unlikes madiruvavru rashmika fans irbahoda super song shetre slow poison song,3
entha promotion illa hindi realise agutta annode doubt,3
ಯಾರ್ಯಾರಿಗೆ ಇಷ್ಟ ಆಗಿದೆ hands up,0
devaru nimmanna nimma kutumbavanna chennagi idali we at cab driver,0
న ప ర ఉధ త,5
idhu bari bogus,4
en helde guru sakkath tik tok madorgella super agi heldre,0
super super boss,5
yake avru uninstall madak hinde munde nodtidare andre avrige amount bartide ansutte tiktok enda,3
ವಾಸ್ತವದ ವಿವರಣೆಗೆ ಧನ್ಯವಾದ,0
chapter 2 good,5
simple star fans adoru like madi,0
all india kicha sudeep fanz like,5
story e movie plus point,0
intaha innu hadugalu kannada industryge beku annuvavaru like madi,0
ola marma leay thu ola na promote maadoke isht dodd message haktyeno d boooos fans na nodi kalthko avrella huttidaagle amman akkan antha pure kannada words kalthu bandirodu,0
super togari tippa,5
film industri is west so,5
ಹಲೋ ದಿಯಾ ಸಿನಿಮಾ ಸಂಬಂಧಪಟ್ಟವರು ನಿಮ್ಮ ಅಕೌಂಟ್ ಡೀಟೇಲ್ ಕೊಡಿ ದುಡ್ಡು ಹಾಕ್ತೀವಿ ಪ್ಲೀಸ್ ಕೊಡಿnಪ್ಲೀಸ್,0
niv correct agi helidri tiktok india dalli ban aglebeku,0
ravi kamakshi super,0
modhlu sariyagi english kaliyo childu,2
subscribe aade guru,0
dia super movie,5
ಇದು ಚರಿತ್ರೆ ಸೃಷ್ಟಿಸೊ ಅವತಾರ nಬಂದ ನೋಡು ನವ ಯುಗದ ರಣಧೀರ nಎಲ್ಲೇಲ್ಲು ರಕ್ಷಿತ್ ರಣ ಕಹಳೆಯ ಸಂಚಾರ nಇದು ಚರಿತ್ರೆ ಸೃಷ್ಟಿಸೊ ಅವತಾರ,0
anjali devi hi,5
lo nin d filme odtilla modlu anv film nodro amele bere filmge sprt madu sumne comnt akbitre film odbidutta bari builduppu,3
kannada films going next level,5
entaha adbhutava movie,0
kinyaje yen promotion madtare ivaru bengaluru bittu yelladru hogtara promotion madakke ntamil,4
aadu nane broo soul naa replacement maddee bere body gee antha aansthidee,4
v u wanna go there,5
driver superb sir nobbara hangilladanthe badukbodu nnamma jeevana dalli olledu ketdu aagle beku ade jeevana,0
promotion chennag madilla,1
mujhe kuch smjh nhi aaya but i luv this song,5
kannadada matthondu maligallu,0
super songs from,5
looks like it s a suspense movie,5
ಇದು ಚರಿತ್ರೆ ಸೃಷ್ಟ್ರಿಸಿದ ಅವತಾರ,0
y boss yaro sade,1
gowda genius,5
hats off to news channel nಅದ್ಭುತವಾದ ವ್ಯಕ್ತಿಯನ್ನು ಪರಿಚಯಿಸಿದ್ದಕ್ಕೆ,0
tiktok matra alla bro chaina du ellanu ban madbeku,1
charitre srustiso avatara,0
bro super neevu,0
shapaa kottavane krishna avre ivaga badhukilla anthavreee,1
parthasarathi ಬಂದ್ರೆ ತಿಕಾ ದೆಂಗ್ತಿನಿ ಎಷ್ಟೇ ನಿನ್ ರೇಟು ಹಡ್ಬಿ ಸೂಳೆ ಆ ಲುಚ್ಛನ್ ಫ್ಯಾನ್ ಅಂತೇ ಅವುಂದು ತುಣ್ಣಿ ಉಣ್ಣು ಹೋಗಿ ಲೋಫರ್ ಸೂಳೆ,2
obba batta na gi e rethi bare you du sare alla namma darmmake nave,3
super kannada film industry changing,5
ಸರಿಯಾಗಿ ಹೇಳಿದಿರಿ ಬ್ರದರ್,0
nusarath nadaf suparandhttp,5
guru ninge naanu dodda fan,0
ಅಪೊಲೊ ಆಸ್ಪತ್ರೆಗೆ ಸೇರಿಸಿದರೆ ಎಲ್ಲ ಸರಿಹೊಗುತ್ತೆ,0
just say wow,5
ಕಷ್ಟ ಎಲ್ಲರಿಗೂ ಇದೆ sir ಅದನ್ನು ಮೆಟ್ಟಿ ನಿಲ್ಲಿ ಈಗ ಹೇಗಿದ್ರು ಫಿಲ್ಮ್ ಗೆ ಚಾನ್ಸ್ ಗಳು ಸಿಕ್ತಿವೆ ಖುಷಿಯಾಗಿರಿ,0
sir nimma swabhimana innu jasthi agli hage devru nimge innu jasthi shakthi kodli antha devaranna nanu kelikolluthene,0
ashwath avarge takka maga,0
yaar guru idnu kooda dislike maadidare,1
neen yaro psyko irbeku adike hinge mathad tha idiya,2
ವಾವ್ ಸೂಪರ್ ಹಿಟ್,0
ಚಂದನ್ ಶೆಟ್ಟಿ ಟ್ರೊಲ್ ವಿಡಿಯೋ ನೀವು ನೋಡಿ ನೆಗಡ್ಡೆ ಇದ್ರೆ ನಾವ್ ಗ್ಯಾರಂಟಿ,4
superagi heludri bro,0
enna e sulegalege troll madu guru,3
26k dislikes nthese are rashmika fans,3
100 million agalla bro,1
daridra rajkaranadinda kelsane sigtilla guru company factory yella muccho stitili idare,0
1 on trending,0
siddu hehehe,5
vivek means awesome,5
parthasarathienu nan amman akkan andidina thu nina modlu nind nodko nan innu odta idini shoki mado yava necessity nu illa nange nim appa amma na baydu nan en madli nkelsa madtini antidya taleli buddi idya en ide ndarshan bagr helak nen yavanu,2
tik tok almadidu aythu innu instagram alva anna nam support ede anna,0
love u boss,0
bro nan kade enda nimg gondhu salam,0
ಚಂದನ್ ಶೆಟ್ಟಿ ಟ್ರೊಲ್ ವಿಡಿಯೋ ನೀವು ನೋಡಿ ನೆಗಡ್ಡೆ ಇದ್ರೆ ನಾವ್ ಗ್ಯಾರಂಟಿ,0
ಇದು ನಿಜಾನಾ ಗುರುವೇ,0
parthasarathi ನಂದಿನಿ ಪಾರ್ಥ ಸಾರಥಿ ನಿನ್ ತುಲ್ಲು ಗೊಬ್ಬರ,2
sandeep nkv super,5
ತೊಗರಿ ತಿಪ್ಪ ಸೂಪರ್ ಸ್ಟಾರ್,0
r ayyo hogo thukalli gandu,2
kannadigaru dislike madbardu,1
this comment deserves more likes,5
hoooo tik tok ban,4
anna nenu super super anna,0
ಥೂ ನಿಮ್ಮ ಮೊದಲು ನಮ್ಮ ದೇಶ ನಮ್ಮ ದೇಶಕ್ಕೋಸ್ಕರ ಬದುಕಿ ಚೀನಾದವರ ನೀವು ಚೀನಾದ ಅವರಿಗೋಸ್ಕರ ಬದುಕಬೇಡಿ ನಮ್ ದೇಶ ನಮ್ ನಾಡನ್ನು ಬೆಳೆಸಿ ಮೊದಲು,3
modlu keldaga mamuli song ashtukke ashte annusthu,1
jack sparrow r s,5
friend s block tickets kuda sigalla,0
super song,5
jai d boss,5
all d best from ballari ntr fans,5
anna adu real story,0
tik tok vade gala,5
super guru ninu,0
sir movie bagge eradu matilla adre ivatu multiplex jasti agi bittive rate kooda bhayankara ondu nominal price idre hogbahudu tumba janru kooda primenalli,1
chinna app delete madi pla,4
hands up,5
super kerala rakshith shetty fans like maadi ലൈക്ക് അടിക്കൂ സുഹൃത്തുക്കളെ,5
girija shivanada hi,5
adi dia super acting,0
ಇದು ಸುಳ್ಳು ಚೀನಾ ಕಾರ್ಮಿಕರಿಗೆ ಗಂಟೆ ಲೆಕ್ಕದಲ್ಲಿ ಸಂಬಳ ಕೊಡುತ್ತಾರೆ,3
shobha a,5
avane nam huduga,0
beard and walking style,5
super sweet song,5
rana song guru my boss singging vijay prakash love u sar,0
ತುಂಬ ಚನ್ನಾಗಿ ಅಥ೯ವಾಗುವ ರೀತಿ ಮಾಹಿತಿ ನೀಡಿದ್ದಿರಾ ಧನ್ಯವಾದಗಳು,0
ಡಾ ಶಂಭು ಬಳಿಗಾರರ ಮಾತು ಹುಗ್ಗಿ ಹಾಲು ಉಂಡಷ್ಟು ರುಚಿ ನಾನು ಬಾಲ್ಯದಿಂದಲೇ ಅವರ ಈ ಹಾಸ್ಯ ಕಥೆಗಳನ್ನು ಕೇಳುತ್ತ ಬೆಳೆದವನು,0
heroine ge jamba ella,0
trend setting song,0
soorgoli namdhu kolar guru,0
ತನ್ನ ಉತ್ತಮ ಗುಣಮಟ್ಟವನ್ನು ಸಾಬೀತು ಮಾಡುತ್ತಾ ಮುಂದೆ ಸಾಗುತ್ತಿದೆ we love you ಮಸ್ತಮಗಾ team,0
s uh,0
ಹೊಲಸ ರಾಜಕಿಯ ದಿಂದ ನಮ್ಮ ದೆಶ ಅದಕ್ಕೆ ಹಿಂದ ಉಳಿದಿದೆ,4
hata best d boss fans,0
nim maaathu elrugu kelsohagididdre thumba olledagtitthu,0
nan sigapu manithan remake,5
super songs,5
pakka movie channagirutte nn suspense movie for sure,0
ಪದೆ ಪದೆ ಕೇಳೊ ಮ್ಯೂಸಿಕ್ ಗೆ ಶರಣು ನಾರಾಯಣ ಇವನೇ ನಾರಾಯಣ,0
movie nodilla andre nimagu hands up,0
castisam hogbeku jati tegibeku racisam tegibeku hindu dhrama vaggudbeku desh mund hoguthe,0
sir in mamata kotigobba,0
monster_kannada nim maneg bande iru ning hosa tengi sigtale 4monts admele soo be happy bro nim amman sule magne,2
super song and super singer sir,0
fan war bittu dhayvittu ee movie ge support madrappa nam kannada movie hollywood level ge barli,0
kannada super song super boss hands up,0
tik tok rip bro,5
kannada s,5
ಕಳಪೆ ವಸ್ತುಗಳ್ನು ಉತ್ಪದಾನೆ ಮಾಡಿ ಬೇರೆಯವರ ಹೊಟ್ಟೆಮೇಲೆ ಒಡಿಯೋದು ತಪ್ಪಲ್ವ,1
what a song jai kannada,0
volledagli sir nimge,0
curiousity thumba jaasthi aagthide bega release maddri,0
namma kannada chitrarangakke jai yaarige kannada bagge hemme idiyo like maadi,0
paramatma sumne irappa loss agoke avar en bikari ella neev olle thukali build up kodta idira sumne,2
ಇದು ಚರಿತ್ರೆ ಸೃಷ್ಟಿಸೋಅವತಾರ n,0
a hu niamman kalskodu keydu kolve baavi madi kalsthini olike eldu snana madkollivanthe thuldeepannan pans for a reason caste dogs,2
en anna nim mathgalu mika instadalli sigtave bidi anna,2
super bro sakkathagide bro,0
tereya abhinayada indide jeevanada pathra,0
ಜೈ ಭುವನೇಶ್ವರಿ,0
tik tok beku anthideralla kelobbru nim antha thale edukaru bere yaru ella namma arthikathe nela kachhisida country ge nimma support alva nijvada shathrugalu avr alla nam ollgadey ero nivu,3
hats up karnataka,5
avanige gaya vasi agbeku andre avnu krishna na bhakti madi vasi madbeku eela kaliyuga nasa agbeku,4
ee song nodtha eroru ennomme trailer nodi,0
one time ge songe artha agolla pakka bt kelbeku ennond sari ansatte,5
ಬಸವರಾಜ ಕೆಂಚರಡ್ಡಿ,0
jai d boss,0
flop movie boring,4
ide tara ide kate bere basheli bandre hododi nodteera ade kannadadalli bandre yakro nodalla,4
super song sing by vijay prakash,5
astena sir innu sawlpa chanagi hellbekithu tik tok kalli galige super guru,0
super song kannada,5
bro i like ur speech,5
ಹಾಡು ಮಾತ್ರ,0
gadag our city,5
anjali devi nnice,5
mast aitu tik tok ban maadi evella odo du bare yodu bittu bari tirpe shoki maadi nandu istu talent ankotir wa yalla dabba nan maklige sari yaagi paata kalisi dange aitu study bage awrige care idde iddilla iga nodona yestu awar talent anta taawe tik tok maadi tammanne brilliant anta tilkoluwara talente,3
ಪ್ರಪಂಚವನ್ನೇ ನಡುಗಿಸುತ್ತಿರುವ ಉಗ್ರವಾದ ಕರೋನಾಗೆ ಶಾಕ್ nರೂ 50,2
wow nice yavaglu keltane irbeku ansutte song,0
pakka full gicchi gilili song en song pa benki aiti pakka ella record nu muriteti jai karnataka,0
super bro super,5
super song anna,0
ಅಣ್ಣಾ ಬಾಂಡ್ ಚೆನ್ನಾಗಿ ಬೆಂಡ ಎತ್ತಿದ,1
supar stups ser,0
bro nivu supara,0
nam mane gu bandida,1
ಅಪ್ಪಟ ಕನ್ನಡ ಹಾಡು,0
dboss fans erbeku,3
syke songni am full fida,5
comedy aggie nodorige comedy nee,4
e film adru chenag odli,0
ha sir kanada movie nam janane nodthaila,4
ಇದೆಲ್ಲ ನಿಜಾನೆ ಏಕೆ ಅಂದ್ರೆ ಮಹಾಭಾರತ ನಡೆದಿರುವ ಬಗ್ಗೆ ನಮಗೆ ಗೊತ್ತಿದೆ ಅದರ ಕುರುಹುnಶ್ರೀ ಕೃಷ್ಣನ ಹೃದಯ ಈಗಲೂ ಪೂರಿ ಜಗನ್ನಾಥ್ ದೇವಸ್ಥನದಲ್ಲಿ ಜೀವಂತವಾಗಿ ಇರುವುದುn ನಮ್ಮ ಕೆಲವು ರಾಜಕಾಿಣಿಗಳು taxnಹಣ ದೋಚುವ ಬಗ್ಗೆ ಹೆಚ್ಚಿನ ಆಸಕ್ತಿಯನ್ನು ಹೊಂದಿರುತ್ತಾರೆ ಆದ್ದರಿಂದ ಇಂತಹ ಅನೇಕ ವಿಚಾರಗಳು ಯಾರಿಗೂ ತಿಳಿದಿಲ್ಲ,1
movie releaseagli guru,0
parthasarathi joi d boos,5
i think sanskrit,5
le gandu nan magane,1
ಇದು ಚರಿತ್ರೆ ಸೃಷ್ಟಿಸೊ ಅವತಾರ nನಾರಾಯಣ ನ ಅವತಾರ,0
ನನಗೆ ಈ ಹಾಡಿನಲ್ಲಿ ಜಾಸ್ತಿ ಇಷ್ಟ ಆಗಿದ್ದು ಕನ್ನಡ ಸಾಹಿತ್ಯ ಮತ್ತು ಹಿನ್ನೆಲೆ ಸಂಗೀತ ಅತೀ ಮುಖ್ಯವಾಗಿ ಅವನ ಗತ್ತು ಮತ್ತು ನಟನೆ,0
ಒಂದು ಮಿಲಿಯನ್ ಆದಮೇಲೆ ಯಾರ್ಯಾರು ನೋಡ್ತಾ ಇದೀರ ಅವರು ಲೈಕ್ ಕೊಡಿ,0
igun kaldalli 60 years badkodhe kasta 5000 varsa irtara yakro janara inocentna use madkotira,3
loo nim makha muccha e video gu dislike yenro nim hendti munde haga avr character nodi kaliro life andre yenu antha thu nanmakla,4
ಚೀನಾ ಎಷ್ಟೇ ಮುಂದುವರೆದಿದ್ದರೂ ಅದು ಅನ್ಯದೇಶವೇ ಹೊರತು ನಮ್ಮ ದೇಶವಾಗುವುದಿಲ್ಲ ಅವರನ್ನು ಹೊಗಳಿ ನಮ್ಮನ್ನು ತೆಗಳಿ ಯಾವುದೇ ಪ್ರಯೋಜನವಿಲ್ಲ ನಾವು ಪ್ರಜೆಗಳಾಗಿ ಯಾವರೀತಿ ನಡೆದರೆ ದೇಶವನ್ನು ಮುನ್ನಡೆಸಲು ಸಾಧ್ಯ ಎಂದು ನಮ್ಮಲ್ಲಿ ಅರಿವು ಮೂಡಿಸುವ ಸಂಘಟನೆ ಅತ್ಯಗತ್ಯ ಮೋದಿ ಸ್ವಚ್ಛ ಭಾರತ ಅಭಿಯಾನವನ್ನು ಆಡಿಕೊಂಡು ಹಂಗಿಸಿದವರೆ ಹೆಚ್ಚು ಸ್ವಚ್ಛ ಭಾರತವನ್ನು ಮೋದಿ ಮಾಡುವುದಲ್ಲ ಬದಲಾಗಿ ಅದು ದೇಶದ ನಾಗರೀಕರ ಕರ್ತವ್ಯ ಎಂದು ಒಬ್ಬರಿಗೂ ಅನಿಸಲಿಲ್ಲ ಈಗಲೂ ಮೋದಿ ಏತಿ ಎಂದರೆ ಅಲ್ಲ ಪ್ರೇತಿ ಎನ್ನುವ ಜನರಿದ್ದಾರೆ ಯಾವುದೇ ಒಳ್ಳೆಯ ಕೆಲಸಕ್ಕೆ ಕಾಲೆಳೆಯುವ ಜನರು ದೇಶದಲ್ಲಿ ತುಂಬಿ ತುಳುಕುತ್ತಿದ್ದಾರೆ ದೇಶ ದ್ರೋಹಿಗಳನ್ನು ಬೆಂಬಲಿಸುವ,1
guru avnu darshan fan alla yash fanu,2
ಬಾರ್ಡರ್ ನಲ್ಲಿಚೀನಾ ಚಕ್ಕಗಳ ಆಟ ಟಿಕ್ ಟಾಕ್ ನಲ್ಲಿ ಟ್ಯಾಲೆಂಟ್ ಇಲ್ಲದವರು ಕೊಡ್ತಾ ಇದಾರೆ ಕಾಟ ಟೋಟಲ್ ಆಗಿ ಟಿಕ್ ಟಾಕ್ ನನ್ ಶಾ,3
bro e tiktok madovrna modlu thuldu sayisbeku nbari bildup kodo sedegale erodu bvrc galu,4
kinyaje yen promotion madtare ivaru bengaluru bittu yelladru hogtara promotion madakke ntamil,4
noor noori sdi ಧನ್ಯವಾದಗಳು,0
flair gun ge hondu like,0
super trailer,5
tiktok sule makkla papa thumbs hurt agidri sadee nan gandu galuu,3
superb bro inge continue madi,0
i felt same,5
kannada badhiki bandhantaitu,1
gowda dacchu hmm aythu dagarge hosa award kodtini bandli star antha helbidu,0
hahahaha lol nidiot beggar get lost,4
paaapa konegu tik tok hoythu nayigal boglod kadme aythu,4
ವೀಡಿಯೊ ಅತ್ಯುತ್ತಮವಾಗಿದೆ ಮುಂದುವರಿಯಿರಿ ಇದು ನಿಜವಾಗಿಯೂ ಈ ವೀಡಿಯೊವನ್ನು ನೋಡಿದ ನಂತರ ನಾನು ತುಂಬಾ ನಕ್ಕಿದ್ದೇನೆ,0
sorry filmna naanu theater hogi nodlilla kshamisi super movie mobile alli nodide tappige account no heli duddu haktini,0
ನೋಡಿ ಸರ್ ಯಾವದನು ಅಲೆಗಳಗಿಲ್ಲ ನಾನು ದೇವರನ ನಂಬಲ ಅಂದರೆ ಕೃಷ್ಣನ ಖಂಡಿತಾ ನಂಬತಿನಿ,4
k n ಹೌದು ಹುಲಿಯ ಜೈ ಹುಚ್ಚಾ ವೆಂಕಟ ಸೇನೆ,0
super song bro estsari kelidaru mate kelbek ansute,0
a 10000 sathyavada maathu,0
yalla sule makkalu jasti thu,4
it s 20 09 minutes,5
be,5
hauda angadre hogi avn tunne unnu,1
m s rakahith is shit man,5
pogaru karaabu song 383k like now,4
bari telgu tamil movie nodthira ee thara movie nodi,3
nijawaglu mai romanchana aaguvantaha video idu nija irabahudu,0
ನನಗೆ ಯಾದಿ ಮೇ ಶಾದಿ ಕ್ಯಾಸೆಟ್ ಹಾಡುಗಳು ಬೇಕಾಗಿವೆ,0
ನಿಮ್ಮಗೆ ಇಷ್ಟ ಆಗಿದ್ರೆ ಸೂಪರ್ bgm ಅನಿಸಿದರೆ like ಮಾಡಿ share ಕನ್ನಡ industries power ತೋರಿಸೋಣ್ಣ,0
hands ups asn,5
ಸುದೀಪ್ ಅಣ್ಣ ಕಡೆಯಿಂದ all th e best,0
super super awesome awesome oh my god i like ur voice and song,0
super comedy drama togari tippa,5
thappu ella nima kelavodu dailog druva sarja thara ede sprrrr,0
superb song n video,0
ಹಿಂದಿ song innu yake relise agilla,0
avanige gaya vasi agbeku andre avnu krishna na bhakti madi vasi madbeku eela kaliyuga nasa agbeku,4
isske samne dabbang flop hai asn,5
ರಕ್ಷಿತ್ ಶೆಟ್ಟಿ ನಮ್ಮ ಕನ್ನಡ ಇಂಡಸ್ಟ್ರಿ ನ ಬೆಳವಣಿಗೆ ಮಾಡಲಿಕ್ಕೆ ಬಂದ ಇನ್ನೊಬ್ಬ ರಜಕುಮರ್ ಅಣ್ಣಾವ್ರು ಒಂದು ಲೈಕ್ ಮತ್ತೆ ಎಷ್ಟೊಂದು ಜನರು ಕನ್ನಡದಲ್ಲಿ ಕಾಮೆಂಟ್ ಮಾಡಿದವರಿಗೂ ಹ್ಯಾಂಡ್ಸಪ್ ಜೈ ಕರ್ನಾಟಕ ಮಾತೆ,0
hello amar prasad tumbha chenda itthu nimma ee pryatna saakashut vishyagalannu munde ittiri idu namege gothe iralilla china nijakku entha samartha desha deshpreemigale tumbiruvantha desha moodalu nammale ee daridara raajakihavannu oddu military adalita barabeku ega itndu kobbiruva raajakaarnigalaga asthi pasthigalannu ondu rupeenu beedade kitthukondu avarannu beedhi bhikharimaadidare namma desha sirivanthavaaguvudaralli no doubt,3
bro niu videos dali torso gems name yanu,0
nange e dia movie est ista agide andre adu kevala word inda helok agalla,0
gentleman trailer kis ko pasand aya hynmujy bohot acha laga hy nap ko,5
super song sir,5
super movie,5
ಹಾಡಿನ ಫುಲ್ ಅವನೇ ಶ್ರೀಮನ್ ನಾರಾಯಣ ಇದಾನೆ ಶ್ರೀ ಕೃಷ್ಣ ಅವನ ತತ್ವ ಗಳೇ ಇದಾವೆ ಲಿರಿಕ್ಸ್ bgm ಅಂದ್ರೆ ಇದು,0
all d best from dboss fansz,5
tag it to bindu lowda avalammana thikana kheya,2
enna e sulegalege troll madu guru,3
ಸುದೀಪ್ ಅಣ್ಣನ ಅಭಿಮಾನಿಗಳಿಂದ ಕಡೆಯಿಂದ ಅವನೆ ಶ್ರೀಮನ್ ನಾರಾಯಣ ಚಿತ್ರ ಶತದಿನೋತ್ಸವ ಆಚರಿಸಲೆಂದು ಶುಭಕೊರುತ್ತೆವೆ,0
ಚಂದನ್ ಶೆಟ್ಟಿ ಟ್ರೊಲ್ ವಿಡಿಯೋ ನೀವು ನೋಡಿ ನೆಗಡ್ಡೆ ಇದ್ರೆ ನಾವ್ ಗ್ಯಾರಂಟಿ,0
sir really talent andre nimde nimmantavaru beku nam deshakke,0
ವಾವ ಸುಪರ್ ಅನಾಲಸಿಸ್ನಮ್ಮ ದೇಶ ಓಳ್ಳೇದೆ ಮಾತ ಜಾಸ್ತಿ ಕೆಲಸ ಕಮ್ಮಿ ನನ್ನು ಸೇರಿ,0
good kannada films,5
ಚಿತ್ರಮಂದಿರ ಒಳಗೆ ಜನ ಬರಬೇಕು ಅಂತರೆ ಇದು ತಮಷೆ ಅಲ್ಲ ಮೊದಲು tik tok ban ಆಗಬೇಕು ಸಿನಿಮಾ ನಟ ನಟಿ tik tok ಮಾಡಬಾರದು ದೋಡ್ಡ ದೋಡ್ಡ ಸ್ಟಾರ್ ನಟರು tik tok ಬಗ್ಗೆ ದಂಗೆ ಎಳೆಬೇಕು ಸರ್ಕಾರ ಕ್ಕೆ ಮನವಿ ಮಾಡಿ tik tok ಬ್ಯಾನ್ ಮಾಡಿ ಅಂತ ಇಷ್ಟು ಕೆಲಸ ಮಾಡಿಲ್ಲ ಅಂದರೆ ಮುಂದೆ ಒಂದು ದಿನ ನಿಮ್ಮ ಸಿನಿಮಾ ನೀವೇ ನೋಡಬೇಕು,3
chinna voice super jai army,0
nayak ನಿಮ್ಮ ಅಕ್ಕುನ್ ಮಿಂಡ ನಾನೆ,2
super song,5
ಹೆಸರಿಗೆ ತಕ್ಕ ತಿಪ್ಪ ಹಾಸ್ಯಮಯ super,0
vinu nice comedy man ನಾನ್ ಕೇಳೋ ಪ್ರಶ್ನೆಗೆ ಉತ್ತರ ಹೇಳೋಕೆ ಆಗ್ದಲೆ ಇರೋ ನನ್ನ ಬಂದು ಏನೋ ಮಾಡ್ತಿಯ ಪಾಪ ನಿನ್ ನೋಡಿದ್ರೆ ಅಯ್ಯೋ ಅನ್ಸುತ್ತೆ,2
i love india,5
avnu bandiddre avana video akki,0
super anna,0
boss e nan makluge,1
ನಾನು ತುಂಬಾ ಇಷ್ಟ ಪಡೋ ಹೆಸರು ಅದು ಶಂಕರ್ ಆ ಇಬ್ಬರು ವ್ಯಕ್ತಿಗಳು ಅಂದರೆ ೧ ಶಂಕರ್ ನಾಗ್n೨ ಶಂಕರ್ ಅಶ್ವಥ್,0
i hv one doubt gay gu ivarigu en difference heli,4
make it pan india,5
barri dabba movie ne unn maado du,3
ನನ್ನ ಪ್ರಕಾರ ದಿಯಾ ಒಂದು ಅದ್ಭುತ ಸಿನಿಮಾ ನನ್ನ ಬಳಿ ಹಣ ಇದ್ದಿದ್ರೆ ೧೦೦೦ ಜನಕ್ಕೆ ಸಿನಿಮಾ ತೋರಿಸ್ತಾ ಇದ್ದೆ ಸಿನಿಮಾ ಕಥೆ ಅದ್ಭುತವಾಗಿದೆ ಸಿನಿಮಾದಲ್ಲಿ ಎಲ್ಲವೂ ಅದ್ಭುತವಾಗಿದೆ ನಾನು ಎರಡು ಬಾರಿ ಸಿನಿಮಾ ನೋಡಿದ್ದೇನೆ ದಿಯಾ ಸಿನಿಮಾ ಗೆಲ್ಲಬೇಕು ೧೦೦೦ ದಿನ ಸಿನಿಮಾ ಓಡಿದರೂ ಅಚ್ಚರಿ ಇಲ್ಲ,0
sorry nfilm thetarally nododakkagta ella nenadruu theatar open adre nan nija hogtini matte friendsnu karkondu hogtini,0
basavaraj badiger,5
send hindi vedio song link bro,0
whatsapp mumbai bazar group,5
yavga release agute,0
wow nice song,5
tune at 2,1
puneet ge power star sari shivannange hyatrik sari,0
parthasarathi ನಿನ್ ತುಲ್ಲ್ ನೋಡ್ಬೇಕ್ ನಾನು plz send ur address,2
open song edde agirlli n super music super stepn bharjari gidde songnnnalle release movie all the best god bless you nn dhruva sarja abhimanigallindan jaiii anjaneya,0
vivek g side ge hogro nim,3
super super bro,5
ondu churu chennagi illa,0
super bro,5
kach hogedu banda varu like madi,0
pakk plap movi,5
ಕನ್ನಡದಲ್ಲಿ ಪಕ್ಕಾ ಬ್ಲಾಕ್ ಬಸ್ಟರ್ ಆಗುತ್ತೆ ಆದ್ರೆ ಬೇರೆ ಭಾಷೆಗಳಲ್ಲಿ ಸರಿಯಾಗಿ ಪ್ರಮೋಷನ್ ಮಾಡ್ತಾ ಇಲ್ಲ ಹೀಗೆ ಆದ್ರೆ ಕಷ್ಟ,0
kannada nigant allli dagar andre enu artha gotta n,1
super good bro like this video song,5
stupid fans war ge antha bandre nimmakkan minda naanu samskrutha innu start madilla ninge beku andre helu start madona,2
rocking star and simple star,5
ashwathama ge korona bandru bandirabahudu,2
love diya,5
movie sakathage edi nodi,0
super comment sir,5
ಈ ಹಾಳಾದ ಕೋರೋನ ವೈರಸ್ ಬಂದು ದಿಯಾ ಲವ್ ಮಾಕಟೈಲ್ ಚಿತ್ರಗಳಿಗೆ ತುಂಬಾ ನಷ್ಟ ಉಂಟಾಗಿದೆ but don t worry u get best reviews all the best for ur nxt movies,4
ಈ ದೇಶದ ದುರಂತ,4
ಧನ್ಯವಾದಗಳು ಸ್ನೇಹಿತರೆ ನೀವು ಪುರಾಣದಲ್ಲಿ ಬರುವ ಯಲ್ಲರಿಗೂ ಬಹುವಚನ ದಿಂದ ಮಾತಾಡ್ತಿರ ಧನ್ಯವಾದಗಳು ಸ್ನೇಹಿತರೆ,0
ಸಕ್ಕತ್ತಾಗಿದೆ rock kannada rock,0
albedi sir novaaguthe sir neev albaardu,0
loo nim makha muccha e video gu dislike yenro nim hendti munde haga avr character nodi kaliro life andre yenu antha thu nanmakla,4
ನಮ್ಮ ದೇಶದಲ್ಲಿ ಎಣ್ಣೆ ಗೆ ಇಂಪಾರ್ಟೆಂಟ್ ಕೊಡ್ತಾರೆ,4
ಟೈಮ್ ಅನ್ನೋದೇ ಹೀಗೆ,0
ಎಸ್ ಸೂಪರ್ ಸಾಂಗ್,0
hudugi andre yak saytiro,1
e song kelta idre eno ondu tara feel agutte enadru e music film nalli allalli saddu madta idre film pakka industry hit all the best asn from d boss fans,0
yena lyrics guru,4
prajwal devaraj career best movie,0
yen comedy guru gulaab jamunu,0
one word awesome music,5
ಇದನ್ನೂ ಕೂಡ ಡಿಸ್ಲೈಕ್ ಮಾಡ್ತಿರಲ್ಲರೊ ಏನ್ರೊ ಎಲ್ಲಿಂದ ಬರ್ತೀರೊ ನೀವೆಲ್ಲಾ,3
rakshit shetty sir ge jai,5
nam antha talent ge bele ilaa,1
c lol judge ge lancha kottu jailge hogi bandirorna cm madiroru 420 bjp,3
ಸೂಪರ್ ಗುರು,0
ಮೆರೆಯಲಿ ಗಗನದಲಿ ನಿಮ್ಮ ಲಾಂಛನ,0
correct aag helidri bro aa lfr ge tiktok ilde idre uta nidde baralla ansatte,0
like thalapathy vijay fans,5
indian filmsnbefore asnnafter asn,5
madolla because promotion asten madilla making kgf ginta dull ede,0
avarige belesidorna thuliyodhu gottilla anda star patta bandamele friends na mariyodhu gottilla,0
ondu likes ella,1
parthasarathi nandini anta itkondidya nen hengsa nellelo hogbeda matter bage matado childe chanagiro film na chanagila antyala adrale gotagute enta kachda nenu anta bereourna aadre belsu ilwa tepug iru nim appa amma nu bereourna tulkonde bandirbeku adke nenu hinge,2
8 mostly avru ee film nalli iddare anusutte,0
intha olle video nu dislike madiroru yentha kachada nanmaklirbeku,3
vijay prakash voice is super,5
kannadiga le gubald atte alla magalaganda andangaitu,0
rakshit shetty ಅವರ ನಿಜವಾದ ಅಭಿಮಾನಿಗಳು ನಮ್ಮ ಚ್ಯಾನೆಲ್ ಗೇ subscribe ಅಗಿn,0
parthasarathi ಮುಚ್ಚಲ್ಲೇ ಮರಿ ದೊಡ್ಡಬಳ್ಳಾಪುರ ಇತಿಹಾಸ ಏನೋ ಗೋತು ರಾಜಕಮಲ್ ಗೆ ಸಿನಿಮಾ ಹೊದ್ರೆ ಕ್ಲಿನ್ ಇಲ್ಲ ವಾಸನೆ ಸರಿಯಾದ ಮೆಂಟೇನ್ಸ್ಸ್ ಇಲ್ಲ ಅವಾಗ ಕನ್ನಡ ಸಿನಿಮಾ ಹಾಕೋಡ್ರ್ಲ್ಲಿ ನಮ್ಮಗೂ ಇಷ್ಟ ಇತ್ತು ತೆಲುಗು ಸೈರ ನರಸಿಂಹ ರೆಡ್ಡಿ ಹಾಕಿಡೋನೋ ರಾಜಕಮಲ್ ಮರ್ಯಾದೆ ನೋ ಹೋಯಿತು,2
adu nambike ashte,0
rip dislikers,5
your voice super,5
shivanand kattimani 12 9 2018,5
ಎನ್ ಮಾಡೊಕಾಗುತ್ತೆ ಕೆಲವರು ನಮ್ಮೋರೆ ತೆಲುಗು ಯಾವುದಾದರು ಸಾಂಗ್ ಟ್ರೈಲರ್ ಬಂದ್ರೆ ನಾಯಿ ಕಾಯೊ ಹಾಗೆ ಕಾಯ್ತಿರ್ತರೆ,3
30 ವರ್ಷಗಳ ಹಿಂದೆ ನಾವು 7 ನೇ ತರಗತಿಯಲ್ಲಿ ಇದ್ದಾಗ ಈ ಕಥೆಯ ಕ್ಯಾಸೆಟ್ ಮುಖಾಂತರ ಕೇಳಿ ಬಹಳ ಖುಷಿಪಡುತ್ತಿದ್ದೆವು ಮತ್ತೊಮ್ಮೆ ಈ ಕಥೆಯನ್ನು ಕೇಳಲು ಅವಕಾಶ ಕಲ್ಪಿಸಿಕೊಟ್ಟ ಅಶ್ವಿನಿ ಕ್ಯಾಸೆಟ್ ಕಂಪನಿಗೆ ತುಂಬಾ ಧನ್ಯವಾದಗಳು,0
ಕೇಳಲು ಇಷ್ಟ ಆದರೆ ಇದು ನಿಜ ಅಲ್ಲ ಅನಿಸುತ್ತೆ ನನ್ನ ಪ್ರಕಾರ,1
ಪ್ರೀತಿಗೋಸ್ಕರ ಪ್ರಾಣನೆ ಬಿಡ್ತಾರೆ,4
ಜೈ ಕನ್ನಡ,0
superb dancing step s,0
ಈ ಹಾಡಿಗೇ ಥಿಯೇಟರ್ ಅಲ್ಲಿ ಸ್ಟೇಪ್ಸ್ ಹಾಕೋದೋರು ಓಂದು like ಕೋಡ್ರೋ,0
ಎಲ್ಲಾ ಭಾಷೆ ಅಲ್ಲು ಹಾಡು ತುಂಬಾ ಚೆನ್ನಾಗಿದೆ ಅಂತ ಹೇಳುವವರು ಇಲ್ಲಿ,0
ajaneesh lokanatha sir nodiyo kaliyo arujuna janya,1
ಇದೇ ಥರ ಕನ್ನಡ ಚಲನಚಿತ್ರಗಳು ಚರಿತ್ರೆ ಸೃಷ್ಟಿಸಲಿ ಇದೆ ಚರಿತ್ರೆ ಸೃಷ್ಟಿಸುವ ಅವತಾರ ಅವನೇ ಶ್ರೀಮನ್ ನಾರಾಯಣ,0
ಇದೆಲ್ಲ ಪಬ್ಲಿಸಿಟಿ stunt ಇವ್ರ ಅಪ್ಪ ಮಾಡಿದ್ ದುಡ್ಡೇಲ್ಲ ಚಿಂದಿ ಉಡಾಯ್ಸಿ ಇವಾಗ ಕಳ್ಳ ಕಣ್ಣೀರ್ ಹಾಕ್ತಾವ್ನೆ,0
rashmika manddana goskra one sari hogtini movie goskra dina hogtina,0
ajay joshi mai to pagal hu ye song ka or movie sreeman narayana ka,5
delete hadru nanu downloade made,0
jana theatre ge bandilla aadrinda collection kadime aagide,1
yen sir nivu owsome human being,0
jai hind jai indian army,0
ಜೈ ಡಿ ಬಾಸ್,0
happy happy happynfinally ban tiktokn,5
dislike kon kiya re m 0d,4
u rocked bro,5
ista aythu chhannagide,0
s kirik party movie ali heroine name,5
ಡಿ ಬಾಸ್ ಅಭಿಮಾನಿಗಳು ಲೈಕ್ ಮಾಡಿ,0
ಹಾಡು ಅತ್ಯದ್ಭತವಾಗಿ ಬಂದಿದೆ ಸಾಹಿತ್ಯ ತುಂಬಾ ಗಟ್ಟಿಯಾಗಿ ಇದೆ,0
10 ಮಿಲಿಯನ್ ವಿವ್ಸ್ ಆಗುತ್ತೆ ಅನ್ನೋರು ಲೈಕ್ ಮಾಡಿ,0
siri gannadam galge haakbitallapa thu yaro ninu lo gelge kano adhu,0
movie yavaga boss,0
hi friends nanna atira ondu kate ide adanna short movie maadbeku antha ase adre adu agtailla please saport maadi 7875182258 idu nanna no,0
super fast kate,0
kannda alli enta movie barbeku sandalwood rock,0
pubg kooda ban agbeku guru,4
tkindidtuuihbjiygi kj jmwuhmuyc,5
navu delet madi tumba dina aytu,0
ಪ್ರಜ್ವಲ್ ದೇವರಾಜ ಗೆ ಈ ಸಿನಿಮಾ ಟರ್ನಿಂಗ್ ಪಾಯಿಂಟ್ ಅಗೋಡ್4ಅಲ್ಲಿ ಅನುಮಾನನೆ ಇಲ್ಲ,5
ಸೂಪರ್ ಹೊಸ ಪ್ರಯತ್ನ,0
ಪ್ರಮೋಷನ್ ಕೊರತೆ ಇತ್ತು ದಿಯಾ ಸಿನಿಮಾಗೆ ಅದ್ಭುತ ಕನ್ನಡ ಚಿತ್ರ,1
tiktok matra alla bro chaina du ellanu ban madbeku,1
ಈ ಚಿತ್ರ ಪ್ರಜ್ವಲ್ ಅವ್ರ ಕ್ಯರಿಯರ್ ಚೇಂಜ್ ಮಾಡೋ ಹಾಗೆ ಕಾಣ್ತಿದೆ ರಾಕಿ ಭಾಯ್ ಯಶ್ ಅಭಿಮಾನಿಗಳ ಕಡೆಯಿಂದ ಶುಭಾಶಯಗಳು,0
super movei sir nanu theatre nanali nodide ade nana turpthi,0
well side bro,5
olle prayatnake olledagli jai srimannarayana,0
d boss bro dainamic price prajwal devaraj,0
sir nim movie nodi nimge thumba ista aytu adre ondu bejaru agtide nnim movie song innu 2 songs release madiri please,3
ಅಶ್ವತ್ಥಮ್ ನಿಗೆ ಎಷ್ಟು ಭಾಷೆ ಬರುತ್ತವೆ ಅಥವಾ ಯಾವ ಭಾಷೆ ಬರುತ್ತೆ,0
super ide trailer,0
shambhu baligar superr,5
ashwath ge ashwathe saati nantha mahaan natarige nanndondu doodda salaam,0
ಡಾ ಶಂಭು ಬಳಿಗಾರ ರವರ nತೊಗರಿ ತಿಪ್ಪ ಜಾನಪದ ಹಾಸ್ಯ ಚಟಾಕಿ ಅಧ್ಬುತ ನಿರೂಪಣೆ,0
ಎಲ್ಲರೂ hands up ಸೈಲೆಂಟ್ ಆಗಿರಿ ಶ್ರೀ ಮನ್ನಾ ರಾಯನ ಬಂದವ್ನೆ,0
enna views beku share madi frnds,0
song like kotigabba 2 track,0
super super super mahithi,0
sema padam nnfantastic making,0
tik talkgintha nivu mado roast best guru,0
togari tippa togari tippa sathvik sobarad,0
ಸಕ್ಕತ್ ಹುರಿದ ಗುರು olle patta kalsidya tiktok support madidha ch as galige,3
u r great sir,5
smarter than u ಮೊದ್ಲು ಕನ್ನಡ ಬಳಸಿ ಕನ್ನಡ ಲಿಪಿಯಲ್ಲೆ ಬರೆಯಿರಿ nಕನ್ನಡವೇ ಸತ್ಯ ಕನ್ನಡವೇ ನಿತ್ಯ,2
magaluru kade kalsi avanannu navu avanige maddu kodthive,0
parthasarathi ರಂಡಿ,2
d boss ಅಭಿಮಾನಿಗಳಿಂದ all the best ಸೂಪರ್ ಟ್ರೈಲರ್,0
i like it in kannada,5
ಸಾವರ್ಥ ರಾಜಕೀಯ ಮತ್ತು ರೌಡಿಸಂ ಮತ್ತು ಕೆಲಸ ಗಾರರು ಮಾಲಿಕ ನನು ರಕ್ಷಣೆ ಮಾಡಲಿಲ್ಲ,3
ಇಂಡಿಯಾದಲ್ಲಿ ಚೈನಾಗೆ ಹುಟ್ಟಿರೋ ಚಕ್ಕಗಳ ತಿಕದಲ್ಲಿ ಇನ್ನು ಸ್ವಲ್ಪ ಕಾರಪುಡಿ ಆಕ್ಬೇಕಿತ್ತು ಅನ್ಸುತ್ತೆ ಬ್ರಾ,4
sir deshadali shikshana jotege kwoshliya nu kalisabeku selp udyogada samartya barbeku nnrajakiya vektigalu adikara and hanke ase belde deshavanu munnadasabeku employment ge jobs sigo rieti nodka beku,0
manju d uttangi,5
duplicate video,4
sakath dance performance,0
ಅಣ್ಣ ಏನು ನಿನ್ನ ಮತ್ತು ಒಂದೊಂದು ಮಾತಿನಲ್ಲಿ ಅರ್ಥ ಇದೆ,0
movie nodadmele bandhoru like madi nee movie kuda fan india movie agutthe annoru like madi,0
s super chamayya mestre nimma valletana,0
ಶಂಕರ್ ಅಶ್ವಥ್ ರೊಂದಿಗೆ ಅತ್ಯಂತ ಸುಂದರವಾದ ಸಂದರ್ಶನ,0
good job goahead mahn,0
ಸಾಹಿತ್ಯನ ಬರೆದಿದ್ದಕ್ಕೆ ಧನ್ಯವಾದಗಳು,0
moorne kgf 2,5
ನೀವು ಈ ತರ ಪ್ರಯೋಗಾತ್ಮಕ ಮೋವಿಗಳನ್ನೆ ಮಾಡಿ ನಿಮ್ಗೆ ಈ ತರನೆ ಸೆಟ್ ಆಗೋದು,4
yaav movie flop andri,2
disappoint agide song keli ishtu hype kottu song bidbardu,4
ನಮ್ಮ ಕನ್ನಡ ಸಿನೆಮಾ ಮತ್ತು ಹಾಡುಗಳು ಯಾವ್ ಬಾಲಿವುಡ್ ಚಲನಚಿತ್ರಗಳು ಕಮ್ಮಿ ಇಲ್ಲಾ ಜೈ ಕರ್ನಾಟಕ,0
no 1 in trending,5
38 m,5
ಚರಿತ್ರೆ ಸೃಷ್ಟಿಸೋ ಅವತಾರ,0
navu matar use madatilla jagatinna yella deshgalu use madatidare solemagane,1
flop disaster film is on the way nಇದ್ ಎನ್ ಸಾಂಗ್ ಕುಲವ ಗುರು ಡಬ್ಬ ಸಾಂಗ್,4
hands up 308k likes nbelageddu 308k likes,4
ಹೊಲಸ ರಾಜಕಿಯ ದಿಂದ ನಮ್ಮ ದೆಶ ಅದಕ್ಕೆ ಹಿಂದ ಉಳಿದಿದೆ,4
nope i understood because im ಕನ್ನಡಿಗ,0
